product_id,length_cm,width_cm,height_cm,weight_g,material_type,fragility_label,historical_material_volume_cm3
6c999ca8-8512-48c0-8ce1-53a0fdd7856d,14.71,11.0,15.44,1439.21,fragile_liquid,3,2558.42
89a13ee1-7794-45c7-8c82-8dc5f96269f8,35.37,26.84,11.29,476.34,apparel,0,11321.33
c2b9946a-cab7-4e12-b687-fb3d09cb6db4,24.39,16.1,17.26,886.69,standard,0,7019.19
83607d3d-7cb8-400a-a611-0023ea7e6afc,16.6,8.6,22.94,1786.84,fragile_liquid,2,3085.62
043ca3cc-2f6e-4dab-a297-a750d2e565ea,28.35,17.81,7.5,140.25,apparel,0,3154.99
39d67db3-0838-472a-8411-f3e8616b5dd4,10.97,11.58,8.63,666.96,glass,3,1086.17
ae85ee9c-e96d-4b33-9305-65e3af218fbf,25.51,24.48,11.8,1733.37,electronics,2,6938.93
416cdfc5-c7db-45b1-b8e3-b53a67df0640,27.2,12.88,8.44,721.04,electronics,1,2999.86
92c27df1-350f-4248-9609-c6030a58d1c4,26.72,27.36,3.38,826.39,electronics,1,2267.04
f069967a-295b-410d-abf3-036b0720e9bd,21.1,29.36,11.07,1091.32,standard,2,8317.67
9e45f7da-cb84-4736-ad4e-4381467521f5,24.92,11.63,5.27,93.7,standard,0,1577.15
61e65dea-ec62-4583-95a2-228ee56ef5fd,16.08,12.94,9.09,1177.15,glass,2,1841.4
b110a2ad-7d9f-49a3-b549-a3d84212f251,54.0,23.69,15.61,3213.82,standard,0,19116.88
5484c818-2b80-4a20-9ed8-111bb7716aaa,14.41,8.54,8.76,706.93,glass,3,1182.6
7f31e7ce-fd21-479d-bfa2-179a52db5f26,19.72,26.71,11.63,1695.0,electronics,2,6149.67
e4a0cdf3-562e-4b14-b375-f51fe253ae7e,19.98,10.55,17.1,1976.86,fragile_liquid,3,3711.3
e950b0d7-2870-47a9-a3ca-a6f39ce63e31,49.21,40.41,8.75,696.21,apparel,0,17175.65
78e67378-6911-450d-bb2a-e8a75b7bac23,12.94,31.58,29.76,1804.4,standard,0,10960.54
569d1667-73e2-4c37-b541-195a6bc06c3b,21.79,6.82,15.39,1297.38,fragile_liquid,2,1955.98
6b192085-dc2e-447c-a042-039fde932806,5.99,23.32,13.89,72.46,apparel,0,1882.61
88c39f0e-3d14-4fef-8cce-cea0d3d8542b,10.8,15.29,5.6,169.15,electronics,3,841.59
638a2e56-afdc-40ac-a8cc-2e5b6b62c915,15.64,11.69,6.19,647.51,glass,2,1252.42
453a7091-8176-4a08-aa50-aea3ec914611,21.3,22.01,15.01,1814.65,electronics,2,7959.6
516572d7-c989-4f2c-9d2d-1f563d650231,22.92,23.13,6.74,840.55,electronics,2,3530.61
9a32f91e-5c6f-485f-aa19-c821380596a8,36.0,35.05,19.15,972.97,apparel,0,24057.77
d4782c43-43bf-4b39-b548-7c4dba07c5c0,19.77,22.49,11.5,1320.5,electronics,2,4395.55
08c54935-e0c2-4979-a231-20424e55d702,24.67,15.39,5.8,523.63,electronics,0,2239.08
d2462e2c-824a-4a1c-9a54-177f16a999d4,38.45,16.2,11.27,1008.21,standard,0,6751.67
ab2fa42c-9c1f-4441-966a-72a7dd189b67,21.25,10.81,22.7,650.11,standard,0,4295.12
d369f803-1e83-4bed-8bba-c7b1e276d6ba,11.93,11.48,14.66,1138.48,fragile_liquid,3,1676.56
8180f079-aad9-4c2f-aa42-f59e491bfcd9,12.36,13.59,9.18,895.44,glass,2,1771.07
4140b82a-826d-445c-a26e-d2201a7ba1bb,20.08,19.93,9.79,972.83,electronics,1,4332.81
d73b1559-eecf-4999-b71c-3a63120e8140,13.38,13.93,20.16,2040.32,fragile_liquid,3,3766.72
eed0a62d-5323-4135-966d-96188025cc78,40.08,25.58,14.14,564.99,apparel,0,14943.53
42841386-15fd-496f-afb2-07035ebfd0a2,26.38,19.49,7.43,1054.17,electronics,1,4330.28
10659047-552f-4259-b29d-075b33d354cf,46.49,32.92,15.5,1026.67,apparel,0,27188.52
65161f3b-480c-416c-b0df-86dd5a78362a,31.91,26.99,23.39,837.85,apparel,1,20865.58
85cec671-372c-4913-be75-3ef054ee48bb,19.6,30.03,9.13,1300.54,electronics,1,4230.03
3bb3f331-1dde-4374-8103-c77ce51ef77d,29.01,22.75,14.23,2398.77,electronics,1,10952.91
521f93a8-e858-4379-8d4d-7109934f5624,23.27,31.38,17.49,510.81,apparel,0,12943.43
ed9ee4e3-e6af-4905-ab9e-c02c73f2bf78,23.3,1.35,1.0,10.0,standard,0,34.76
f744bd7c-10eb-4f76-a419-6d74662475fb,34.44,9.51,13.38,225.19,apparel,1,4025.92
5870997e-46fc-4089-9b18-8b975cdd9e5c,11.48,16.4,4.38,121.2,electronics,1,730.97
454347c6-d38c-4660-b7d0-0a48723238a2,11.93,9.86,6.64,422.98,glass,2,901.24
e4cd64b7-7f59-4229-8d47-f5ed7869839c,8.27,8.49,9.16,389.62,glass,2,614.14
2ac22d02-a49c-4130-accc-0e1333f810aa,11.4,8.02,6.04,103.45,electronics,2,688.32
bae749d0-a134-46d3-ae45-8d3f82f9309e,41.31,29.48,1.11,252.4,standard,0,1218.1
2b45b982-91f8-476a-a6f8-41567c303ec5,25.09,24.64,11.43,1181.51,standard,0,7138.56
84545415-a662-4fca-b755-f7feb1029ae8,16.22,8.77,10.33,856.69,glass,3,1346.55
72ca977b-eafd-40b9-b99b-a28df48f5ac7,30.39,20.89,2.23,281.83,electronics,1,1427.18
dcb6e3e8-e8d2-42f6-a00d-b3e968e8cd97,50.33,29.45,16.4,942.1,apparel,0,25893.09
3557dcde-1aa9-45de-bbc3-e0b1e1e0d4b6,22.57,12.12,7.67,341.76,electronics,1,2244.57
e8798824-9eb0-4ac0-95ed-b50feb104774,40.64,25.37,6.93,277.66,apparel,0,6287.06
ecf18747-9afa-44ee-a024-707e63f5b2f9,28.13,19.49,27.8,2509.18,standard,0,14357.31
554b813b-44a1-42b1-a8b4-00b3510a7b2c,20.0,22.36,14.66,1169.59,standard,1,7199.71
5bcd6ae5-5d66-4f34-b616-cccfb935fc9c,38.42,10.71,13.48,1427.78,electronics,2,6156.91
11c42e27-c10b-42a9-9317-d1cd7e4975fa,10.54,9.04,7.73,419.47,glass,3,721.41
e23c31ea-66a2-4b97-b956-4fd9083feb7c,42.7,26.04,4.36,159.61,apparel,0,4681.47
8d141c46-ab17-457a-9046-0a68317c3fe1,21.48,15.82,4.04,331.77,electronics,0,1442.81
4c643f25-f03f-44b7-a52a-e2f241e8ff5b,35.09,26.94,11.55,1734.6,standard,2,10557.35
7d3392ef-ef54-4665-beab-939eb9b63c60,23.54,17.85,7.39,969.44,electronics,2,3470.45
2f81ba0c-4168-42d8-bcdb-16eeb584e7a4,26.02,16.63,8.02,852.66,electronics,2,3737.31
bcb8add8-4004-4a46-9653-35503527a273,18.97,17.74,12.51,680.9,standard,1,4206.15
8414535e-eb20-4282-9649-33bfde1a98c7,24.97,27.04,3.8,103.63,apparel,0,2756.21
15ae5a61-dbab-4bd8-9775-15ecde3a211a,27.41,25.96,10.12,260.95,apparel,0,7986.6
34c586b9-cfe8-4f8d-beaf-16df146be1bb,23.52,24.87,5.55,864.1,electronics,2,2464.75
5381eccb-915b-4c77-898f-7a9ec61fc9b5,9.27,12.25,9.46,595.87,glass,2,917.7
dc493f20-14ee-4c6d-b2e1-97f0ec02181d,30.3,13.99,31.15,1940.95,standard,0,12768.04
b93f2056-6cc7-48a7-a14b-5b4a04e64ea1,48.96,14.44,17.79,1797.95,standard,0,13313.7
38fe86e9-6c1f-45af-95b5-8b40f6788a85,26.17,8.7,14.68,984.62,electronics,2,3519.57
3cb0ab45-e826-4e5a-80ad-ec9718e546e9,18.56,1.0,12.61,146.46,electronics,0,275.71
5fcb0f8d-4742-47b2-a108-2eb71a42275a,29.88,1.0,17.85,130.42,standard,1,586.94
278bc45e-fb73-4b70-b731-9204743fd20a,28.68,14.83,14.12,1535.1,electronics,1,5853.43
a69b451b-c93a-49c6-a9b6-2e3f67f4dec7,16.57,6.74,6.42,283.61,electronics,0,669.45
601ab432-95b8-40bc-9c55-50dcc3598328,24.74,31.75,9.07,933.07,standard,0,7714.65
d3d4f3f8-8147-4fd4-a86a-2f738bd77297,14.72,9.91,17.49,1325.2,fragile_liquid,3,2470.39
3984e85f-d6ff-40e3-8c31-25fc48a9e00c,14.24,36.07,10.7,732.79,standard,0,5130.21
a0c2bf24-641e-4817-a76a-fd2fdb09063b,20.21,9.83,17.78,1932.02,fragile_liquid,2,3803.59
a8fdbed4-827e-4e4d-b503-ac6d994fab1d,16.01,13.2,24.32,2835.47,fragile_liquid,2,4737.83
87d0c83a-452d-4008-83c4-1f3517023848,18.3,15.87,14.3,2378.03,fragile_liquid,2,4178.78
f70ea48e-00db-4cae-b374-1e6dbab6f874,53.97,23.92,12.7,698.43,apparel,0,17117.19
40d71627-7280-4eab-910a-c7f310bf1203,26.46,24.12,12.25,1244.07,standard,2,7246.42
33db5393-e753-4723-b68c-0dff713e8a24,7.71,4.0,13.93,32.76,standard,1,436.97
81f6c4f3-cafa-4be1-b608-4add80cc95cd,8.4,18.64,18.28,541.55,standard,0,2927.98
e3c20efe-4f53-4d20-9f32-76de20221a17,12.76,13.42,6.95,738.31,glass,0,1195.47
d391e771-433b-4808-a236-221b7ba0fddf,55.23,32.28,1.96,125.27,apparel,0,3256.16
23379f24-aa62-4597-b233-87317ac75050,43.63,31.7,11.01,655.1,apparel,0,17594.18
40353e46-c4dc-43ee-8db9-6f35eed228aa,10.03,11.17,7.38,157.77,electronics,3,777.91
12aab398-6f3f-4994-b491-2dd07b0f1ff5,12.95,14.46,8.72,1011.72,glass,1,1831.19
89c6ff76-5947-4c6f-88f3-03dcd893eadc,11.69,12.97,12.24,1114.39,glass,3,1869.28
c1d06a3b-a4b9-4e6c-a7c6-b4bb3a512cc6,11.6,14.84,6.34,661.32,glass,3,1210.11
b33653ca-e2cc-4b6e-9878-f989c247183d,20.31,12.9,24.2,734.62,standard,1,6310.73
1c25c58c-959b-4d81-b236-2c9aaae741ac,28.76,25.46,9.19,1722.74,electronics,2,6520.71
61dad257-a364-4f90-8e42-7b0971dcca26,24.18,39.82,9.76,380.12,apparel,0,10219.1
edc4848c-8c32-4ba8-9601-1f57dd40787a,47.94,27.88,13.64,708.13,apparel,0,18262.43
7f084d11-0d6c-4de9-ac91-5bef1a160d06,14.84,7.95,23.38,1613.77,fragile_liquid,0,2320.2
0fb0acc2-a24a-4baf-abae-d512e7a13b42,21.36,26.39,17.49,2541.78,electronics,1,9820.39
34098616-2256-4f20-855c-a2db405500d2,10.36,18.01,16.09,1651.81,fragile_liquid,3,2911.97
b8c33314-7191-4d14-9cc2-71cd9c69e9c5,36.82,27.02,14.84,2361.89,standard,0,14911.47
a58cf719-a425-4b26-880e-502018c4b86e,13.79,9.88,14.57,1191.51,fragile_liquid,3,2393.15
825caabd-3dab-4067-b405-05853fe8e3e6,22.39,25.0,5.71,830.54,electronics,1,3349.32
9c417101-105a-4f4b-b467-1f208e142674,11.15,10.26,10.19,748.88,glass,2,1184.8
a3983fb9-ad8e-47ad-ae15-fcbbc9a247c8,29.23,29.21,11.11,354.06,apparel,0,9761.26
da3c96b2-4575-4b8c-a835-541efa54d92c,13.75,12.79,25.83,2560.62,fragile_liquid,3,4398.06
b5c499d4-e6b3-4404-b09d-bc72a6906f27,16.36,13.02,13.98,1542.77,fragile_liquid,3,3077.26
1ac2322f-ed92-424c-afe2-136dbbefe734,9.91,13.26,16.89,1255.59,fragile_liquid,3,2272.33
9fb1a723-f5a9-45d6-8a0e-5f9d69841996,11.64,8.18,9.25,482.21,glass,2,652.02
25649e74-5e6d-4192-92f2-b61f790a98d3,8.58,9.32,7.4,367.91,glass,3,555.58
d9d0367d-62e8-4946-b049-3248d08f8731,16.29,9.09,16.11,1237.53,fragile_liquid,3,2391.17
fb39297d-73ca-4958-b667-73821d4009e2,35.33,17.88,11.28,315.48,apparel,0,8086.09
f42b01f9-8ab0-4523-bb09-9d43e90a7a5f,13.34,7.38,10.94,627.36,glass,3,1071.01
32948a64-d62c-4dde-9588-0e91e373abef,22.09,18.17,14.94,1426.41,electronics,1,5841.54
d3ab0cfc-3f6a-4e03-89f3-353f753560ed,16.72,12.8,4.17,523.1,glass,2,880.65
969454ed-f920-4095-ac4b-382ed68added,24.82,19.46,12.63,1023.99,standard,1,7160.5
92c3bb13-26ca-4a71-87bc-96ee521eb712,24.61,17.86,10.34,987.33,electronics,2,3917.3
83c3932f-c386-4ba8-b308-e26ec1ea8332,14.39,12.85,11.15,1187.06,fragile_liquid,3,2090.45
9d598e4a-7cef-45c7-9fc3-b440024bb7ba,10.68,11.39,8.66,640.14,glass,3,1037.87
83d6d3e0-2556-4840-84d8-9a82218ce5bd,21.56,23.59,10.78,1219.08,electronics,0,4387.6
a6d6b5b8-a0f1-4629-ad30-cc90b913c827,11.0,12.41,25.09,1904.74,fragile_liquid,3,3237.82
45d4250a-5dda-4a29-8b9e-e0738fee079d,40.39,41.58,11.41,781.08,apparel,0,21005.56
d7935bc1-2760-4fba-80cb-31ab51f5a26e,34.5,26.36,12.14,409.91,apparel,0,11542.6
e3c93138-e59d-4cfd-9967-a3e850029920,7.76,16.42,12.31,1004.19,fragile_liquid,2,1866.69
5707ad4d-ebbe-4f45-a942-b62e9a4c4e91,15.16,12.76,6.34,329.23,electronics,1,1501.25
ad8ccab6-3129-4642-8d53-5303c5d5e112,7.55,8.05,3.61,92.9,glass,2,258.04
6f27f5e7-fd41-4bad-b7ce-4fea5f410147,16.2,13.8,15.4,881.01,electronics,2,3316.9
6c2414d9-089f-4a7f-a03d-befa289e31a9,23.33,16.28,4.82,414.68,electronics,3,1762.94
2a5c40ba-b2d6-47e0-b2b0-ba212cda2f70,20.96,19.23,18.72,1898.38,electronics,2,7462.38
068bd736-a734-4e86-b120-57f21ea88f73,18.57,7.55,16.56,1295.45,fragile_liquid,1,2480.66
837a79cf-21c6-4277-9e30-f8736b91b009,14.7,17.66,8.97,567.1,electronics,0,2130.18
8fd887be-4c4e-45f7-a9b7-c1ed0bff17c7,14.9,10.98,7.46,752.15,glass,0,1102.9
52a939d5-9b2d-4e92-850c-c6bcfd33d0c1,31.65,27.48,4.52,1001.77,electronics,1,3403.75
90b61cdc-12a7-4103-8a6d-fb69742e2e29,19.34,35.74,18.43,1778.46,standard,1,13529.17
95415f69-201a-4ceb-af87-6c06ee3dabd5,33.98,23.47,1.0,38.16,apparel,0,756.9
9aa2d5a2-3c5b-495c-8288-49caeeb32726,24.3,33.63,9.6,273.57,apparel,0,7535.34
edad52ba-48d9-43db-bc2f-2eff579b78c9,21.48,27.44,7.95,759.46,standard,0,4672.08
180f7f5c-55ba-4d37-8fd4-da9278616df0,13.38,4.61,5.91,176.86,glass,2,363.86
929b0517-fc0b-4c5e-94bf-2283ffe29104,29.61,31.13,7.41,1129.57,standard,1,7027.06
f059d0eb-0cf2-43d6-8955-65f931f1076a,47.6,33.21,10.0,631.77,apparel,0,16233.59
7f4004f4-635a-4213-9cfd-b13fe19e85ef,14.99,6.89,13.63,701.62,fragile_liquid,2,1343.68
68a24a88-9c52-4927-bac8-774bf29fc092,12.3,10.37,29.96,2000.96,fragile_liquid,2,4182.01
7ae731c6-2d70-4a2f-9349-4fb5bff06c45,12.2,10.99,10.85,831.76,glass,3,1431.5
3dbb3833-3769-4181-bf89-7c1bdf96b0a4,19.73,8.88,13.18,1225.6,fragile_liquid,3,2041.55
9b9d7763-5b58-43a3-8eba-72715b869997,29.49,15.28,9.23,1068.64,electronics,3,4236.47
12f885e1-999d-4c23-8415-2a24110fed2f,9.61,11.78,11.56,744.61,fragile_liquid,1,1366.29
3baee549-086d-4dc3-a71e-7f2806da9a42,26.81,16.39,6.8,588.93,electronics,1,2768.21
694273a2-7747-4623-87ba-f1032ec786c8,29.16,34.24,12.15,474.24,apparel,0,12169.77
d856838a-2175-4e4f-983e-205d3afde0d2,7.63,9.69,6.97,280.68,glass,2,524.16
dea81927-7895-4f89-9933-eb14d735b6c5,30.5,20.26,7.57,627.98,standard,0,5066.0
2b789e40-05ef-4101-a581-98a3d80a2cf3,9.4,12.02,6.66,491.05,glass,3,734.86
1a48fa41-e48e-424e-964c-ad767d5b0dcc,55.55,12.74,22.09,2310.03,standard,1,14203.0
52fe78c2-c950-48dd-b769-84ee9bae67b7,11.23,18.74,8.83,462.05,electronics,1,1846.66
23e9780a-bdea-43cc-960f-33e801ab95da,31.68,6.94,13.74,510.4,standard,0,2894.18
689e011e-e1e3-4d4b-8186-bb52d6b98e4c,17.74,6.56,18.93,1222.32,fragile_liquid,3,1364.15
a3dc34fc-0d22-47e3-8ed6-fdc7344f0040,26.92,16.13,10.07,1064.74,electronics,2,4394.92
9b35100b-cdc2-440c-9f4f-6fd70bf562de,16.83,11.88,16.26,1812.93,fragile_liquid,2,2805.44
615bf605-ed89-469b-be89-ef758bc9e2c4,28.66,20.22,13.0,1170.33,standard,0,6566.23
05491f6c-8267-42db-8f7d-111cbb656723,13.85,16.15,7.84,963.49,glass,2,2076.69
3ab4f2d0-64f3-40e9-a717-a9af35fdd4cc,38.96,6.89,10.0,707.57,electronics,2,2760.94
28b849bb-7388-450b-927b-1ab7cd1a6847,36.51,27.8,12.85,522.54,apparel,0,12299.79
aa05bdfc-51e7-41cc-8713-2c481e9b50cc,15.03,13.31,19.39,2090.09,fragile_liquid,2,4709.44
53c502c0-c527-404b-9b78-8b9173722fdb,29.25,26.28,11.39,2222.02,electronics,3,8267.42
8e27cdf3-e481-415e-a6e8-31ec1d596e02,38.06,24.48,18.76,661.65,apparel,0,16743.92
8978e240-5228-44fa-a1b0-63700929fbd7,13.19,18.39,19.21,1342.22,electronics,2,5605.49
0685b4db-68f3-4c39-9363-066c5a2f11b3,19.97,15.81,15.97,2738.17,fragile_liquid,2,5261.67
cbc53142-89ff-4e93-9141-9b3ea76f3e29,26.16,24.12,13.03,286.11,apparel,0,8422.24
d4824957-5f5d-4dd4-a873-2aa32d226ef0,18.8,40.52,12.81,1505.81,standard,1,8656.34
4328d4b5-a3dd-4d22-9cc1-eeefa52469a5,14.9,15.49,21.86,699.42,standard,1,5336.8
ed76fece-510c-41e4-92f2-b040f76f5015,10.82,8.04,6.27,304.77,glass,3,534.3
48b12f68-34fc-494e-81c5-2c04b4506a51,13.34,11.21,6.53,629.45,glass,3,1066.45
c84176a4-8eeb-4de8-baf9-2a8b575418f4,23.26,18.71,3.0,378.46,electronics,2,1267.43
20a784f9-fea3-457c-a5ea-db781f6bfe10,6.19,12.07,15.88,566.42,fragile_liquid,2,1016.9
170d79cd-2d6b-4028-a25b-f830fd2605a5,33.46,29.43,6.33,1501.59,electronics,1,5866.92
2f28e2b3-85cf-40f1-96eb-bb93f0f72ae0,22.85,29.28,7.11,1316.61,electronics,1,5041.23
aab953a8-28d4-44c4-a7b8-693c160d4bee,10.24,20.31,15.54,983.89,electronics,1,3638.4
bdecbb39-97f0-4776-b857-cf045c237a10,15.13,12.55,8.44,988.28,glass,2,1423.87
ee1dfc47-cac2-472c-9ef6-720cc416ae69,24.06,21.35,7.09,912.94,electronics,2,2858.28
1f013e26-1ffa-481c-95bd-f6c8796c59c2,17.21,22.35,7.32,136.11,apparel,0,3110.26
e50da443-fb3a-4e45-a891-661ef7b00e33,38.28,31.0,20.92,3632.36,standard,0,26109.05
e629bead-5c65-4358-8ea0-60b9fad9b287,45.95,18.44,7.46,1614.65,electronics,1,5839.68
ec591416-a0c1-4e15-8ae6-4458148ea04b,9.42,10.53,6.87,456.33,glass,3,614.3
dba9aea4-febf-44b2-a5c6-4b6663470144,24.93,28.3,11.19,1138.92,standard,1,7250.79
17200679-7685-4ae8-9c7a-7f5704284923,45.05,32.72,12.28,2569.29,standard,0,15682.06
b9f5a489-0f03-4c5f-93cd-af816ed43154,20.31,31.31,9.33,240.01,apparel,0,5932.37
f574b19e-cabd-4e0d-a416-c119715133dc,14.59,29.88,13.52,936.1,standard,0,5007.23
9f4929a9-419f-409a-a682-cc3ba680090e,15.67,10.37,21.17,1914.61,fragile_liquid,3,3773.25
fa9201d2-82e9-4b60-a8c3-a50f1394ac02,15.77,12.73,20.7,2390.14,fragile_liquid,3,4391.03
3e8bd17a-b34a-4744-8b71-b890fd8f2e97,30.83,3.77,10.43,189.03,standard,0,1128.46
c49f7947-f584-489a-b28c-d249c540fb5a,53.46,21.97,6.75,316.93,apparel,0,7008.07
ecf5d3e1-0640-400d-ae32-513ef9fbccbc,11.31,13.39,23.56,1943.77,fragile_liquid,2,3237.68
fa8ce073-95f0-4190-ac7d-602509407c3b,45.59,7.28,9.36,872.06,electronics,1,2329.23
af8705da-4424-4e1d-93d4-3d49b47e4a1a,47.08,32.24,17.1,1036.56,apparel,0,28246.98
91bb1e76-d7fa-48d6-8415-29eadea79d21,40.51,14.16,22.62,1968.66,standard,0,10840.69
bbb83483-a62f-4fc6-ac6a-9a6982c686af,55.6,9.97,9.15,173.56,apparel,0,4940.01
92b788b5-4a2a-40cf-88bc-79eeecc299c2,3.76,11.4,17.86,507.81,fragile_liquid,2,767.28
c94bb367-7256-4166-9de3-cea22289ddf3,19.39,18.01,12.52,1002.53,electronics,1,5101.32
f1b5d5ce-6c86-463e-a052-48e0f48a7f20,30.12,17.79,9.68,661.75,standard,0,3919.22
eca5be61-88e7-4a9f-a2da-fbaa4e64dad4,7.74,15.49,11.89,790.31,fragile_liquid,3,1531.04
03076a99-4b07-4c71-8411-c211dacdbaaf,25.06,23.07,14.74,1311.09,standard,1,7539.82
346c8c59-1fe4-4ab1-9f8a-1a91769c44f8,35.38,19.16,11.02,1823.75,electronics,2,6820.19
e98515e9-090e-4667-83d5-de9df1641b40,22.65,16.27,13.74,1332.8,electronics,1,4705.47
18df8161-81f9-497a-9ab3-b83f7644e259,21.17,29.04,15.63,389.84,apparel,0,11063.76
45643960-d923-4588-a14a-2c4b481295f9,13.46,9.56,21.95,1597.73,fragile_liquid,3,2816.97
fc2eea95-2ec5-4c84-83ad-495232f53faf,35.85,33.47,13.46,651.41,apparel,0,15994.07
52589073-f2b4-4c5b-ab37-0e480499fa09,14.21,9.91,5.26,515.58,glass,1,650.64
88be6ea5-365f-48d7-932f-a2baa56120ae,32.1,27.05,16.99,620.32,apparel,0,15530.65
e4cb8c75-b3d2-42e2-881b-3fe34f7a7295,14.43,26.56,4.73,306.89,electronics,1,1890.41
8ba7e8aa-fb93-4530-a27e-157c11bd37b7,29.17,20.55,13.09,1944.05,electronics,1,8052.59
9d0adad3-574f-4636-82e5-fadc07e37127,6.94,12.31,8.35,428.42,glass,2,602.36
7e5e9cf7-da62-4128-8d75-2ed8abfe76d8,11.82,11.73,12.51,992.95,fragile_liquid,3,1757.8
fc3a4e61-1fa3-46f7-add8-79523b1b76ee,25.55,22.32,11.07,295.97,apparel,1,6031.45
11ebb6d8-aa18-4cc2-8786-92618dd266b0,32.01,21.43,9.09,1576.2,electronics,2,6294.27
3d49047a-d798-4bbe-87d8-0318dd785345,16.85,6.85,10.62,763.5,glass,2,937.24
e05bf364-f1a6-4949-87aa-69b243c63a7e,17.58,9.73,6.29,546.65,glass,3,1219.72
06c566bb-8016-4d30-a08b-fce4100e69ca,34.92,15.76,5.04,453.7,standard,0,2802.3
5240cf96-8943-4242-8b96-d0ad927c525b,20.74,16.61,10.33,427.23,standard,0,3661.62
0ab98279-98d9-45c8-9655-8148a598dcfa,41.0,11.16,14.88,1689.62,electronics,1,8167.25
cd80feb0-31dc-4792-94f3-c6c798793a70,20.54,12.49,12.62,1786.97,fragile_liquid,2,3087.43
930c93b5-5fd4-41cd-ae49-1948540b57a3,41.3,18.93,21.23,2459.95,standard,0,18214.7
94575be2-2386-4ff7-9778-d06bb13f29de,44.61,27.09,11.14,1854.02,standard,0,14565.48
59d98f6c-a2a1-4ee6-85e6-a3e554d40538,9.24,24.16,10.87,708.94,electronics,2,2341.42
1bd90c3b-f46e-49da-b405-03b04b3b7a71,12.77,10.18,23.04,1645.49,fragile_liquid,3,2172.72
85e03f02-b94f-445e-b930-1e472d5e7784,29.55,11.48,10.83,648.7,standard,0,4137.84
9f48d400-d55f-4f28-8d1b-78761f02d5eb,26.71,27.78,32.52,3703.57,standard,0,25266.56
3fffccdc-49ef-4eba-8d9b-fbaadde1c89f,38.92,15.9,12.76,1922.83,electronics,1,7939.86
08e76bbd-8823-487a-8fba-272f6015cf26,34.03,17.23,7.32,1045.8,electronics,1,4266.61
d56d25b3-6ff5-4ffc-a458-71d7bf96d7b4,15.8,13.88,24.37,2947.05,fragile_liquid,3,5375.96
a736070a-6700-4dc8-bd87-8b960e996ba3,12.95,23.2,16.78,723.06,standard,0,4681.54
b74cab28-27c7-46d5-814d-a7f4f38b03a9,26.21,34.54,6.69,271.92,apparel,0,6998.27
9559a75b-ef09-4234-aed1-cf23d8f52906,17.61,12.08,20.02,2309.88,fragile_liquid,3,4357.89
069d11f7-0659-4e87-a48e-3527a2f178af,14.25,9.09,5.99,537.46,glass,3,700.79
67db1d0a-0c8a-4c2a-9124-213bb2ef201d,26.27,13.98,10.97,958.69,electronics,2,4968.24
f9ae96f6-eb6a-4337-a1e5-ba64aa8e306e,11.84,9.41,6.78,460.64,glass,2,888.86
435b489d-72ef-4f0a-a5a3-823f60588438,14.3,11.45,9.26,896.39,glass,1,1484.53
829f9d17-1537-4002-939f-6336621b0fc7,32.49,23.99,13.57,1526.2,standard,0,9918.22
96d8bdad-ec39-44fd-adbd-75935bc3e393,21.18,25.19,10.22,245.76,apparel,1,4656.02
afd43c60-2954-4c67-b536-98f9c5689017,31.59,23.49,12.46,378.14,apparel,0,9634.9
8e59ed59-e768-42f9-8627-32059ce633e8,13.71,20.45,17.92,2716.91,fragile_liquid,2,4956.42
e0590f82-e1a6-47f8-88c6-ab8eff56a17b,30.06,12.26,12.36,986.91,electronics,0,3869.65
7b81f26c-8528-4cc8-b9f8-087b20e8f631,8.95,11.69,7.64,565.51,glass,2,736.18
8f3275c7-1cbf-4115-b6b6-1ce38581ccd9,23.7,35.12,14.77,456.61,apparel,0,14281.65
31b60cbd-5f50-495d-b081-cd59881673c5,5.25,10.4,8.95,270.4,glass,3,471.05
2158f240-41d1-492e-a63d-611ba595eed2,13.49,20.79,19.06,812.66,standard,0,5916.29
9c51cefd-b055-40a9-9452-ecd9fab84820,18.63,13.76,14.78,1972.91,fragile_liquid,2,3752.16
b9490daf-c4e4-4bf3-9713-38139208f24e,41.76,23.44,18.09,743.33,apparel,2,16672.66
2d23298b-b4df-4633-b53b-08a0c080ebd2,22.06,25.46,13.84,1275.23,standard,1,7688.62
bb568321-7ffa-4800-b22b-e78a4db49ab1,33.64,34.88,3.33,154.63,apparel,0,3782.89
14f18685-cbb5-49df-979c-9feb9f3cc587,11.93,11.69,5.01,426.54,glass,1,800.99
06329e9e-3789-40b0-9554-927735f0f160,10.78,12.49,7.96,650.48,glass,3,1061.61
dd8470c4-5afe-4280-a798-5f70c235c7fa,31.51,41.49,14.73,2921.43,standard,0,17553.58
1a1331e8-310b-45a3-9c70-bbb97555ca73,39.07,18.93,3.88,62.86,apparel,0,2435.73
45126af5-959f-4008-8304-bcf88ce27d84,13.1,7.58,3.33,164.91,glass,2,351.44
abfeb230-e489-4e5c-a943-af5721d3d2a8,20.63,22.76,9.14,1113.31,electronics,1,4088.18
7d0ad448-1bad-4ed7-b996-c05eb3161e59,44.23,25.34,4.3,168.12,apparel,0,5314.7
d0871156-8063-4af3-a119-0f4a3784daf2,56.08,26.56,19.39,1126.71,apparel,3,28461.07
a3d408e7-508e-4d17-93a6-7c77bc30554d,33.13,40.39,12.73,679.8,apparel,0,17681.0
e1e73a55-cbfa-4d48-93bc-68e5642627e7,22.57,21.61,9.07,122.35,apparel,0,4387.71
fcd89126-cc1d-45bb-8540-6a7274bc26e3,31.76,37.28,9.8,473.24,apparel,0,9974.37
39314341-de4c-42eb-850f-2605c1eb8cf1,48.3,31.76,16.36,1049.83,apparel,0,27526.84
57c7e2cb-0527-4085-a108-76040eeb5e5f,22.15,28.07,11.59,1989.58,electronics,2,7180.2
8c00f895-39aa-4d9f-87ea-001f6c8f6ccc,16.83,10.25,9.45,931.36,glass,3,1685.58
97810634-2d2a-4917-9afb-4013601a5819,17.33,23.25,9.18,801.96,electronics,1,3760.59
b0713423-d78d-49ed-9257-c9e53d9bb4ff,19.0,18.28,9.31,721.48,electronics,2,3434.18
b1f2b77d-a60c-4f02-8629-c61ef3a80f44,24.42,22.33,17.77,1474.07,standard,0,9326.93
e204e612-3141-4ad0-9cbc-0978e78adea5,8.27,8.73,12.52,244.96,electronics,0,1058.4
c21fd7f5-a628-4be7-84e7-1102b928964e,33.06,34.03,14.15,635.1,apparel,0,18196.45
949c1254-425a-40da-9d3e-6d247a5e974b,16.22,10.74,13.85,1351.02,fragile_liquid,2,2344.69
094e9655-dce2-4b33-b5a3-ffb1a42480af,12.85,11.76,17.67,1495.76,fragile_liquid,2,2800.13
285824b9-eb68-408c-9b2d-ea6b17b3389f,12.34,9.51,8.86,613.92,glass,2,1052.69
38974b7e-d6c9-4981-ae84-b5330ed705ae,21.29,20.08,4.25,622.04,electronics,2,1957.22
787c51af-46d1-4eae-a827-f0cb9046d747,21.09,25.81,14.7,1241.26,standard,1,8004.65
73bf18ce-1e50-4fdb-b650-8da04f1ae928,18.21,22.26,4.71,391.43,electronics,3,1943.04
5b9cbaf7-1712-4287-8a36-3aea43e38dfb,34.43,23.44,28.11,3343.75,standard,1,23026.65
601fd40d-3848-4cf2-bb3b-5878a60084bb,29.15,25.42,9.9,941.22,standard,3,7146.44
4858d650-7a42-4f4b-964e-9fd1f2a7b774,31.88,27.86,6.37,226.14,apparel,0,5032.7
fb65bcad-c8e1-4842-aa2d-2a41071cd386,34.06,17.24,7.14,869.05,electronics,1,5107.74
4489e883-e656-416b-9809-4a82198976f9,20.22,10.05,21.81,711.08,standard,0,4837.72
c3bbec91-60b3-4cf5-ba0f-08522bbe88f2,28.18,23.55,14.85,2392.77,electronics,1,9537.31
1779314c-c1d4-4a89-ae48-221239f860c4,25.71,23.36,23.26,552.1,apparel,0,10546.85
e57b825c-9afa-41a3-978b-23116222c874,29.94,30.42,8.24,291.07,apparel,0,7230.05
d52d6874-3561-42d2-ad6a-a09876e7c108,41.83,18.89,11.78,2349.54,electronics,1,10970.4
e658008c-b33b-47b7-81c4-0c2ec976523a,16.35,14.05,12.59,811.05,electronics,2,3006.09
c3c7da2c-9c7b-4ebd-b4b4-1b42b0ceb2b0,19.2,14.88,17.69,223.74,apparel,0,4484.78
f21f7170-4be8-42ac-92bc-6beaf553cce1,29.41,13.96,26.29,1496.8,standard,0,9401.65
315d5120-445a-4140-9ec3-a97eafa8c446,13.6,14.43,15.34,1654.8,fragile_liquid,3,3251.11
dc096748-17f0-4071-8395-728039327c29,11.99,7.19,17.67,851.24,fragile_liquid,3,1672.15
9392929e-8f1a-4ebe-9502-1ed8970b9b09,49.69,30.21,20.49,1170.99,apparel,0,26802.63
a953630b-f7c6-45e4-96f0-030f2510ff34,11.24,5.85,7.57,212.52,glass,3,470.8
7ea84a91-aff8-4702-91da-cfe42bb0151d,20.75,11.78,11.64,1533.57,fragile_liquid,2,3006.82
bf2160c4-4472-4c0b-ba3d-9b20bd9e8fa5,26.21,19.1,9.25,1051.99,electronics,3,4773.27
8302b1b9-30f4-4376-9c7f-53f8d7048027,24.81,20.69,8.8,676.24,standard,0,4455.66
d926cd73-5e43-405c-bc3f-14b08c02f777,31.56,31.88,8.81,382.81,apparel,0,8721.92
a4ff76e4-400f-4fdf-a6e9-91f3866c24bd,30.81,31.28,12.13,389.24,apparel,1,12285.05
74e357bc-4f6a-4ab2-90ee-a4b7d8028a4a,36.03,25.72,7.56,293.31,apparel,0,7327.42
d9faf307-c0b9-417e-9e32-6581f9ea0fa7,13.15,10.29,11.59,863.04,fragile_liquid,1,1614.21
e27c340d-115a-459b-afbe-17a07ee517a4,20.92,23.86,14.13,1587.05,electronics,1,7057.38
67cc72c0-42fe-49d1-ae0e-59b74d0d10c4,10.85,6.55,8.17,361.5,glass,3,503.41
6e213f10-040c-473f-9900-de8e008bddd4,50.19,37.37,17.99,1355.85,apparel,0,30561.75
9e1a6758-7118-4013-a151-3924a1d44718,25.22,29.75,6.54,1263.86,electronics,1,4092.59
eed11bb6-b566-40c9-a362-6bbfadd71f0f,38.03,18.13,22.7,2279.57,standard,0,17424.05
5d42f5cf-6fa4-4187-982d-1460ca53df8d,22.74,24.29,14.18,1983.21,electronics,1,7585.44
449a2d84-840c-45bd-a165-59c2f6211558,20.6,29.24,29.01,2503.73,standard,0,19179.48
8618511c-99a4-47d7-884c-da074a48600d,16.85,15.21,6.96,376.74,electronics,1,1626.49
7d4d8824-c77e-40aa-8178-068b982b5519,17.37,23.55,18.56,1185.52,standard,0,7613.62
c9d3fbd7-2521-4122-bfc9-05ac414449b8,29.0,3.64,12.57,22.73,apparel,0,1308.28
6a2bae58-b073-4a3d-a3ad-76af0403c285,40.16,31.52,16.94,853.56,apparel,0,22016.61
81b0ae4b-f6e0-440b-9ddb-26c1941708a6,27.51,22.27,10.87,1098.91,standard,0,6952.28
e1c8c496-4cee-431f-bd00-963a5d71cefd,16.25,13.78,11.07,1376.41,fragile_liquid,3,2528.94
c87a9d5b-d1d7-437f-9a8c-150d9f27917c,32.55,28.01,17.45,683.15,apparel,0,17216.01
3414fcc3-7a6f-4db2-9330-565e5e4d2a50,19.44,18.38,12.47,488.54,standard,0,4833.83
e3da6dcd-3a4c-437f-b035-537516a85f8e,11.51,48.1,23.54,1909.31,standard,0,13589.77
9c1b8f62-b897-4c1a-9634-ecc88a908054,30.9,17.24,9.3,1289.07,electronics,1,4901.57
20194082-dbef-4192-875d-9e96f5dd8a8c,28.7,7.05,11.21,185.24,standard,1,2553.18
45ff98cb-f947-487a-9c30-2e7f06ee38d9,34.14,24.84,21.31,2617.58,standard,1,17107.26
16aae187-3df1-4da4-9c98-a993bbf6b927,24.65,29.68,10.89,333.2,apparel,3,7264.36
2c93ee21-ee55-43c6-a10e-604eece516a0,31.27,5.4,20.73,419.1,standard,0,3111.78
485ce25c-0cbb-459c-9368-a6db0b258889,35.68,33.66,9.29,473.64,apparel,0,11036.92
ca2947ca-1ae7-4770-9684-bf08e20ea577,15.33,13.34,1.33,10.0,electronics,2,241.88
a43a90e1-5c05-46b9-95c8-75b26b77132d,8.78,12.45,5.62,378.65,glass,3,766.76
a3c25c68-3410-4c27-be10-98047b88b3dc,6.65,8.46,20.64,155.67,standard,1,1126.1
a670da6e-197d-4c25-9e1d-4714318091cf,24.24,21.24,13.53,978.25,standard,0,6476.13
0db12a36-91d0-417f-97c3-087fe2ec2b9b,11.2,50.8,7.24,134.65,apparel,0,4001.25
3da1b674-f3ab-4000-99ed-052ac00154fa,36.01,10.62,15.78,283.35,apparel,0,5826.53
6fb61fd7-9672-4191-a625-15ff96033574,14.17,13.62,13.58,1408.46,fragile_liquid,2,2261.11
84e02f81-3e13-4ad6-8576-202282544e49,13.55,8.14,9.8,701.1,glass,3,1152.01
86b34c5d-a303-465f-968c-8e196f5735fb,24.38,8.2,12.21,541.08,electronics,1,2055.32
14aafe9e-35f8-4820-9503-37026765c45f,9.91,8.22,22.94,1034.48,fragile_liquid,3,1805.14
41fb2b08-eae0-4718-ad70-d12fe6d58e15,11.36,10.19,7.5,449.45,glass,3,778.32
af65511c-5508-4cb1-855c-5946df9812f6,39.61,38.34,16.59,956.88,apparel,0,25392.94
1e30315e-81b5-4e6a-9e91-1070c472ff3d,29.24,49.36,9.7,606.27,apparel,0,15201.43
0c14ed5d-c338-43e3-9d34-aa7e35d8611b,29.12,14.97,15.7,1783.43,electronics,1,5078.3
fd9d4633-9f56-40e0-b47a-75ffeccfe21e,35.4,26.22,7.93,1190.45,standard,0,7406.83
eba5b598-6b22-4c5d-a052-4c89ab5613f7,16.97,6.01,10.79,667.58,fragile_liquid,3,1166.15
4f470ffc-c593-4b0d-a4a5-bb72b9438605,41.34,32.72,13.69,2711.65,standard,0,16813.56
c4d75bb8-c9d4-4487-8a9f-4fd7d2effeb4,39.47,32.39,16.79,885.75,apparel,0,22477.68
129233dd-2dc8-43b8-bba8-2e46892c79f9,14.53,10.59,8.25,766.49,glass,3,1474.01
d7fc1618-86d3-4e61-b513-253f3e9348a8,11.17,11.56,9.51,687.13,glass,2,1222.75
cde82c98-6426-43ea-bdaa-99b82ed4487c,43.86,14.63,15.39,415.02,apparel,0,8822.64
49a2ec3a-c610-4a77-ba38-09163118439b,13.99,14.38,8.69,1130.8,glass,2,1854.61
d6a46593-b4c5-497e-bde5-f040f7cd2a7e,22.12,6.63,19.21,1532.1,fragile_liquid,2,2631.22
9ff108f1-c449-4838-88fa-a66c964494a9,10.41,5.56,6.5,258.17,glass,3,287.81
1493e4d9-8e86-4101-9a16-5fa85bf73c04,15.55,18.5,4.97,370.61,electronics,0,1273.48
94322f52-0258-47fe-a4e9-bb6d074e051f,23.14,24.59,24.41,2058.6,standard,0,13249.12
b2df646d-56ce-40d0-868a-2da00bac20d0,21.45,15.05,21.01,3840.53,fragile_liquid,3,6965.84
360946de-db5d-4f86-80e0-03cc6d58ee29,12.82,7.31,9.05,504.07,glass,3,891.42
eda813ad-3947-4e8e-9faf-9b4f7c0a36b8,21.67,11.48,12.51,617.3,standard,0,2856.04
7fcf2dfe-096c-4f23-a40d-4a746225fc83,19.73,15.31,7.64,584.8,electronics,0,2234.87
a0dd2d8e-7162-4f66-909f-6574f1f0d351,16.85,10.28,14.74,1413.66,fragile_liquid,2,2697.76
e82b3427-aa10-4a5d-bad0-ba8e3ce7976c,10.36,29.14,7.55,492.55,electronics,2,2211.65
a888e3b3-544f-47fc-a6d1-563c3aefdcef,33.4,38.07,3.87,788.73,standard,0,5251.81
d82357d6-2325-4803-bc6f-5309bb7b7987,13.09,11.16,7.24,700.68,glass,2,980.24
15931d87-b9c8-4716-8afe-6b053fada9df,18.74,14.51,5.67,441.84,electronics,0,1490.27
713b4ad5-4960-40d8-b53e-a0b1c4b1c68c,15.68,7.94,4.47,350.09,glass,3,625.82
0b14325a-8522-4352-8f9b-62b19fbab07b,17.85,12.37,23.15,2824.33,fragile_liquid,3,4502.48
d5cbc475-e80e-43e2-a855-cd732fc2740e,15.14,20.29,5.15,276.44,electronics,1,1671.68
922fc286-1a76-482c-af52-bc3a2d092299,10.59,6.56,7.1,384.88,glass,2,488.29
a95839a4-012a-437f-b283-d5dd15da61eb,16.06,6.33,10.46,686.95,glass,2,1053.7
8f2ceda3-3cdd-41a1-8f9d-a15d61393386,15.53,5.12,6.99,336.64,glass,2,586.95
12e8a2e7-cd1c-480d-a524-689539f251bc,14.12,10.26,6.48,562.74,glass,2,672.26
70fed309-1cde-408f-a2db-0350ffcd5d76,37.15,42.88,9.23,619.48,apparel,0,15099.22
11b313d8-7fc5-4f2e-b81d-6c91a4437b8e,10.73,11.37,10.7,730.88,glass,3,1542.83
13801a56-67f8-45f5-8bd4-1de4fa587e8c,10.77,9.15,7.1,476.91,glass,1,606.1
2349b580-803d-4a8b-8616-e40d223d4d3e,25.07,18.22,6.18,824.91,electronics,2,2715.54
81226839-75b8-4217-b6f5-7eab0099738b,36.49,26.79,12.5,456.42,apparel,0,9360.6
15410cd1-80a6-49c5-bb99-be334d00da0e,31.94,34.35,11.33,540.02,apparel,1,13705.55
1cb02a07-0e6a-48c5-b2c6-50ef9070b5bc,34.72,21.88,8.5,1680.26,electronics,1,5886.85
8bd5c8cb-d028-48e2-8330-2a62ec153703,38.52,31.31,5.88,287.89,apparel,1,6864.47
bce07d04-c815-4f3a-aeb0-770b25108c6a,21.12,25.06,6.81,167.87,apparel,1,3429.87
3b179908-c4b3-471f-958e-3305cba3bc30,33.16,17.82,16.36,2333.53,electronics,2,10001.67
35eda641-4033-49ee-93ed-d3c7dcbaa5d5,29.24,26.65,26.98,3134.24,standard,1,19746.97
727ba351-d563-4582-a320-e138ecc015f4,9.34,9.86,13.63,682.13,glass,2,1248.66
88584cf3-f9db-469e-9028-93245e6e4f1c,8.05,6.96,4.13,91.14,glass,2,193.47
2247754e-7c74-4540-bcfa-e402b48e45ae,10.85,9.58,20.73,1185.07,fragile_liquid,2,2200.71
8f1265c5-5699-4762-b582-eb338e5987d0,30.76,25.97,17.75,3612.02,electronics,1,15824.57
706ba237-c51e-4fdc-b371-b173a5b445c6,22.71,8.53,12.7,592.43,electronics,0,2757.12
3b2e1d98-c4a6-4da2-8671-a29ef33037c0,12.36,13.87,5.8,587.43,glass,2,974.01
4bee135c-c5e4-430c-9943-0fbf573c93a0,19.75,11.15,20.0,2394.66,fragile_liquid,3,4284.28
78f15c57-65be-4629-939c-156098986df7,12.08,7.64,8.41,488.17,glass,2,905.24
5140950d-e556-45e5-ab27-ef5e75287934,28.2,18.03,13.28,1695.84,electronics,1,6019.55
368f6b64-835a-4ab8-b0bd-bf983eafcd5a,15.74,10.16,7.73,764.27,glass,3,1402.09
dc428d6d-8169-4521-b33b-71b6122c8401,16.67,17.33,3.54,100.33,electronics,0,955.58
11761038-821a-480d-9ed7-a75eb34147fd,14.73,15.8,15.95,2071.99,fragile_liquid,3,3961.6
ac11bb04-47b0-4778-a246-477c64ce0d03,8.88,32.33,14.7,314.56,standard,0,3962.68
a6650291-7a83-4b67-adba-97b6c4f795bc,6.87,12.25,20.03,942.43,fragile_liquid,2,1468.35
c6ec0be7-0f80-4273-bdc2-d470da9ca8f2,11.57,9.67,8.2,611.75,glass,3,907.49
8c7821dc-db15-4bc1-a6cc-d5b8731f2bbc,11.5,18.19,20.34,2387.84,fragile_liquid,3,5191.05
f53f52ba-7aee-41a3-8cd7-5cc8d44369ca,6.37,7.71,11.67,288.4,glass,2,576.82
4615e100-de39-4913-b3d0-e5ae249b46a9,12.61,11.36,7.08,638.43,glass,2,1183.45
77d19546-c8f4-4cdf-a4f0-10fecf0c732b,26.04,11.98,10.5,642.07,standard,0,2518.66
26ea5fb6-9842-4c67-9284-7180c4ad3692,32.53,30.32,11.58,449.4,apparel,0,11252.29
b64dd535-f5fa-487d-9e0b-bcb9fd742287,14.9,16.18,16.97,2296.02,fragile_liquid,3,4536.3
60b34a16-c986-4d99-80c6-f4aa554f3944,44.13,30.31,14.43,794.8,apparel,0,16874.34
e055916f-c3e4-4920-9015-f5fab23a0028,13.52,13.03,6.28,242.23,standard,0,1025.71
28af5934-34c3-44ed-9fe0-f3fa01b907fa,28.32,13.92,9.7,1082.6,electronics,2,3454.73
b8f569f8-9a93-4794-a9f3-72e21d79a594,17.18,5.5,16.33,927.16,fragile_liquid,2,1732.26
f7f572ef-ff99-46b6-8da6-b7f3ac336dfb,15.24,29.91,6.89,678.88,electronics,1,3653.8
cae074cc-4aa5-4422-9275-553bca28e4fd,9.5,8.4,5.17,279.06,glass,3,452.92
b9454a62-5c6a-400a-a793-0aa6b37213fd,3.51,8.54,20.15,293.84,fragile_liquid,3,623.33
d7d88e96-0bdd-4819-9aa5-c9e47e28d9f0,50.79,24.55,13.11,658.82,apparel,0,19719.32
c54aab88-27d7-4146-a8ac-a9bc23d1c85b,15.01,13.07,4.83,610.36,glass,2,816.99
e0fd50b9-37e1-4488-9f8f-3fce36f49c73,14.77,11.57,15.84,1422.61,fragile_liquid,3,2841.18
5ccae14a-dd8b-41f6-a92f-6d340cbc90a3,22.4,14.34,10.87,900.67,electronics,1,3544.09
d742ea8d-f908-422d-98f1-f3860c6df22d,14.44,12.94,20.74,2231.6,fragile_liquid,3,4414.21
74f2f01f-7488-40da-a9c6-ebe5b6933186,34.76,17.96,17.18,2484.78,electronics,1,8655.8
e0494ae1-8732-4970-98aa-290b9ef5978a,22.54,11.71,10.91,635.24,electronics,2,2788.83
7c3091b6-7eaf-49b3-892a-f3311975f9e2,11.89,8.24,7.52,393.64,glass,3,844.83
7170b547-4cd2-423a-a081-8f16333d9afc,22.2,31.98,13.95,1387.59,standard,0,9163.1
a73b9549-965f-48a2-b1ce-02703605a354,23.48,26.53,21.42,1963.96,standard,2,10282.48
6877f502-0706-4c84-8578-1aba6ea30058,47.29,23.51,8.68,406.31,apparel,1,9865.28
92e9f045-4464-49f8-a1be-d693bff796b4,15.73,9.47,21.43,1723.18,fragile_liquid,3,2806.45
c79ce68a-53ac-49b9-8f6d-1b0f99a2d501,11.69,10.11,5.4,369.99,glass,2,637.61
26259ab9-c8fe-4bad-894c-f45e3007e892,12.57,11.76,21.94,1783.6,fragile_liquid,3,3505.62
0c7a5d01-336b-4018-a996-5e396cd33088,13.73,19.34,22.56,3288.75,fragile_liquid,3,6275.46
b5dcf7de-f2e5-41d1-a61e-e8da1110f23d,5.45,24.31,17.91,201.89,standard,0,2302.92
570d1df5-fe20-4bb5-a309-fff336d1dce1,33.34,4.96,4.33,312.05,standard,1,686.91
3cacf767-7b4b-4bc9-b126-270154df2eee,33.76,22.59,17.91,2097.52,standard,1,13704.03
735e6884-222d-4a4b-a727-eca869c2d118,29.16,25.46,11.61,417.97,apparel,0,8361.07
cccbddde-cbfa-480d-85d7-acb5e1f129a6,12.06,15.58,27.44,2722.13,fragile_liquid,2,6299.48
0874188c-2d2b-4548-b269-8f473a598756,14.34,14.6,16.97,1916.86,fragile_liquid,2,3997.37
47b02ffa-7621-4f5e-9457-6f2be01bc31e,13.24,4.66,6.32,198.81,glass,1,423.37
bfbee265-d33f-4810-8754-44a1d240c6be,36.67,24.64,21.83,816.91,apparel,0,17745.86
968297c7-7ce0-445b-b64a-a15ad9bc6369,15.01,10.32,8.93,911.66,glass,3,1343.16
b70c9cc1-c7c3-4615-b905-b85bca175165,34.2,22.0,11.65,2284.34,electronics,2,9625.41
6eb6699c-2382-44c4-aca6-e9e94ccf3f7e,19.56,31.44,18.44,444.99,apparel,0,12001.71
e895ec6b-3b54-4525-a44d-a9c6c714acea,16.22,11.63,23.09,2290.16,fragile_liquid,3,3696.05
8f09ad18-bd19-40f6-9a73-8002195c869c,37.41,30.31,7.41,301.89,apparel,0,7583.33
ded11ace-b2a5-4908-b002-66e4e409ac0c,33.32,40.97,11.21,611.59,apparel,0,12911.05
c5a9312a-61bd-4b39-9723-c138f3338689,39.17,23.17,9.3,385.1,apparel,0,7804.92
3bc21218-c46a-4dc2-ad62-3c285f3cd083,39.3,25.99,10.55,1767.19,standard,0,10491.11
4fe854be-5762-4d93-98a6-2edcbaa03cd5,23.97,14.46,11.46,189.49,apparel,0,3803.19
8a5f4a5e-9780-41d5-a009-bd2ee9cb5d42,15.07,13.8,13.55,603.78,electronics,1,2243.91
5ec5b34d-d3f1-44b2-9614-ef211d79f404,38.16,32.89,6.91,1374.72,standard,0,8795.0
668771c5-5c21-43f5-952b-efe6a5cf1550,10.38,22.74,11.28,741.49,electronics,1,2777.66
1c5254c8-a576-48cc-ad93-6727f3510b30,27.81,20.76,12.34,956.55,standard,0,8096.42
dde83dd1-3dbe-4353-8f96-8dbfaef05eee,32.81,20.71,10.53,257.81,apparel,0,8042.76
ad790211-1f64-4184-a967-a23138f61a36,32.67,14.36,10.84,655.58,standard,0,4717.6
90cfcc17-7500-4161-a235-02509dc6f762,17.73,26.28,5.78,662.22,electronics,1,2994.6
18d763fb-8795-40c4-a4c8-cc3debd4b240,31.63,5.36,12.56,305.66,standard,3,2007.66
a1409726-e163-44ed-9729-6017d2548b1e,19.28,22.14,1.24,125.61,standard,1,602.59
da266bd6-ebbe-43fe-bfde-def8659387b9,31.36,12.68,14.41,1476.41,electronics,1,6080.02
e6275af3-8af0-4f54-8514-6f5fa291f29f,40.28,29.63,24.74,4323.72,standard,0,29541.82
5b6c1502-0255-4466-a7bb-60a58746d16f,38.46,14.06,12.53,1752.33,electronics,0,6018.98
032fd7d4-7647-4d84-833f-80bccc6a2bc9,30.84,22.2,6.73,1099.53,electronics,2,4802.74
9eee8b1a-0f6e-426f-8a54-0f0f34d5b1a8,14.29,13.5,4.7,589.08,glass,0,894.41
3b4af43e-eabc-42cc-b5e4-3d5a36a6a957,16.38,17.34,12.78,906.95,electronics,1,3036.03
a087efc7-02bf-4f5b-904d-795dd8aefba0,16.09,14.5,7.69,413.65,electronics,3,1736.09
b3e01568-e59a-43e8-9b36-a5878ace09bd,27.5,28.93,10.69,1196.2,standard,0,8296.47
98c314b2-eac7-4780-8aed-ca687d2ec8cc,22.39,16.89,16.12,191.69,apparel,0,6231.34
dd703cb9-d2ae-4180-bd84-514686ab8450,24.93,11.33,12.06,883.72,electronics,1,4616.96
bcd37e81-e4ae-471a-8a96-0b41302139bc,35.96,23.48,11.91,368.98,apparel,0,7500.1
d722d257-8382-4333-9e69-deaa7b341e7a,38.08,15.97,14.95,343.07,apparel,0,9962.57
c860e990-24fa-4704-85ee-9338149d1e47,30.68,13.3,9.03,906.14,electronics,1,4416.57
fc9f6ef8-1b47-47b0-9c38-688abd727381,7.56,21.68,17.38,302.88,standard,0,2642.56
07833786-d024-456d-bf95-e68ed3c6bad1,31.11,24.38,13.4,2547.12,electronics,1,9976.58
e63f1aa4-927f-42d7-ac68-58abb5a1bc92,44.29,40.56,15.1,1063.44,apparel,0,28640.51
43bbbf8f-a523-411c-ac88-ec7a2c01e1da,27.61,29.28,13.99,463.64,apparel,0,12013.72
29c5cc37-dae3-4227-a21f-c7eae9cb37d0,28.49,32.72,21.01,736.34,apparel,0,21034.7
a94bd8f5-328c-4139-a6b3-e09cd5c3febb,9.26,9.82,5.57,360.0,glass,2,566.07
98213496-58e0-4235-a881-cdd2facc0576,1.0,16.96,13.52,10.0,standard,0,222.51
78e4f8e3-0abe-4724-87dd-60ebfbc9fc7d,25.6,12.0,16.29,630.96,standard,0,5787.27
ad30cf7f-4447-4151-bb64-1a7c49d0e641,10.55,9.99,6.18,355.17,glass,3,573.03
a32d57dd-5a51-4d3a-b8f8-87e4b83b5072,24.67,23.59,9.18,890.77,standard,1,6388.54
2fbbebf9-ae0b-4c72-9213-c8dbe74c6358,23.15,20.75,9.57,1078.09,electronics,2,3756.95
15e2c42e-729f-488b-8303-e6a679901ee1,35.55,18.92,11.45,1131.77,standard,0,6833.45
11aaa317-8b3f-4fe0-aaac-097a3c349ce8,11.65,8.84,8.15,504.77,glass,2,810.19
2c314d62-adb0-4621-9f49-5cb67cc2ac36,27.46,20.75,2.02,141.7,standard,0,1183.39
0cf074a9-1b29-437d-8ca9-7ef08ff4b06a,22.38,18.39,6.72,690.59,electronics,2,2701.16
bdcfd870-e5c7-40b6-9eb4-7e99c7097125,37.44,42.33,16.06,3913.05,standard,0,29632.96
1363e74e-12f3-4d65-8f03-b756bac252ec,29.69,23.95,14.37,1624.09,standard,0,9500.04
6cc9b8db-067b-4ae1-a027-5aa9d3e6b388,24.74,3.24,11.27,97.99,electronics,1,954.03
8f98439b-3a43-4500-b937-03d647173f4d,21.5,21.3,15.1,1864.93,electronics,2,6472.64
9ea35a17-cf1d-4558-b693-3e10d0564247,9.18,10.28,13.31,150.45,electronics,0,1507.73
192303dc-9655-4930-8a32-42da0660d8cd,15.53,25.78,1.0,92.57,electronics,1,408.89
2c2d069f-dd95-44dd-9675-df2e94252f2a,22.51,6.55,14.93,496.56,electronics,1,1735.27
db843a2d-67fc-4789-812d-eb15511cb2cf,21.39,10.37,7.61,426.75,electronics,1,1740.84
7c7180ed-5273-4bba-af41-da6d4e830238,20.42,17.68,6.83,576.14,electronics,0,2800.89
879f7389-dc5f-46b1-bc83-2d2ad1fd0094,20.71,25.97,14.24,1186.77,standard,0,7540.6
4496d07e-70de-4321-818b-35e42b39f8b3,32.18,25.69,1.72,374.43,electronics,2,1278.31
aa0b4493-09be-4af0-89fc-19be066a14e2,45.93,35.38,16.16,1053.31,apparel,0,27429.59
35ecfd80-4cb9-47b5-acaa-42148fb9f9bc,24.03,18.19,12.08,724.0,standard,0,4505.02
ec63e0a9-68b6-47e8-b9e7-04fff2f2faa9,14.87,1.0,17.12,186.54,standard,2,238.87
9873721c-2e27-47f5-985a-7e834f39ed0a,32.33,31.53,8.08,1249.96,standard,0,6766.81
dbeef4b2-36dd-491f-a86c-55ea9a4d558f,41.08,30.15,16.22,2942.73,standard,0,19620.18
1a5824e5-db8c-4eb5-9e4f-9c151a860c4d,29.83,22.01,10.96,276.81,apparel,0,6822.76
7047e0e8-85c9-4016-81d5-cc213eb6533a,20.16,23.46,16.34,265.47,apparel,0,7401.33
93160a5e-2673-4fda-a1f2-5335f58a75cc,24.29,13.9,6.7,94.29,apparel,0,2102.71
9fc32fb9-17d2-4ada-a39e-ac91f27cc48f,31.26,17.49,11.46,1384.79,electronics,1,5804.12
70f8a895-51a4-4ed4-8ac9-061e235ecb08,18.83,2.59,19.75,359.94,electronics,1,974.36
5882e593-c64f-44a3-8ed6-6e04362cd214,25.59,31.82,16.65,2046.3,standard,0,11748.22
cc3d8bdb-48db-444a-8c27-9ee4852fda4d,12.16,10.03,11.02,809.56,glass,2,1541.49
90e22564-572c-4d0f-a275-f451ee327c8a,9.24,10.85,4.86,307.93,glass,3,526.03
20ed1fe4-efec-4411-869e-4f76bb82246b,23.42,7.7,7.49,261.14,electronics,2,1250.59
37cbf31a-9ca4-433b-8c8c-23702ac2a43e,21.1,19.75,11.82,1430.15,electronics,2,5160.64
e8c25eb1-3d11-4518-8f32-01db80fb9d77,17.36,12.58,7.55,1028.02,glass,2,1637.39
b77df081-0e1b-44aa-9f95-bba9e99beca9,42.21,25.14,10.88,431.1,apparel,0,10582.99
48cd8e96-7f7a-4ba0-a8df-097703637581,14.62,10.24,18.32,1514.99,fragile_liquid,3,3188.55
50cd87ae-6d48-44f2-8839-6c7055536090,8.68,6.88,7.77,272.15,glass,1,442.55
4c0c7b4d-c0be-4424-9dc7-a523078f4677,24.12,22.12,15.21,2122.07,electronics,0,8623.91
44483538-a342-4ec4-a95f-fae3bc9da91a,21.86,7.68,10.66,241.77,standard,1,1756.55
dde7ef24-a0ad-4df0-a0d0-e214d393bb6f,11.07,8.0,7.66,379.99,glass,2,683.54
ac0371d4-0894-425b-8fab-08b1382a1265,14.38,25.68,8.88,809.96,electronics,1,3306.21
ec455686-1dac-4d0f-8f97-2edf3ec58505,24.71,43.18,15.94,667.86,apparel,0,15636.09
678c6473-6da1-4acc-8376-ca380ec5c100,15.87,17.1,19.53,2897.65,fragile_liquid,2,6071.71
49524ac1-410c-4473-ac9b-59db1ffabcd3,16.68,6.12,12.29,772.55,glass,3,1280.13
90dbac82-3710-4958-b1b0-1fd011cd3eaa,39.66,6.54,22.33,220.46,apparel,3,5379.7
47a0b993-746a-4204-84f9-023f20b2c0b5,22.98,12.79,5.82,559.32,electronics,1,1588.03
337d479a-cde0-4bc7-bfbc-3c413843d877,17.18,11.27,12.14,1277.73,fragile_liquid,2,2537.9
632e8702-730d-4a12-bdfa-8809a0af2df1,31.1,5.46,4.07,280.16,electronics,0,663.93
bca2ca7c-79c1-475e-8289-2d6112a300d2,13.07,13.83,18.36,453.11,standard,1,3005.58
519716c3-534d-46c6-9f43-ca61a164af58,26.73,33.15,5.24,189.94,apparel,0,4500.85
a1bfc6fd-5089-4e9f-8026-af51af982e3a,14.0,19.24,12.64,930.62,electronics,1,3409.93
14e47f45-1859-4437-929e-a8f511b85796,21.65,12.11,22.6,3159.34,fragile_liquid,0,5341.02
1be3064c-05fe-4c18-8a44-6e501705b47c,39.64,13.12,20.5,441.61,apparel,0,10776.2
bff7a254-a982-4721-b1f5-2692da262e93,9.77,5.62,16.08,134.59,standard,0,894.02
d6881bba-7de5-4549-9c1d-ad14999d3731,33.37,26.27,5.89,205.95,apparel,0,5358.56
4484ef24-0f1d-425f-9410-7bd475d612f9,12.92,13.62,22.81,2156.19,fragile_liquid,0,4526.65
033737ee-0c33-4870-bd1e-8e401829cc06,10.34,10.46,23.44,1369.32,fragile_liquid,3,2618.97
df93a895-522d-4057-aee7-3f9b12af451e,18.74,8.02,18.68,1527.25,fragile_liquid,2,3215.61
dba02557-97e9-4345-8d31-563ff8ce3a6f,16.99,18.58,14.51,1258.79,electronics,2,4601.5
f0186c62-9eb0-4da6-88e2-27fe2017740c,1.0,21.39,9.04,77.79,electronics,1,204.78
5a8d1995-10ff-4454-98a2-7c23a727d544,37.33,27.26,4.74,247.11,apparel,0,4835.25
c8c55e4a-87c7-4e9f-b910-07bbad09a269,15.02,12.14,27.65,2687.05,fragile_liquid,3,5587.15
8d701316-e95a-4603-8fef-b6323c332b01,33.97,33.41,18.21,3231.7,standard,0,20115.18
29694039-4589-4d49-b97f-1907c1979b32,17.64,12.2,20.93,2524.93,fragile_liquid,3,4050.38
d1ad226a-965a-4745-b3fa-444b7f3e6f66,29.72,25.18,24.9,2650.16,standard,0,15354.56
58eebcf7-8eb7-45c4-b0da-6e706f771e64,27.01,18.25,2.6,365.54,electronics,2,1450.45
a69346af-ce28-4b53-a411-87210291f538,26.59,10.69,13.38,1039.37,electronics,1,3883.53
94498ba9-a062-4070-8506-6666d5e955f0,19.43,18.94,15.5,831.62,standard,1,5898.05
fa54c13b-89ec-4d89-a006-477f06817f66,16.41,9.69,19.06,1477.08,fragile_liquid,2,2874.07
0c743cd6-6326-4d90-a4a9-c171835a653e,16.74,10.9,25.19,2547.18,fragile_liquid,3,4341.56
0208a971-53ca-4a10-9152-3b75b95ec9db,17.21,38.39,8.88,196.65,apparel,0,5687.31
166bcb6a-c0f1-42ee-90df-4fb62475b7c3,9.5,19.54,14.37,743.79,electronics,1,2996.12
b25c8c63-8c8d-4d61-8ba1-43375ea5d342,15.08,11.78,6.05,294.16,electronics,1,989.43
1e96c5f2-4b7e-4e5b-bb1c-5019751913df,33.49,30.19,9.28,346.21,apparel,0,10223.84
5959b0e7-72be-4e6c-ad62-ceb4556fbfee,6.73,8.59,7.12,224.53,glass,2,451.84
96536e02-93b9-4e15-87aa-e571936ef407,17.27,10.28,14.41,1322.02,fragile_liquid,1,2655.76
5b67f282-3239-426b-bb4f-e282b6048914,39.67,22.72,1.0,49.22,apparel,0,825.63
e90ba686-63d1-4344-a05c-da39fbbe7f8e,31.46,10.82,8.13,789.79,electronics,3,2455.63
8afce191-7d0c-44a1-8ced-e5dfd4684550,13.3,14.26,13.67,1440.59,fragile_liquid,2,2801.36
07050db6-694e-4c73-bfd4-12e10f65981f,13.13,6.86,9.94,454.36,glass,3,901.77
ca58157e-34bb-46f4-bf21-2f59e627723f,23.76,26.2,27.23,2571.77,standard,0,17107.31
0262d515-bd4e-45ac-9ed6-dca22f8cffc5,9.82,12.7,6.42,436.79,glass,2,808.86
5ed1b032-357b-479e-90ae-bfb802575a72,13.91,10.14,7.93,574.15,glass,2,1137.63
244397fa-0adf-4647-a9d3-3f7ffd7dd6db,14.23,20.2,7.53,579.46,electronics,2,2118.57
1c8f5e30-e439-4be0-ad1c-bd8c98c71e57,26.85,12.43,13.32,999.62,electronics,1,4676.61
36a410f2-952e-41ca-ad81-557c4eb76a5c,7.84,4.01,13.44,171.01,fragile_liquid,2,413.46
bc5007a5-1cb8-4e05-8fe6-e2e4fc816b38,19.47,23.37,18.06,1369.09,standard,0,8370.76
1651bbeb-8428-45a5-a0b0-fe275d8d732f,17.46,7.8,9.82,840.52,glass,3,1375.13
1da21941-2801-4864-a996-21b29f0e65cd,13.21,8.67,8.49,627.5,glass,3,989.4
7473c1c1-be35-42d3-b91e-f3dc880ec3c6,13.29,14.09,25.71,2624.14,fragile_liquid,3,5174.59
8bbec1f0-1970-487a-9bdc-d3e075b9f8a3,31.27,28.77,11.79,461.03,apparel,0,12903.31
d5e0d5bc-beb3-4e47-980b-6be2ed89f9fa,22.22,22.16,14.34,1715.33,electronics,2,7518.9
573ad61c-a294-458b-b3b7-f139a144ec1f,13.94,8.91,7.44,488.3,glass,2,1063.91
1b68cd68-ca1b-4747-a867-57e52e255851,21.02,24.98,5.31,838.88,electronics,1,3077.49
4438d6e3-7317-435c-9b0c-1171fcc54a5e,23.33,5.06,6.92,148.71,standard,1,732.8
39a74a2b-309d-49e1-b502-a9d68db30e7b,21.52,12.1,16.29,2369.37,fragile_liquid,3,4108.41
5ff13f1a-cf43-4877-b079-cb02a38c3c72,54.04,28.41,16.33,993.36,apparel,0,25141.39
b553a1a5-5860-4dfe-b7f7-ff7b70c5c373,8.82,12.56,6.14,433.96,glass,2,683.27
0bebbb75-3142-476e-9c6f-e0a0716ee8a8,30.56,29.39,21.67,2974.97,standard,0,19795.83
5c4a28ba-8eba-4766-b5d8-5a13b180cdee,28.53,1.0,19.88,91.96,standard,1,593.15
75bcd656-04cb-4692-a56c-3e4572660831,47.93,30.83,7.01,477.57,apparel,0,10702.74
124d91d9-3742-4b3f-b4a6-f48ae06e1f8b,29.12,21.88,9.77,1606.07,electronics,3,7777.52
0606fa8b-c435-4221-9d44-bebcb24797f4,7.66,11.13,5.73,336.65,glass,2,538.4
3e1982f3-72d0-41ec-a17f-8849ea5d5008,16.69,14.95,3.92,321.45,electronics,2,1012.64
a4da048f-2e97-474a-88d5-4e0904f45f31,50.6,1.0,21.86,215.75,standard,0,1043.63
75550dd2-6269-4478-af09-91240759c228,16.53,11.87,8.04,880.57,glass,3,1804.27
001f81a1-a04e-4564-989b-80f8d186c278,22.01,18.22,2.51,222.86,electronics,0,919.96
eced3d51-6887-42e1-b1af-1e119d200b31,13.6,14.04,27.9,2906.63,fragile_liquid,2,5938.57
ebca984c-c1dd-4191-a4d1-9718adbc3ee0,31.29,27.39,19.02,4014.06,electronics,1,13716.21
db527275-3446-4f15-af24-55fa2ca7611b,11.8,13.9,8.13,787.41,glass,0,1274.79
b8ee2943-242e-422b-935f-e3ae8ca0432d,24.36,18.65,13.57,1518.24,electronics,0,6474.02
075f200f-dce7-4fde-940f-cc12a5bac9fb,11.29,7.06,8.21,401.65,glass,2,617.63
063d1d93-065f-43df-b103-b3338347d08f,30.84,16.54,14.86,1743.2,electronics,0,8541.65
bb7afa37-acbd-4a20-abc7-9ca2f82d60cc,10.55,21.45,9.4,393.76,electronics,1,2059.91
329f37ae-c43e-4ce3-b1e2-14e4ce0d49d3,9.43,11.05,19.11,1088.31,fragile_liquid,2,2003.66
e5d55a43-a523-4352-85f2-95c43137bce7,14.97,12.41,12.81,1305.8,fragile_liquid,3,2656.2
d18810af-2f2c-4770-bf0f-d4ffbeebfa49,43.46,12.84,14.05,1355.32,standard,0,7395.13
76a5535d-ea46-4490-925a-c66406ca3673,26.6,7.78,4.88,276.73,electronics,2,977.63
47905207-6599-47be-96fd-31e357f12d3d,23.1,21.09,19.87,1663.62,standard,1,10631.23
36499e85-7d15-4577-8412-2ee728987626,10.64,25.46,17.83,997.19,standard,0,4356.65
af8d8b79-c7ec-45fc-8b45-e909075b2468,53.6,28.44,12.79,833.84,apparel,0,18011.19
0c088309-3f06-49f9-aa19-ecd38bc92ae2,17.88,14.51,16.37,1118.44,electronics,1,4155.72
9fe063fd-a33d-4d84-b4be-c8f14e4fa00d,26.95,25.23,3.78,527.29,electronics,2,2295.87
78d0f439-5827-4584-a044-319741ed6a44,27.52,19.44,21.69,1838.04,standard,0,11597.0
c1ad1e4f-4050-4025-981f-072af712f7d6,18.79,12.9,14.18,1864.22,fragile_liquid,2,2873.41
d98905ba-ff37-40d8-a386-9c5b9c55bb55,17.96,9.62,15.51,1456.38,fragile_liquid,3,2873.28
eea98f14-872c-414d-ac89-e0218446c2a8,50.31,20.11,6.87,293.95,apparel,0,6714.09
3a24dfe9-3cf0-4c95-8e1f-d8b428e2acb1,12.39,16.1,20.76,2350.36,fragile_liquid,3,4055.64
e84b6a9c-4c87-44bc-aea3-9ef35a6d876d,8.62,12.74,20.08,518.21,standard,0,2248.75
aab91215-07cc-48ae-a3fb-8ae2826fda3f,38.32,38.21,11.2,693.83,apparel,0,14260.0
75274da7-a7c3-41e4-9ea7-30b23d5d2593,15.01,19.06,9.06,274.31,standard,2,2489.87
43edf563-e45d-478a-a991-0e056dffa6a4,33.69,1.81,12.62,332.87,electronics,0,721.22
46d2e2e9-ed99-4175-a9fe-5fd417ca3742,32.02,23.24,11.85,2207.82,electronics,2,8696.34
6de0490f-08bb-4e81-8a38-67259a3e05aa,39.07,24.03,25.78,996.46,apparel,1,21755.54
f4a979cd-e52f-4b78-bf67-a058ab1de12d,38.9,24.05,20.85,813.96,apparel,0,23174.53
8aa067e3-60bb-4e2b-8d42-3b8279b88320,12.2,12.24,7.16,704.77,glass,3,1150.16
011cc710-4b26-4614-8306-7832af2aadbf,31.83,21.24,8.97,1666.79,electronics,2,5240.29
5b3d46da-43fb-4124-b41f-ae28e06daf9c,14.95,13.56,11.13,1175.73,fragile_liquid,3,2392.57
1150ef17-e5f3-4c89-9aa9-a8ac4fda7569,48.16,28.13,6.67,371.99,apparel,0,8970.47
17b2dad5-ecba-48d4-a4e0-5a39d2ab3fe6,23.45,21.17,14.43,1884.62,electronics,1,6248.69
74e0e1ec-e9d0-4f75-b09c-f594c583202b,20.34,11.04,15.6,1899.53,fragile_liquid,3,3405.35
44471b36-14b1-453c-a19a-8d0d96d2fb92,27.97,22.35,10.43,277.31,apparel,0,6194.68
e2511912-de12-41db-bdf1-9080198dcc7f,9.49,5.45,6.4,174.21,glass,3,313.07
e057c15b-b405-44c4-a6ed-8e008b813403,16.51,9.62,19.66,719.25,electronics,1,3378.43
7bc96f8c-c8b2-41ab-b592-cf633436e798,10.4,8.34,3.44,191.8,fragile_liquid,3,236.27
ca6dd4c6-ced9-490d-ac01-f402409b3895,26.02,21.5,25.32,2124.99,standard,0,15306.41
e145bd42-a418-4768-945e-7fbc83778970,15.81,28.2,14.25,960.68,standard,1,5927.04
784c9728-c44e-4d51-a4e5-2c8a0a93231e,33.34,20.53,9.17,1403.46,electronics,1,6439.05
75af7dfc-12d2-4bb0-8a23-fda70a1fad12,22.39,8.34,6.91,367.84,electronics,1,1487.0
1c88e522-1c26-491b-ad66-e8f09ac8996f,28.54,14.06,9.07,711.54,electronics,1,3277.9
d5ba0af7-eaa4-4e76-808c-60922e602ecf,29.94,48.5,17.65,981.68,apparel,0,33496.44
34e65371-24fb-491f-b2ff-c53273b5d449,46.87,25.1,15.11,755.21,apparel,0,18904.6
198dd3c4-fbd5-41bf-8c82-34249265e7ca,19.12,22.39,11.47,1256.68,electronics,2,4975.63
39789e79-1a66-4b1a-b696-9f7b81566e15,35.36,24.1,11.97,406.9,apparel,0,10582.88
e877bb9f-12ee-4891-aef4-ed291eb2a669,6.21,9.03,12.33,396.15,fragile_liquid,3,609.98
6004a746-7fb8-4ff3-8eb7-d23ab157a5c1,17.17,13.26,9.59,506.25,electronics,1,2185.83
722d1bb6-dc51-4d3b-9fff-0ae9d4fa99c7,34.45,26.73,3.52,173.62,apparel,0,3126.02
ecc17abe-5667-4293-8840-c7bcd1f3286e,8.67,11.72,6.52,400.76,glass,2,680.94
a08b51e6-74c5-4436-8922-ceb13769257b,13.18,10.19,24.96,1850.42,fragile_liquid,3,3018.28
31282624-cdaf-48ac-bbab-e63adc7ed0f1,15.44,34.09,14.06,318.17,apparel,0,7270.66
a9517041-3f61-4bac-9053-d41372c369cb,36.18,21.97,10.54,2047.14,electronics,3,9748.12
5545906c-6892-4f77-8e75-df4ba46f182c,15.25,24.55,19.62,1674.12,electronics,2,7868.34
ab0da592-92a9-435a-9f17-f0be4c803797,10.62,11.21,12.13,873.12,glass,3,1266.18
47a02ba5-0eda-4d10-bdb1-7542416ed45b,42.02,28.56,11.39,565.95,apparel,0,12022.51
ce9cfc20-f4b9-4429-a855-8f14de888ddb,28.43,16.96,9.41,1092.71,electronics,1,3991.02
1c688bad-303b-4bff-b4b5-88fcdd171320,14.61,10.35,20.92,1841.68,fragile_liquid,2,3188.52
43456499-9775-4bdd-9386-ef54498f29d4,20.86,20.28,13.49,945.76,standard,0,6060.38
273fd08c-076e-4031-af7c-ddaa325249c2,17.06,32.76,12.09,313.97,apparel,0,6918.01
f46e2150-65a4-4851-b41f-76bd07519b88,36.53,26.34,13.9,573.72,apparel,0,14825.22
91ddd8cc-d7e3-4767-8dee-6e440068c221,37.07,23.33,8.0,251.88,apparel,0,6286.46
861337aa-354b-46db-969e-e99be08d4f6c,14.24,15.22,12.24,712.89,electronics,2,2995.22
578f7b67-6afa-4608-b56d-b1b2c0d17712,23.26,12.72,8.42,539.01,electronics,1,2724.63
85f617df-31d8-4092-abfd-7b5a2972ed33,24.38,19.41,14.2,1165.92,standard,0,5666.88
cf985515-0986-4bf9-ae9d-f4ac41388ff2,10.74,8.79,10.86,696.2,glass,2,1107.96
e8b9aa07-175a-4a85-bb4e-d8eef0cf52b2,10.66,12.22,9.74,857.36,glass,2,1215.02
b90eca3a-8a60-4eb8-ab44-5bb84d7479df,12.52,5.96,4.48,266.55,glass,2,342.34
2a3a92de-5082-45f8-9342-ad28aa5e8995,18.94,23.03,6.42,657.76,electronics,2,2309.57
22c81264-04ca-4d9c-b63f-2beb4e11c953,13.75,8.92,8.94,95.23,electronics,3,1142.94
a55025a6-f078-46aa-91ee-4c895eda6c77,16.86,15.69,8.64,679.09,electronics,1,2154.11
1c67e92f-61dc-48ab-95ac-5818d52a61fb,32.84,44.9,2.94,146.89,apparel,0,4880.75
8ed25edc-f314-4b77-b334-65562f870ff5,15.89,16.01,19.23,2643.66,fragile_liquid,1,5312.36
6dff693c-465a-4079-8276-4717a4d16212,8.72,14.53,27.12,1959.62,fragile_liquid,2,3115.09
45ecadc0-83fc-4933-a7b0-6c514572fd85,33.59,31.84,6.42,293.31,apparel,0,7880.96
61cb37b0-ab15-478d-8ec3-e38a390d48f0,14.81,9.24,20.09,1461.08,fragile_liquid,3,2692.72
1ce513e3-ab85-4aa2-a5de-2c4bd715ed25,33.76,30.8,11.57,1860.18,standard,1,12021.42
a5cdec75-e132-472e-8629-bcbb288a8751,29.68,17.45,10.23,1383.77,electronics,1,4735.16
0dafb2eb-d0d8-4834-9512-19b795417369,13.91,25.21,13.9,744.82,standard,1,5048.76
9215189a-71a1-45ca-96c9-3e4c30048867,27.66,24.64,12.57,338.76,apparel,0,7241.8
d510455e-adb3-467f-9190-7f1123dcfe94,13.21,7.32,5.73,341.1,glass,3,477.28
c9f4f3fc-b7ec-41db-86ef-01a98f01484d,17.4,23.96,13.69,214.26,apparel,0,6443.53
a07105ee-95a6-4050-b2cc-cdee4042c8d9,30.94,17.51,13.14,1152.91,standard,0,6018.51
093e1efb-91f5-41fc-9fef-674b2fdacdcd,43.57,24.15,20.63,850.24,apparel,0,24424.44
b03bd30a-6130-4aac-b051-ef8111583753,10.91,8.36,9.01,519.07,glass,3,968.66
0ffe8b84-5468-4aca-b051-10acf68b5c90,28.18,27.25,18.76,3557.17,electronics,1,17281.19
bdf61641-e3f1-4326-bee6-d56d9d33903e,15.96,7.96,2.78,231.8,glass,3,373.35
cbc88453-2724-43ef-9589-ec561b313431,40.37,31.43,12.0,648.78,apparel,0,13921.47
26397092-72e2-4cf4-9a13-54ada6a199f6,16.09,18.46,5.12,210.06,standard,1,1594.51
174908dc-a894-47bd-9b18-cadb16310a20,13.71,9.41,8.45,687.55,glass,2,1095.32
966c4e36-6ee6-4537-be4f-f85fb6e13318,21.74,15.51,11.56,861.83,electronics,1,4290.07
096f2af5-b8fc-45de-adc7-5534c7b4f7c6,14.16,4.7,22.27,786.8,fragile_liquid,2,1565.91
0dd2ade1-f067-4503-ae37-d4fe0e557932,20.45,9.82,22.07,582.52,standard,0,3937.92
11bc1013-923e-46b9-9972-cb258992fb17,42.66,41.99,3.18,603.93,standard,0,6784.66
6e3c6f6d-a269-4adc-b0cb-d63d8c4cf2b1,29.78,28.28,6.37,231.41,apparel,0,5659.2
ebd42fef-0dee-4b07-98fa-230d0b522e93,34.29,21.52,6.51,238.03,apparel,0,4643.69
415a745d-b977-4532-983c-4f1f56d03cfe,15.84,24.14,5.77,470.41,electronics,3,2484.67
0d5f6b6f-7c4b-41fe-b1a6-e3aa3f600fa4,14.82,10.83,4.9,512.0,glass,1,834.67
7b6c7149-4fb1-4d1a-86a6-8fae383e9401,29.43,12.82,10.2,947.72,electronics,2,3916.77
392cee34-e7c0-496b-8fd8-85c4cfee5678,58.07,36.51,16.0,4996.75,standard,0,32213.9
a82b9b33-a69d-4053-aa2f-c4a2bdac6a5d,14.19,11.68,8.57,819.96,glass,3,1785.17
398caead-b13e-424a-b55d-6ba3cbbb2fe7,33.18,22.46,14.7,399.31,apparel,0,11358.27
65678d80-fe66-4659-9570-1e5a85df020f,13.69,13.58,5.7,689.66,glass,2,1048.9
904a3d56-4b5c-44c5-a96c-36211f33085f,16.38,10.59,10.77,1140.49,glass,3,1435.53
f2dcd7cb-5e99-417a-824d-d365bd0338ef,1.14,39.37,14.34,17.6,apparel,0,620.74
e7dcc3dd-1698-4a4d-a9a5-f73dfb312c90,21.95,17.09,11.76,1131.39,electronics,1,4952.33
55ca475e-ae7a-47d2-8bbc-8b3cb0f106b6,29.38,8.25,14.78,857.17,electronics,2,2866.86
383d3f69-dd9b-41c2-9fe3-bdc7325ede37,6.82,22.33,16.71,604.47,electronics,1,2386.02
42e35c33-175b-4439-9754-7642b96125d3,35.72,50.31,11.85,3153.38,standard,0,19035.69
a3035dba-172a-4380-8cf2-5224b7e4834f,18.7,16.89,13.08,1143.66,electronics,2,4701.21
0caaadc6-3e4e-437e-bbb0-9bd3fbe46532,13.91,8.04,9.52,683.56,glass,2,1022.73
ab4b4db4-42c3-4fb0-8701-5685eae50172,43.73,27.2,2.69,125.03,apparel,0,2787.24
5ea1cdc5-18cf-4f74-bf25-10fd8e07d30a,5.22,8.54,9.77,258.83,glass,2,408.11
641f6201-6d89-4139-93a0-b9d6eab88ede,12.41,29.92,9.9,931.47,electronics,0,4002.67
bb97e2ca-1059-40b1-ab0f-0a2ec74714c7,13.92,15.02,13.82,1643.13,fragile_liquid,2,3011.75
ef6f05dc-0208-4b56-af1e-483e3cb255a3,24.3,21.31,9.49,1247.94,electronics,2,5093.31
99a8d1d3-3a92-4206-9445-a9184459d2c8,10.74,20.55,6.99,351.1,electronics,1,1329.13
79506601-adea-4fa4-b907-3f404bad4f69,16.85,6.72,5.06,342.04,glass,2,517.14
41a7c7d3-0144-4878-90fb-320471b1ee0d,14.56,16.58,12.14,1622.33,fragile_liquid,3,2779.64
0c2050ac-30cb-471d-9ac1-eb9551250aae,39.83,29.99,25.5,1177.28,apparel,0,29872.24
d1a023f4-93fc-4df9-a1c7-9bfc4a3229a9,51.39,19.99,11.6,502.06,apparel,0,13203.62
93100bf6-8c20-46ba-a51f-d439cad0b759,28.6,22.19,5.94,115.87,apparel,0,4499.44
44c5f3a8-c9ae-4194-8bbc-34e335333938,29.6,15.19,24.63,1346.88,standard,0,10295.32
7baac080-db19-469b-a3af-58d48fd58125,33.72,37.11,9.81,487.52,apparel,0,12542.61
7067659f-86fd-4e92-88f7-9ca6d012865d,14.45,8.56,18.95,1249.08,fragile_liquid,3,2305.09
12737a9b-e002-48f1-8678-6006f6bc37e9,13.57,9.07,8.84,662.72,glass,3,1100.68
bf745764-f016-4638-a26b-d5d4763af183,26.31,29.94,14.01,463.93,apparel,0,11736.42
1f453b00-9e6f-401e-b333-eee39e39f717,14.3,4.16,13.47,497.96,fragile_liquid,3,850.01
5ceda193-5a87-420c-a0f2-af6c8f483a55,21.1,10.13,23.64,2807.47,fragile_liquid,3,4604.26
81deff35-2aad-4c64-938a-f8c54bcedc99,4.91,20.46,10.97,260.21,electronics,1,1023.5
cd93724f-6a9a-4f56-be40-594af94bc169,19.08,23.66,18.86,1439.11,standard,0,7988.29
f327943a-dd73-4e1e-97ce-1b1457eb1081,45.89,6.74,20.91,997.01,standard,0,6165.9
c0a45e4b-131b-4d51-b639-08b2ad1a2682,21.93,15.74,17.32,992.17,standard,0,5691.17
b2cfed65-a210-4015-a594-8ab8e95555a1,46.4,33.8,15.3,951.74,apparel,0,21614.49
b0d35b26-939b-4317-a025-3022cf2a0f3e,30.23,32.41,19.22,2860.79,standard,0,17247.66
91c782fb-fd93-4f48-8504-6511cf780afa,30.68,17.54,11.17,790.87,standard,0,6685.34
91a3d0f1-c7b6-448e-9ed5-3e93ab8b8131,40.29,20.52,10.06,1230.58,standard,0,8837.5
2a77f138-8e50-4491-9bd4-99a924e3c64d,11.68,9.26,5.31,254.54,glass,2,618.8
cd5252dc-336d-43d1-8337-399adb1ba586,30.76,28.42,12.77,486.57,apparel,0,11865.76
1231ffff-b6a4-4037-a0bf-de51c70ea64a,34.42,12.44,19.49,1092.22,standard,0,9428.66
412e321b-82ec-4635-91d5-069af9d6bef3,15.15,12.7,9.04,961.6,glass,2,1563.36
4a3494ab-473f-4ae2-b79d-b6a0665aa7bb,6.81,12.34,7.21,325.64,glass,2,611.94
66b18232-1c10-4d96-8ac3-d93bee8f4444,25.88,23.0,15.05,1415.48,standard,1,7524.1
c8c31157-15da-4c9a-950d-08898ef7f5d1,26.94,19.27,14.4,1806.22,electronics,1,8937.52
c88d5fe1-2a70-4a19-b0d9-a91f53b385f3,35.8,21.41,10.04,1949.97,electronics,2,8481.18
58ef6eea-acb5-49dc-a299-41f0d456cb23,20.81,23.48,8.85,605.8,standard,1,3905.47
dc176453-a512-41e3-bf59-39d566988636,12.02,9.6,21.32,1422.53,fragile_liquid,3,2194.64
1e6f7dd6-d642-4b08-b24d-a24204cd244d,20.15,13.49,14.89,545.61,standard,1,4184.71
a849a729-51cf-47fb-a86e-0eb1955dcfb6,50.1,34.77,11.75,823.54,apparel,0,19630.88
66599ed4-99f4-4c2b-9c70-14849454c419,43.2,26.33,5.81,260.91,apparel,0,6893.33
f1d87723-e19f-4145-9623-42e4387e2219,26.74,17.17,11.13,1216.3,electronics,1,5312.33
1387379e-fea7-45b8-bcbd-2d0c1dfdf38f,26.48,48.63,12.98,631.77,apparel,0,15040.38
55cb33be-cd46-448d-a256-1c7392e64d65,10.13,7.84,4.76,238.74,glass,1,346.58
1788a35a-410a-4f72-8ec1-0251ed239f28,20.1,13.76,32.0,4870.91,fragile_liquid,3,9035.96
cc0cdf18-8abc-4662-af9d-2a7a9aade9d5,36.08,22.12,13.48,446.53,apparel,0,10064.62
aaf20498-f73d-48c9-9801-ef45e5d20278,16.59,13.63,13.03,1585.5,fragile_liquid,2,2459.81
c8d523fd-49b3-41d4-8337-849959c5775d,48.06,24.53,11.27,596.28,apparel,0,12575.62
08befa16-9851-4a66-ab67-7a31df9a3f25,10.5,11.88,5.09,349.67,glass,2,568.9
fd1c80c4-bd47-431c-8ba9-fec8eb07caa3,15.69,13.85,21.05,2642.1,fragile_liquid,1,4528.88
083659f5-9a71-4e76-9a36-ce81e6beb8ce,18.68,32.44,13.4,295.01,apparel,0,6783.39
97d85e4c-95f0-485b-9932-75e27ec41e30,9.38,16.31,17.83,1529.12,fragile_liquid,3,2981.17
7826faa3-b4e3-4e79-99ff-b39c4e481912,33.79,31.37,13.06,519.62,apparel,0,14773.56
d3b2b44e-4157-41cb-987f-d68be1800858,15.63,13.16,26.56,3067.99,fragile_liquid,1,5439.6
5885878c-87b9-4f1c-bd45-9dea06c07a5f,37.58,4.32,13.06,139.66,apparel,0,2703.92
f108c5b3-7346-4318-983e-3961a84357e2,36.06,22.46,17.91,1885.23,standard,0,15762.12
6c2e015d-edea-4190-b6ad-e26d4cdce7fd,20.81,15.28,14.93,1208.3,electronics,0,4635.26
1acbdceb-b460-4d5a-8631-e252df979b56,35.9,27.89,19.08,689.86,apparel,0,16338.19
13e66cdf-e5ec-4bae-af95-8ffa8257e909,37.85,25.24,20.66,732.91,apparel,0,19005.51
09d2ed72-933b-43ca-abec-8464aef0ca2e,15.42,9.58,7.88,351.69,electronics,0,1293.38
7fa1e177-20ca-4ac7-a635-32999a48eea8,16.23,12.64,22.82,2433.85,fragile_liquid,3,3954.64
931d8fba-bc49-4c54-a460-0a9daf041bd6,16.49,13.62,18.74,2247.18,fragile_liquid,3,4127.78
5907b896-9cf1-4f81-9484-86cc3bcb4760,21.93,37.87,22.13,2734.52,standard,1,16378.07
c31679c9-1363-4c21-98f5-faf15bab3d48,23.81,17.62,7.86,799.32,electronics,1,3580.45
18520bbb-f32f-44b6-9799-4cf90a0d3324,23.29,11.93,3.04,322.86,electronics,1,786.9
a3f6ad17-d114-4d6b-a1fa-def5708a3902,19.65,36.01,2.64,218.06,standard,1,1806.21
72200405-1e72-4cec-8272-9eb1efeb5998,25.42,11.63,12.23,878.83,electronics,0,3469.09
d6025658-29b6-48b0-a8f1-27aa544ff11e,13.54,21.14,14.38,1105.86,electronics,3,3888.28
3c9991cd-a947-4b25-8060-6ad5147289eb,40.24,13.31,14.11,984.67,standard,3,7899.14
32e3914d-fb63-471b-ad3e-b4cb673dbf2e,43.27,18.28,11.93,430.15,apparel,0,9580.89
3f4713f5-c46a-4e98-babe-19b3ae80b5b4,40.0,40.68,14.67,943.82,apparel,2,26822.6
98a1b903-9354-4457-9cb1-d09e88ea8734,39.07,29.46,9.93,469.31,apparel,1,10041.91
3eec06bd-cd9d-4e07-9d50-b87d216859c1,15.4,9.98,10.25,940.37,glass,2,1606.86
2fbed7c6-c9a7-4149-aff0-474727eedf93,34.99,34.88,12.59,631.73,apparel,0,14916.67
5573f17d-7460-48c0-a8b2-de21530f734a,42.7,25.36,10.59,472.02,apparel,0,13730.21
1e162a18-757b-4f3d-944d-06aa4097eda2,16.21,6.67,6.16,378.06,glass,3,679.57
15b23ecc-b843-40e9-a7f3-ddd920156b8f,11.62,13.82,17.01,1527.57,fragile_liquid,3,2843.76
1725c550-f5e7-4228-9c4f-f9873587de40,8.09,11.25,7.07,466.48,glass,2,679.12
ba14c91b-442d-49e3-965a-c62c4a345a51,13.77,7.2,8.36,528.94,glass,0,809.54
9cf80bb3-f3ea-4a9e-92ab-3d1a5aaf2c26,38.11,33.78,1.0,110.87,apparel,0,1104.72
dbae929a-c880-4a5a-abcc-ef4b506f33bf,29.46,24.21,1.28,218.38,standard,0,832.16
5ee2caab-3160-412c-944e-8da4afe9ba1d,23.5,20.84,8.93,936.77,electronics,1,4606.36
b4b04a4e-8440-49dd-a0e6-f69dcf9d1d8f,23.63,29.22,6.5,1216.86,electronics,0,4466.87
46d3239d-703e-49c5-9dcd-d8b721df640f,13.07,13.43,21.56,2155.79,fragile_liquid,3,3811.07
d700fb30-5c9a-4a5e-9ea5-af456b619c68,12.54,10.12,8.37,634.96,glass,3,1168.12
2eae4127-5e95-4a2e-80d1-997c87736097,8.44,15.74,25.89,397.65,standard,3,3336.41
dc339dc6-4b44-48ee-b488-7bc78ac5349c,45.88,26.48,9.2,1685.04,standard,2,11855.3
4a708538-cf09-462c-b917-388614c35fd9,20.1,13.77,12.64,1904.48,fragile_liquid,3,4248.93
51befc11-da3b-4eaf-a572-87355d3626d3,35.27,26.84,14.76,3321.53,electronics,1,12034.09
1ba2b3df-4b12-4f53-89e5-e764c5afc7e3,12.65,11.8,13.1,1028.15,fragile_liquid,3,1914.73
b07258f1-be5d-4d25-8616-185e51b6aa29,8.47,9.35,9.55,384.41,glass,2,829.34
3ff33574-880e-43ba-aec0-3fd0168894d9,15.5,7.45,8.7,548.82,glass,3,1016.85
5f18dba0-e9d3-4733-9454-32e9981baf65,10.54,6.64,17.39,657.96,fragile_liquid,3,1055.02
bf158897-b27d-4a75-a86e-ee6e4b7f39de,24.57,16.42,22.57,1408.45,standard,0,10378.52
729b1efd-0939-4e54-9112-56977ff41229,11.98,14.39,15.5,1406.15,fragile_liquid,3,2968.06
ef2ce063-15f7-495a-9686-8f252cd9f25f,23.61,16.76,11.52,1153.05,electronics,0,4717.13
bc89b90f-2389-4a9d-8a78-35dd1b24d3e7,12.8,12.62,25.9,661.64,standard,0,3910.74
c7dfe56f-170d-4173-9033-e1cdead9aa95,22.83,20.63,6.05,764.04,electronics,1,2490.63
081286ea-039f-4d4d-9edd-a8856a1c442a,20.72,8.77,9.74,1009.75,glass,2,2091.59
1ec4bec1-a0d1-4dea-95ee-1c4d829242df,9.61,5.95,8.96,363.51,glass,3,463.24
7e4af69c-9983-43fe-9cd3-5c6c97859cb9,48.66,22.7,10.54,420.01,apparel,0,11286.37
c424f4a9-19c2-427a-8fed-1ce316b314a4,26.01,7.65,16.53,419.68,standard,0,3238.35
fc3087a0-3ebe-475d-8e51-9f2e00e9653e,16.58,10.16,11.69,1054.22,fragile_liquid,0,1785.62
fd54cad7-3fa1-40eb-b05a-77ab41bf8ed3,51.4,57.46,7.95,923.85,apparel,0,21897.24
fc101c72-636e-4de4-86b6-01309d817224,26.67,14.17,1.0,35.68,electronics,1,386.08
9751e36c-1ada-4b36-b5d5-3ed42125ec9b,40.93,20.63,9.06,1922.34,electronics,0,7383.77
26cb8d28-9572-4da5-ad78-95cc5a5e63f6,22.17,8.42,22.52,2337.68,fragile_liquid,3,4108.27
9118b207-2968-4b19-818d-01d9067d3812,29.96,7.72,4.19,267.37,electronics,1,870.2
91ac6c5e-c826-44af-a71c-b054fae9247d,39.26,19.94,11.02,343.99,apparel,0,7937.03
30f38beb-2faa-4bb6-9ee1-b68f6977bd04,9.25,9.46,5.88,278.72,glass,2,497.81
f9485837-eabf-4ee6-9e96-9de36bc8cf83,23.73,18.94,3.26,271.26,standard,0,1410.65
76de3ac4-177e-48a2-bbad-6479cafe65dd,18.5,14.38,13.53,1956.72,fragile_liquid,3,3358.18
06481472-90b5-458a-8d8b-25e6e83fae4f,8.23,16.37,8.2,575.01,fragile_liquid,2,1099.34
249ebf1c-d5fb-4a2a-a9de-1bbbf6e36a55,25.06,22.88,11.91,1657.96,electronics,2,5525.39
50d534b1-b8fb-42f1-b054-c1c55227b0bb,31.7,22.15,4.45,696.5,electronics,1,3691.41
fa2a0d9c-75a3-4d46-a040-55ac1205a0b6,44.82,20.73,18.62,708.08,apparel,0,20389.07
aff805dc-aca0-4f9f-875e-5aefb7d949ab,33.9,10.88,10.98,1005.31,electronics,1,4355.4
4e843599-a2f3-47bc-a629-9825a408149d,25.55,11.87,8.34,645.6,electronics,1,2539.19
904f23d7-6ce4-4a26-be0c-925ca373d057,21.31,15.99,13.27,2525.08,fragile_liquid,1,4300.8
d6a03387-9ed5-4d2b-ae40-632496c0d3aa,16.03,25.55,11.97,174.6,apparel,0,5736.81
11e05add-4f03-4d7f-835f-374e248bbd7b,13.8,12.78,17.29,1560.35,fragile_liquid,3,3213.68
20d39f99-b312-49fc-a8e2-53800fe3b300,46.1,22.77,1.0,217.2,standard,0,1000.13
3a9b43a7-7eb2-4988-a820-51862d5a8880,15.76,5.34,8.27,414.93,glass,2,600.16
106d7d8f-1920-466a-bec1-65cf1260530b,27.43,15.94,15.88,1613.66,electronics,2,5688.34
6953e8d7-e713-4113-9593-a57892a26d72,18.81,18.46,7.96,103.04,apparel,0,2571.69
a94de303-9e95-40ef-972c-8c2d31f4f59d,42.34,17.87,7.84,1464.81,electronics,1,5515.97
de30bf0d-c703-4f47-9e7e-fbdc6ef5431f,45.43,33.9,13.5,884.0,apparel,0,20826.6
c9a73a8c-3c3c-41c7-80d0-2ef560a5c0d2,26.67,18.68,14.77,1179.31,standard,0,5745.68
0d14f439-bb96-41ce-a386-fee3c3fc591a,21.33,5.96,22.38,651.84,standard,1,2388.39
d5116bff-789c-45b9-8233-21805a8c6df5,27.91,23.62,15.41,383.92,apparel,0,9913.36
da24cf0c-5f9d-4543-a8e5-5bb7ceebde6b,28.29,11.45,7.59,659.83,electronics,1,2817.59
0fd1ebed-ed19-43a2-ad44-c47d1f91e1d5,9.39,11.99,23.36,1403.0,fragile_liquid,2,2487.35
74aaa9a7-2c3b-4e46-99ad-1544e9168c2e,22.61,25.96,2.92,384.13,standard,1,1781.17
85799763-ba5d-4eeb-b68e-4cd273d2f80f,13.05,10.61,9.41,740.16,glass,3,1343.86
84359cd8-d89d-4615-bd39-7f2108a6a88a,30.46,27.9,13.63,466.32,apparel,0,12020.93
df87225a-a692-4fce-8b1a-022144583051,7.73,23.19,22.33,636.96,standard,0,4133.86
c5adcb75-c3d6-4fc4-a39b-6435e6a13e2c,18.96,18.36,4.95,489.64,electronics,1,1602.9
70146d4d-0a92-4f3b-9a57-56f443ca2fce,39.99,28.52,13.83,4022.81,electronics,0,18216.59
5d9cdc77-ac8b-4c2d-97b8-231c9e934cd5,30.59,36.81,6.08,278.59,apparel,1,5861.09
b9270c66-424f-4f7d-8e64-cd6d47aed9c6,9.39,13.03,23.14,1533.05,fragile_liquid,1,2538.97
fa751688-e8da-4658-830c-a4e531933352,29.42,13.56,16.38,957.33,standard,1,6327.44
f007edac-33d1-4417-9c5a-1d1d4915aceb,14.13,12.21,7.66,183.83,standard,0,1308.34
008695b4-c7be-4aa5-b3de-06ba77a10a0e,8.77,17.17,4.95,111.9,electronics,1,744.0
7410e2e0-4d01-483a-aed8-f579983ef000,44.9,34.63,12.62,787.89,apparel,0,21781.21
d88edb24-5111-4558-9c40-3e48ab7300ed,15.7,5.21,12.18,590.51,glass,2,815.81
d8ebcdd5-20c2-4f1d-bca5-8bf99b9fb6ed,23.12,18.85,11.04,642.42,standard,2,4719.32
131540ea-e19b-41ac-a3c1-6d3d39ed8ada,4.82,7.52,9.73,128.71,glass,2,343.89
5e50dd17-2fb9-4f5e-b4d5-07104fb8d96b,13.39,17.77,8.98,1128.8,fragile_liquid,2,2053.68
0d5ec5cd-3cfa-4dc2-a7de-74daae972556,24.04,18.11,9.57,965.39,electronics,2,3977.99
03bcf990-96e4-48ae-bb78-5f5b4be77b15,31.93,28.29,5.88,1407.59,electronics,2,5715.43
40d3fa24-a723-4f7f-a489-c0b148c47728,33.9,36.57,5.34,267.49,apparel,0,6633.07
05df3ced-756f-4d13-922f-f00194fe9642,16.93,13.58,18.05,2321.8,fragile_liquid,3,4703.9
3f724c46-1979-4865-a0e8-127dbd20cdb8,40.08,36.27,20.25,1210.49,apparel,0,31777.37
63844f4b-6eaa-4e3f-8b68-dcf3a7bde244,29.66,20.35,19.16,1835.44,standard,0,12635.5
77992885-73e7-4866-a9a9-518554233180,25.22,23.05,16.77,384.09,apparel,0,7720.22
fd4370cf-634d-438d-af6a-ebaa92ed2d0b,17.86,13.44,15.31,2001.74,fragile_liquid,3,3111.21
da95a4f7-9159-4dc4-981e-e2422370d80b,10.91,11.71,6.07,394.53,glass,3,890.65
7baa12a6-7f80-45e6-9440-daae986ba239,35.59,18.22,18.54,1775.68,standard,1,12847.05
8f076511-6eec-4f43-97bf-f30a5886edb1,25.4,21.47,11.15,1395.39,electronics,1,5259.22
7631af2e-baf4-472c-abb3-a7f67a732582,26.26,48.3,13.64,715.96,apparel,0,13573.03
7fa772f8-12d6-42cc-99d4-f0d92feec1e6,12.03,12.18,7.49,599.31,glass,2,1166.37
3c52cc92-f5e2-4854-b551-fdd5cc36ab91,11.01,15.82,12.36,1256.58,fragile_liquid,3,2214.15
3c17a36a-bf72-4706-b842-7e1af4578f37,12.03,7.41,7.44,392.93,glass,3,709.11
a1948093-7acc-41fa-bdff-7ca890d7184f,42.19,32.72,19.58,4130.12,standard,0,25335.2
0a4726dc-4b33-400c-9293-e1dd1d6b0b34,15.16,39.76,12.96,325.15,apparel,2,7898.06
d46ac7e3-f355-4136-87ca-afa09a61cec3,28.61,25.22,20.22,2347.18,standard,0,15855.66
9ba3b5c2-5ac5-4f67-9d25-794e011bf129,33.85,39.85,6.52,331.64,apparel,0,7661.15
98989c5c-2737-4359-a65e-636de50e7fc4,26.63,28.86,6.13,1125.66,electronics,2,4230.32
eeca45ee-fd2b-4751-a4bf-ff4e095bd9c3,12.09,11.54,19.5,1493.89,fragile_liquid,3,2825.41
d6e581c5-a6b0-4b3e-8b07-79881b513bda,11.14,15.71,17.21,1665.27,fragile_liquid,3,2768.37
7ec8e166-a4d5-4a33-8ab8-f5e7e510b69d,29.22,27.37,14.37,1718.82,standard,1,13332.0
085924d4-b92f-4bd4-be73-d87d3776e70e,27.79,19.84,14.6,335.71,apparel,0,7964.85
001007e6-c8de-4284-ad08-6b28dc365d74,28.93,32.85,8.52,259.43,apparel,0,8328.85
b1831a5a-1dfb-4d27-801f-4632695483df,8.29,11.04,10.59,537.25,fragile_liquid,2,996.24
dc5f359d-2e2e-454c-8428-5bbb5a1d8f0c,17.6,22.08,9.71,1003.41,electronics,2,4150.6
4c4c04de-ece5-40f6-915e-23468cce3f7b,39.22,23.16,14.74,2061.73,standard,0,15798.4
05c7e9a1-6909-48bf-bc8a-9d4e3837f007,14.9,11.28,8.7,816.78,fragile_liquid,3,1337.96
8d46ea1b-cf02-4658-a389-42814a7e59d7,10.93,5.7,8.33,112.98,electronics,2,610.89
e42bc9bc-2aca-4004-8896-a5bd8d62af00,24.59,12.56,12.49,908.23,electronics,2,3702.71
80e63ae4-61c2-449f-9341-dfc59f4e7def,14.39,14.01,15.25,1638.01,fragile_liquid,2,2960.33
1539bc41-8233-4ce2-b60a-f06b6f9f1ac6,17.73,18.03,12.02,2092.59,fragile_liquid,3,4130.39
25aa404f-dc41-4a63-9f1e-86cf8704c3b5,39.61,9.67,3.45,410.57,electronics,3,1443.9
bdf45a1b-8d8c-480b-992e-b45cb19389dd,36.8,26.79,7.9,313.21,apparel,0,7788.0
14202cf7-1350-4764-94e7-5484043c76ba,33.48,21.06,14.94,429.54,apparel,0,9353.87
882d7e51-35c4-4d1a-9ba8-2282a58f872c,13.92,15.71,18.4,2198.84,fragile_liquid,2,4262.22
c9714cbc-8a54-4bfc-87e4-89357cd96cef,47.61,22.86,18.77,5084.25,electronics,1,18922.51
e134e627-9f61-474c-8356-6bda7db5f22a,23.25,34.34,14.35,455.79,apparel,0,11475.64
291e0c79-67f4-41f7-af52-46c437cf6b8e,17.23,14.45,20.83,2944.15,fragile_liquid,2,4757.94
ade40d48-bf34-49b3-b5e9-ac4961c83671,45.62,41.79,15.26,1143.3,apparel,0,29202.57
3c669686-8c43-4d2d-aee9-be28aa0ec75e,5.2,14.71,14.96,612.42,fragile_liquid,2,1131.96
06f10715-2f2a-4185-874d-cef2bee3ff2f,33.24,23.55,21.66,2401.13,standard,0,20284.07
626f4fc4-d392-42d7-a56d-7a3d83d4e04a,3.32,19.39,28.88,534.15,standard,1,1656.72
aa2463d1-ca4a-4e9a-9c27-42d133c75121,10.37,12.81,11.3,820.55,glass,2,1646.2
8fb0a269-745f-4b0a-92e6-693a54c433f2,44.88,33.82,14.93,943.6,apparel,0,22167.7
34125bee-0f29-4a0e-ac68-3d7982786be9,23.29,13.8,18.73,951.65,standard,1,5341.55
6178cb14-0777-47e6-8542-994f1c28672a,8.41,12.6,11.44,779.3,glass,2,1202.16
abbde3b5-b6f3-4cd4-aebc-44f9ab4b7764,14.12,8.17,12.65,869.37,fragile_liquid,3,1448.89
e3202181-a32e-42d7-b768-b81d80350579,33.34,29.51,16.14,644.85,apparel,0,16712.42
061e13fb-05fa-40d9-a39d-c5f0b2e841d5,17.19,7.66,7.55,359.59,electronics,1,804.73
3440abd4-f965-47ba-80be-523cfb7f91e7,36.55,36.68,15.04,822.31,apparel,0,19592.54
a9e044f9-5e67-4086-ac42-13eeafa1324d,21.54,9.56,7.81,905.63,glass,3,1560.15
a79473b8-f5e1-41c3-84ff-51efb0942828,12.67,7.99,9.05,611.74,glass,3,867.12
6ced6365-25de-43ec-9427-65ef1278e49f,23.55,19.92,12.58,1522.79,electronics,2,6714.26
576b7966-1daa-41fe-bca1-318e8a6035be,5.21,15.2,15.37,724.33,fragile_liquid,2,1479.67
58c56c40-9c12-4af5-b5c5-fd81626e0d8e,16.63,10.18,18.34,1842.13,fragile_liquid,2,3272.2
9cfdd294-a04f-49fe-8a7f-188676d8b154,41.65,23.91,11.93,456.51,apparel,0,11447.57
52768441-f5f4-4f41-9b4f-6ce584d1b7bf,6.42,12.36,9.26,482.07,glass,0,843.71
e8c293f3-cd1f-4896-aa3b-0ec6f0a1e49f,33.36,19.73,18.38,516.34,apparel,0,14713.47
34788e1d-a58c-432e-99ba-2b6099fa6a64,9.93,12.52,21.14,1474.92,fragile_liquid,2,2916.39
f94c910c-72ad-4fab-8c11-4a87681e704d,28.7,36.61,3.4,517.21,standard,1,4055.21
0f9a67a8-e905-440e-900f-488aaf1910fa,23.73,32.69,10.34,299.55,apparel,0,8044.37
a584f304-9c38-4f7b-baa6-c5d8542d398f,28.65,17.64,20.19,373.77,apparel,0,9175.35
49f66913-d4c4-44ff-a58a-ab373b8d1fbd,30.66,13.46,17.41,292.49,apparel,0,8677.03
304b7c82-9e3a-427c-978f-b3a7161a17d2,28.33,22.47,6.33,970.23,electronics,2,4016.22
7d9be178-aaeb-4dc2-908a-b8bafc75e792,37.06,16.61,6.27,1002.82,electronics,1,4068.19
b76706a6-04cc-4fd8-b964-f1188df2b1ce,28.76,28.32,9.2,1212.31,standard,0,8162.41
c9dfb6eb-7cd2-4a2b-84f5-b03d5b5e87d1,11.96,20.67,14.44,898.43,electronics,0,3541.82
036237fb-4ca7-44f9-8a82-cdec2c7aa5a2,14.82,30.58,18.82,1157.64,standard,0,8765.7
4a51d67a-7e8c-4ed6-adcf-efa7873acef7,13.63,12.1,7.76,781.65,glass,3,1272.13
de69add5-f3db-4faa-95a7-d9ef5d7b51ac,12.6,17.39,15.37,1870.36,fragile_liquid,3,3486.77
9f3c094c-4460-4073-9c68-a923537d5de2,43.36,28.2,14.71,736.04,apparel,0,18328.11
5a1ee04f-a6f2-4112-b7e9-a4c9ff0d4d98,15.34,8.65,7.9,641.54,glass,3,965.88
c3b6fa1b-5666-42e5-98b9-099f885eb613,27.28,23.22,18.02,379.42,apparel,2,13182.6
2e271742-14c0-4489-b086-20eea666ba4e,39.15,22.11,7.84,280.29,apparel,0,6279.98
f76e329d-10c0-4681-9054-69795a26a128,18.31,15.47,9.38,444.18,standard,0,2379.66
1eb8b60a-9247-401b-ad23-0ee4b5927c93,21.59,6.78,4.26,90.51,electronics,1,681.39
9814290c-a287-4af3-a4d1-236f9695575b,47.97,30.01,9.08,511.86,apparel,0,14035.26
185d051e-1e62-484b-bef6-2fdd55fb0f60,59.85,27.1,15.4,1048.28,apparel,0,27410.06
f5a0c639-4b72-42c0-b51f-795d6a4b027a,24.58,35.36,3.14,106.46,apparel,0,2769.27
c8f7e796-4704-41c4-be06-d97d7cdbde0f,38.67,33.43,9.39,493.9,apparel,0,12197.12
631e29e8-88c1-4361-b103-c30a0abb3e7d,29.57,49.49,1.0,32.13,apparel,0,1289.17
bd72f625-d3c0-4612-9d42-a459f8b01d27,39.71,19.07,15.31,2906.45,electronics,0,13258.44
0ac60a56-a290-45c9-9b4c-10c0560b62e4,18.16,31.22,7.42,198.86,apparel,0,3770.74
eb0f42d4-c4f7-4393-90e3-1cbd0e0a3005,38.57,16.55,11.19,1175.9,standard,0,7775.65
c9f7886a-e411-441d-87dd-a2fa4c185e28,9.27,11.94,12.98,255.56,electronics,1,1327.55
50e748ae-03be-4ed9-99e8-004b2c31d19e,16.71,11.56,19.94,2194.81,fragile_liquid,3,3232.46
8913db05-212f-4c68-b5b1-2082973c0dfc,44.13,40.56,11.78,886.39,apparel,1,22397.47
2d27c7e0-ac61-4b95-a98f-bd61631ab218,15.32,14.01,19.8,144.48,apparel,0,4026.25
1dd7f3b3-c27b-448d-be0f-ead41502e01f,13.68,31.46,8.91,1065.89,electronics,2,4426.5
88ab85ad-2979-414f-928f-9ee10a62c7ed,29.54,14.62,13.25,1237.0,electronics,1,6361.91
b9313eca-35b9-4363-9b75-1dd11b9329c2,31.52,29.54,15.21,2219.39,standard,0,16793.37
b2e5fa84-782f-4274-adad-ada2dd5be877,14.69,1.68,11.03,10.0,standard,0,257.95
6e9ac811-9a27-4f6c-9b81-1302ba68d967,36.81,15.78,11.78,304.66,apparel,0,7128.49
1872c781-abde-4afa-a336-232c952518ad,28.31,25.71,4.18,93.58,apparel,0,3200.84
dbd63d73-3303-4495-a8f0-728fc68590f1,43.92,24.89,18.76,3078.24,standard,1,21963.39
1fa60065-ed96-4014-8633-49951caf2e97,10.7,12.47,13.21,942.22,fragile_liquid,3,1702.42
3385944c-cafa-4bab-bfd0-1e2323f73064,46.57,17.38,9.84,1943.4,electronics,2,8778.94
04d9bbe8-57d7-46b8-9eef-a6c920b843de,7.72,15.08,12.85,903.61,glass,3,1518.22
04a9157c-ffd6-4068-a1d4-f759faa89b1c,36.15,23.04,16.76,543.77,apparel,0,13444.54
43c4c08d-4a22-4002-bd44-0844c85538e0,23.73,15.9,6.91,327.08,standard,1,2671.16
c4278128-882e-4716-b488-4914b6c28e86,17.08,10.2,10.9,1034.52,fragile_liquid,2,1999.02
a9176d06-9034-49f7-93e7-0a141f269732,40.65,22.18,11.72,421.31,apparel,0,11445.84
1f161563-d6dd-499d-8095-d797a7509364,8.12,13.42,8.18,567.45,glass,1,702.34
23bd69a8-a7f2-4c8e-9aa9-cc024cb93120,31.66,11.55,10.05,949.03,electronics,1,3389.53
303073b3-ef68-4cf5-a66e-2ce19a2ebee0,11.66,7.45,12.94,681.11,glass,2,1162.43
d177f7ef-74d8-416f-8ad1-fb0494d1d2f7,15.7,13.23,17.76,1979.22,fragile_liquid,2,3448.01
b972dd34-2368-4952-b1aa-0f41cd2cc872,29.41,28.28,2.01,491.27,electronics,1,1454.35
5804758c-5551-4199-af7d-140cf323b7b5,22.39,12.6,12.73,898.7,electronics,1,3723.77
ade9d358-b3af-4357-8832-8d5d61002e70,27.44,16.31,7.67,948.79,electronics,3,3285.95
b6a589c0-4fe3-4107-8094-5dc4b46ced89,29.13,36.41,9.23,405.64,apparel,0,8733.67
27b638fe-e118-4a76-b2dc-03696dee8ca0,22.2,40.8,18.15,2470.18,standard,0,17310.4
3a53d49b-9b82-4a06-8aa4-c30521920d4c,13.92,12.71,8.79,859.18,glass,1,1825.89
2f8d4b38-9801-4cbb-a948-a7fc645566c8,18.68,16.44,12.29,851.61,electronics,2,3616.16
6e839b72-ea2a-4cb4-b748-673f420e8bc3,26.57,27.31,13.66,391.45,apparel,0,9491.37
b709b80d-05b8-40ab-ab99-0b3fae80d7a2,21.98,15.73,16.68,3099.04,fragile_liquid,3,5897.65
8bbd825a-76ce-40f6-8b14-c94f48a34310,11.06,13.86,25.91,2113.12,fragile_liquid,3,4131.11
aa3eb5a8-e0c6-4e46-925c-69e9f81cdd8e,16.4,13.64,7.27,180.77,standard,0,1514.87
b9655f96-9a85-40a5-aef0-eea6af5cfa9e,26.62,43.67,22.18,1034.35,apparel,0,25657.97
5b828163-dc8b-4415-a1bc-92d4ae6011dc,17.94,8.88,17.26,1514.62,fragile_liquid,3,2889.51
05b21daf-bdda-4f03-9e2d-15272baaf3fa,14.11,14.91,10.66,1179.85,fragile_liquid,3,2252.77
b9003f01-ad42-4428-8be8-0dc8fce03874,31.44,22.34,11.41,1307.73,standard,1,8058.94
85d6478a-1874-4ce2-8ead-adc88634cc9c,15.92,7.84,19.13,1255.45,fragile_liquid,1,2066.69
2e8d5f9a-d872-4fa7-a046-881f14cb092f,33.77,27.35,24.74,3243.42,standard,1,21894.49
af7312e8-f42d-486b-a050-931416863214,32.65,40.24,7.46,381.35,apparel,0,10049.26
64d4b035-648d-400a-a72f-b4a233270aa2,15.51,11.77,21.12,2162.5,fragile_liquid,3,4051.28
d55fe868-ac7c-4a3d-9fff-872f1f84bf1e,33.24,32.11,10.05,458.31,apparel,0,9610.48
69144858-f8a1-4bdf-8915-f05f53877dd2,14.16,26.46,11.14,1094.11,electronics,1,4316.42
e6308166-142f-4a97-83c8-f65187f0378f,47.61,18.85,18.98,2548.66,standard,0,16528.56
f89adbc8-9fbd-4f9f-9e52-5cde54043b69,13.01,17.2,12.17,706.78,electronics,1,2917.95
306654c1-5196-46bf-bbca-bc9b0a28156a,36.83,14.91,7.85,1091.56,electronics,0,4199.53
ea7fcae0-3650-4ea0-9aa3-8e027ebb2d47,56.93,17.15,12.34,1734.04,standard,1,14077.91
9810880a-d5c4-4b6a-927f-f3024281c564,30.16,39.64,18.79,862.36,apparel,0,21065.94
13bcff29-c37b-4562-8e74-47550f5e81df,33.5,28.39,16.71,664.8,apparel,0,17839.37
a8ca2a94-f2d3-437d-b293-2444f2f6a5f5,29.86,22.6,11.29,1070.01,standard,0,6937.68
41322a6c-e9f1-4a01-b317-23fc044bcf07,13.65,11.33,8.98,799.01,glass,2,1336.55
e6a03699-49fd-4da6-99e8-1ea560472b51,13.27,11.11,19.39,1479.1,fragile_liquid,3,2714.0
30821048-751f-4867-af96-2000bc909b4f,18.39,9.74,9.11,1007.46,glass,3,1643.69
6cb59f3c-d1f7-4a4f-957d-9f55b8648d09,34.2,12.56,12.05,775.15,standard,0,4363.33
35d0d281-56db-4bd7-9ffe-3bebc4fc40df,48.17,28.82,4.93,304.25,apparel,0,5755.97
873ea2b4-0289-4435-b9ff-2fc20b3591ac,34.26,16.3,11.27,816.75,standard,1,5910.91
93217c43-aea9-4de3-bb06-fa4ba6e5fbb4,41.11,14.22,17.1,430.85,apparel,0,9751.73
a3792bc4-49d9-4d5b-a12a-5594252e211c,18.75,8.58,24.79,2183.55,fragile_liquid,3,4522.97
7c6e71e4-506d-4d8d-8c3f-303ef4c42e70,18.22,17.38,10.88,1947.05,fragile_liquid,2,3575.46
ed1692a1-ef3c-4dbc-886c-69377a8798b8,15.24,13.49,17.42,1989.87,fragile_liquid,2,3299.0
d019ea1d-393e-484a-90f7-d9b2e36251f8,5.81,4.91,7.54,172.28,glass,3,240.3
20f42502-bf22-4c98-8af2-5418f07230cb,35.8,21.77,9.98,318.03,apparel,0,8317.85
a16ba20a-64da-4ab3-9bbf-d495287fd00c,9.74,9.76,14.44,670.26,fragile_liquid,2,1534.53
5ff36a9b-20b4-4f6a-9dc0-2b0b555e914f,23.04,39.91,9.93,300.09,apparel,0,7713.7
62617bcb-d6cf-4d74-a2e6-53cbbf190d55,41.75,15.52,10.23,294.78,apparel,0,7788.31
b0d90f3c-7596-49fe-8f56-b5af47280c8b,41.34,23.32,10.52,1421.03,standard,0,9215.14
3321a654-dd19-4e90-a34e-c210bd3594ed,12.28,10.76,7.24,651.64,glass,3,941.15
f71efece-a8cb-4d12-bec1-5e562226d72c,11.19,12.79,15.25,1114.3,fragile_liquid,3,2180.47
873b439e-3678-4cd1-b6b6-e234e6f65e75,19.59,8.76,12.48,566.83,electronics,2,2111.79
397d8d02-8450-49c6-96f5-c2d3f364a57b,11.52,17.76,28.46,3125.65,fragile_liquid,2,6435.88
31616c17-5f0e-4678-b55d-c7ffd1b554e0,14.49,13.7,5.81,792.5,glass,3,1210.16
6d341340-966d-4dbd-bd8e-6669015ef04a,12.16,6.02,10.15,446.15,glass,3,671.61
9088831c-57b9-4562-8d9b-d86b560f40d7,45.41,21.7,15.35,557.2,apparel,0,16792.37
91d326aa-6cc7-4f31-8e1f-a53ed8b41969,11.11,8.84,9.73,455.59,glass,2,1142.0
0d6dd82c-def1-4da8-b21b-5f78d57f93aa,27.87,10.59,21.61,923.41,standard,0,6752.68
c0dbccfb-5a0d-4ca4-9bd9-131f3dba33d8,25.88,34.28,6.82,919.92,standard,0,5727.48
73697bad-62f9-44e9-8ab3-557831bca8a6,11.87,8.37,16.08,920.49,fragile_liquid,1,1736.51
20009755-a733-44ae-88eb-821b802bdf77,55.86,24.91,5.24,1043.41,standard,0,7436.86
d4bb4d38-bd01-4bea-b357-e2d27d6c5795,25.67,14.73,17.83,282.35,apparel,0,7452.67
4695a94a-969a-4e71-a6e7-eef163d6dbd5,27.84,39.11,17.07,2792.64,standard,0,18501.79
af472a06-cae9-44cf-a3f9-aa3b7efcd6bb,19.68,12.26,19.47,2605.98,fragile_liquid,3,4296.01
917fdd09-8c8c-41c5-aa81-79b3d7125d78,8.18,22.53,10.7,155.15,standard,0,1874.31
7823db08-c2b6-4af0-93db-83f3aaaa2628,17.73,8.05,22.33,1769.6,fragile_liquid,3,3436.07
6eed400a-6aad-4e07-8a91-7b5398b6a78d,32.46,16.27,1.0,142.87,electronics,0,504.51
6db13fe2-d568-49d6-b8d0-5347b3be22e8,14.45,12.48,4.18,125.18,electronics,0,616.56
1e235c62-9172-40a3-89d9-4fb29e053513,14.92,24.08,5.74,106.2,apparel,0,2209.75
405a5fc3-725e-44f4-ae17-23fba1101d03,27.64,38.14,9.34,372.91,apparel,0,9921.78
69733387-f0d8-46b6-81f2-edd977b860b6,19.19,9.39,12.65,574.54,electronics,1,2161.76
99f06e90-f523-4b69-8c83-862238973a4f,49.61,41.76,22.45,6992.0,standard,1,53809.32
57587208-3cd3-487a-a2ec-baa242e62629,31.78,21.08,8.73,179.97,apparel,0,7718.43
49224904-2e2f-49a0-9c61-e6fa9f6ed938,11.44,10.45,17.41,1124.67,fragile_liquid,2,2213.92
f08d135c-7f93-4989-b188-b4fb73c0476c,18.09,30.08,9.33,1121.21,electronics,2,4858.88
2ab3f355-5b30-43dc-8e2a-54b5d3f226a2,25.53,23.81,6.0,366.52,standard,0,3859.75
a51d6d68-bc39-47fe-9c0d-56de03c61c83,34.05,26.83,5.36,1233.71,electronics,2,5195.09
fcd5f236-c0bc-4742-8685-a61c09509f99,17.82,23.09,12.92,1552.82,electronics,1,5124.97
ca516935-a30f-4014-90c8-0e2dacefc0e1,13.09,10.62,20.4,1386.43,fragile_liquid,2,3182.83
431794fc-25d6-4b57-8510-dd505862812f,15.83,7.87,8.06,640.79,glass,3,1114.51
7f9834e6-fd0a-43fe-9c78-251f22e713f1,19.51,14.49,11.06,661.72,electronics,3,3265.43
87fa1b43-888d-4200-9917-69acd2110891,28.18,24.32,12.11,288.47,apparel,0,7945.76
8dcc7b30-f997-49e5-b3c1-6dad5d28c638,26.2,26.6,11.84,267.27,apparel,1,8852.45
32034169-652c-493d-a578-3d9115be7988,35.31,17.41,19.56,503.68,apparel,0,11621.91
0d2af380-94e3-4924-a423-21cf9abe1e22,33.4,24.89,10.42,324.29,apparel,0,8549.65
7813e72e-a6ad-4914-968b-7072554c15bf,31.0,31.35,2.02,100.73,apparel,0,2083.55
8d10b1ba-97d6-46eb-b07c-7dfa6aad0538,40.53,32.08,18.61,939.88,apparel,0,26472.44
dadd4fe7-e42c-4066-ac72-6e33bd09e115,9.72,8.84,20.84,991.1,fragile_liquid,2,1707.49
83b0b505-22df-4ba1-b8cd-550c2347877b,5.96,11.25,9.6,326.79,glass,2,723.65
193a1033-5420-470c-a8d0-f38dcfbac276,41.68,39.99,11.77,770.14,apparel,0,14811.89
eae85297-2551-4a96-a1f6-9027aaee5df8,14.61,12.04,8.57,891.42,glass,3,1427.37
f1028918-1f15-4727-91cc-24ef0c892429,6.83,5.1,9.24,85.47,electronics,1,329.48
632db766-27bb-47a5-ad5d-3553e33e270a,39.72,23.8,8.26,1909.91,electronics,1,7511.32
d88bb69b-cccd-43ca-84c9-cc4a6009ff03,29.07,20.39,13.48,1980.97,electronics,1,7396.89
f64bd021-ab93-4c58-a031-2f987f5842da,16.02,16.48,16.02,1086.17,electronics,0,3708.32
82930e71-341e-47bb-a263-f02232a4af70,11.6,7.42,6.25,273.36,glass,2,477.91
b5b57ddd-b27b-4049-8c75-741bddc4c700,44.16,2.26,24.04,232.17,standard,0,2016.63
2e105d9d-cc81-41d4-8d85-0a89ad74281f,41.4,11.82,11.12,1367.19,electronics,1,5645.83
fa3c1352-da06-4c2d-a1f3-a498171fbf03,32.58,22.26,15.83,1669.28,standard,0,12211.87
effe4d77-cbd1-4f69-bf2f-d18eb26bf751,22.62,24.81,12.43,277.16,apparel,0,7351.71
15b99ce8-ffe0-4e3c-9787-14d51d3412d2,22.21,17.31,12.24,1109.91,electronics,2,4691.86
658f44b8-cab5-41c6-8e1c-94fc9a534649,26.29,19.66,9.94,1254.34,electronics,2,5391.68
235f9f59-5a0d-4917-a907-4ce356a2c39b,11.56,6.51,8.33,364.8,glass,3,573.93
f5f50b3f-3be8-4fb1-9382-6f2ab63aeee2,33.41,10.92,6.41,606.16,electronics,1,2312.6
e9a2abb6-d8b2-4d6d-b8cc-2e810363cc2d,16.66,32.27,11.53,226.76,apparel,0,5172.77
ec2f6a80-450a-4b08-a08e-467f089a11e6,8.54,8.49,6.71,258.14,glass,2,544.0
04f9169f-a8d1-4235-9159-cc1ada8e99e2,21.54,16.78,9.64,790.26,electronics,0,3160.25
21750bd6-953d-4f41-9352-7472da139637,26.56,6.0,22.88,383.48,standard,1,3726.06
f69f6eda-1b30-4be5-9a64-2c36666abb00,10.85,8.72,11.99,637.78,glass,2,1197.67
a596ef0d-3471-4d6b-bcb1-bc7dd8f198ce,17.85,5.56,11.88,703.65,glass,2,1141.25
b4f2cc1e-320f-48c3-bb0c-1492d3047818,15.9,10.0,9.41,867.18,glass,1,1443.9
231ec13a-1fc0-49a9-b0be-6f55e75b5437,12.69,11.13,7.48,696.63,glass,2,922.59
c373c10f-2fc0-4d25-bc18-39e1380a1cbd,28.44,29.4,2.79,115.97,apparel,0,2649.02
21cc0437-2321-410e-b65f-8663054d9645,17.41,15.42,14.98,427.27,standard,0,4028.88
42b0d9e7-ce57-46a6-b9e0-ace9088bd939,14.59,17.65,6.81,1075.55,glass,1,1968.86
84594016-3fba-43dc-a678-957440e56998,26.32,22.21,8.88,527.08,standard,0,4398.1
6e7a415f-e3cb-449f-94ee-80fad37b9701,18.83,32.49,13.12,1096.37,standard,3,8896.67
323a6c27-7a53-414c-83d7-00765aec267a,37.44,10.5,10.12,839.95,electronics,2,4329.87
ffd2e279-d5e9-49a4-a8eb-e2abb80dfc3b,14.35,7.87,8.98,644.94,glass,2,996.91
223b1405-9eec-40b4-a76b-78de14f5f39a,10.53,14.28,14.01,1170.72,fragile_liquid,3,1920.83
5dc2d76e-c088-4a87-8e27-6230f0cdeb7e,36.63,18.52,18.61,535.43,apparel,0,12952.9
4a888967-b353-47db-af76-ff86c2cbe974,13.02,13.48,16.07,1525.64,fragile_liquid,2,3051.06
ca2409fc-15f1-402f-af62-b85fe644ada5,31.43,25.29,16.78,548.04,apparel,0,13620.9
cf604be9-eec1-43b2-bc10-1930ae88486b,19.99,19.76,20.19,308.48,apparel,0,8836.69
540ea697-67b3-4335-bf20-d1696bc6057f,31.82,32.67,14.73,584.76,apparel,0,16195.54
b33910d4-b1e2-483a-a9f4-c2a4e6d9d51f,16.49,15.9,22.07,3178.67,fragile_liquid,1,5115.54
52e5c0b6-adb4-4811-a10c-1a77c4c00c06,21.95,12.2,19.03,832.75,standard,0,4701.42
48e3b10d-ee05-4ae9-aab5-fd7e5cfa1b7a,20.94,26.44,12.04,1405.59,electronics,1,4198.71
9d27589e-246f-43f6-9149-7f48e82f00cc,17.17,14.77,6.87,461.45,electronics,1,2041.55
2854ef5e-bff0-471c-988f-74c1d6db7249,17.39,12.76,6.11,763.94,glass,2,1199.61
dcf80b74-63c1-4d7c-aabb-374dd8c0cb75,9.62,12.36,28.15,1788.51,fragile_liquid,2,3456.11
cab701c8-be85-4d3e-8729-80c09ea3c1e8,31.88,33.09,9.63,404.87,apparel,0,12608.0
d69e2638-4f42-41df-b38a-87334b8b0925,9.46,6.99,6.11,136.5,glass,3,415.33
28c618a4-746f-434a-b5aa-1934ff1e357d,24.6,32.59,14.35,431.05,apparel,0,11204.76
e49bdabb-c0a0-4391-8c03-77a76d84c2a5,21.95,11.81,12.8,882.55,electronics,1,3252.31
03608d6c-8906-4b7b-9cc4-4257c42dac48,44.5,19.35,16.23,556.61,apparel,0,15348.46
3391a237-67bd-4560-998a-4587aab6ece6,22.47,25.2,3.1,450.33,electronics,0,1937.12
1ff8c404-c87b-4d90-a281-d015492fad3c,38.66,25.15,14.79,554.54,apparel,0,14859.86
9c77e829-c5b7-445f-8017-3163f24a03a4,31.15,35.87,9.32,479.38,apparel,0,9249.83
b83cd814-5822-4d35-8181-eb3bd8779229,28.54,8.77,1.75,88.05,standard,1,494.26
b38dae40-3dc9-4769-8a8e-f023801f87ac,11.76,8.18,6.43,356.44,glass,3,586.37
4a2be072-1970-42a0-b186-d63a66291057,27.89,21.65,9.63,1430.86,electronics,1,5779.64
c7de36d2-b977-4965-a860-d2d2fc38f672,7.51,8.01,9.82,374.35,glass,3,508.65
18bebefa-3ebb-4399-a45e-40cf2f67101f,21.1,8.49,7.46,393.52,electronics,1,1121.64
3c797e08-1c65-4802-b2c0-ba32e26c9dff,38.03,38.42,9.42,516.13,apparel,0,13698.52
124a28f5-b78f-41ac-8c43-075bfe836914,21.3,14.99,16.33,618.33,standard,1,5570.17
70a2c9f1-27f3-431a-ae5d-22e36a9727c4,43.45,27.91,11.06,571.98,apparel,0,14094.28
bea47191-c5d3-43ca-bec6-5124260bb287,18.15,12.17,15.89,1967.03,fragile_liquid,3,3544.43
d0bbd387-9d11-4754-ba0a-aa9567044d82,9.41,9.54,11.58,682.93,glass,3,915.04
1c6ca730-a5bf-4b67-9d75-eddb417be050,31.35,17.25,8.93,1156.93,electronics,2,3855.08
e366d05c-79c5-4a11-a34d-60773c9bb1d9,23.48,15.74,18.45,1774.38,electronics,2,6754.16
01f5c8fd-25ec-47fb-8c5b-fa7ad466f3e5,24.18,12.55,15.23,698.63,standard,0,3915.41
52d95960-2877-47f3-8cf9-7f39d22fdc69,20.02,21.3,10.77,1148.41,electronics,1,4955.22
724d047b-effd-4e3b-b48c-dc916dbc88cc,35.29,32.87,11.67,526.71,apparel,0,13368.2
806c56a1-b684-4238-9828-52bbcb1fdd75,10.36,15.25,25.4,2310.99,fragile_liquid,2,3627.81
c0b960dd-29dd-4a52-9d3c-01058c0f211f,21.44,19.45,8.62,94.87,apparel,0,3332.87
2459c9b9-5024-4e63-89a9-de3371bba21a,13.06,8.07,6.59,418.11,glass,2,669.21
08ae2a03-22cd-453f-88e8-4566159cf331,32.95,10.63,7.17,667.87,electronics,3,2613.57
d0f81a76-c169-4568-a58f-0bb8769a7c61,20.83,15.54,4.35,269.44,electronics,2,1471.27
44b0febe-abfd-4a2a-8d7b-870a922e021a,23.97,28.81,11.91,315.63,apparel,0,8481.26
8977c63d-f70f-4b1c-a2ff-1cbd5bc124ab,24.06,27.28,17.83,2882.93,electronics,1,11654.65
cc8bd5ae-7c75-4d53-af43-73ef5118a5d4,50.28,23.56,12.94,586.87,apparel,0,16205.16
cf29c31f-65b8-42eb-8660-581bb651c936,36.77,33.08,16.34,806.48,apparel,0,21321.48
2d9f7bb7-1e32-4763-ade9-a4aba56f5400,8.86,19.8,20.21,440.58,standard,0,3484.68
522e6d9c-32ac-407c-8470-9727dac26df0,29.21,42.91,16.0,790.79,apparel,0,19921.43
bd64282a-aea0-448a-bd5e-ea21691ba27e,18.76,45.2,10.25,337.69,apparel,0,9670.17
f949dc89-ebf5-4a2d-a159-86e21d485111,45.56,18.81,26.72,3450.9,standard,0,24839.97
df031ce6-c405-4397-aaf0-7d7bed82c2a9,36.47,28.29,21.4,931.03,apparel,0,22390.03
3d865f78-5fd6-46f6-9650-bc8751deb155,17.79,16.57,24.21,4001.13,fragile_liquid,3,7986.82
bf5d0b0e-8738-420f-a8ee-cdd44acf4b57,14.63,12.43,11.06,1216.17,glass,3,1936.7
0774915e-551f-4679-b403-b5336d35c852,12.48,13.94,19.71,1821.74,fragile_liquid,2,3417.78
71c941b8-4717-4baf-884c-0535703b9967,14.49,10.37,11.34,974.21,glass,1,1661.42
0b49117b-96b4-4682-b836-d3e1f1c61b05,44.88,26.63,1.0,86.92,apparel,0,1207.16
04d961f5-9d17-4583-8c1c-e37b723c5c9d,25.74,25.22,14.8,389.74,apparel,0,10551.65
c6526de1-db08-43d9-9f9a-015bdcf82078,44.33,18.38,16.57,1840.92,standard,1,12975.92
668b85e9-9066-4a5d-95f1-d404819f3dc6,39.02,37.07,16.32,979.99,apparel,0,22317.29
b015a583-5208-4aea-aa68-a1e9f170bb40,46.09,20.38,22.22,3127.35,standard,0,21652.0
06b82a92-5dd0-41fc-bd85-0616f8ee7a73,12.12,6.0,9.08,457.15,glass,2,689.53
2b340436-6cd3-4c6d-bfc7-946ac8caa6bc,22.62,13.22,13.29,1171.72,electronics,2,3816.66
f9a3e97e-9d31-470c-994a-09a2021df82c,38.74,22.94,18.56,651.22,apparel,0,17956.05
035d8960-167c-4ffa-a3f0-8314776c8b78,23.04,12.86,30.26,1428.02,standard,0,7328.73
d0ef827e-afde-4cef-a0bc-454d88131c03,38.87,11.72,7.39,613.76,standard,1,3519.92
97940c9f-59a0-43b1-abec-90a16e1b4a6e,21.67,18.16,10.64,920.79,electronics,1,4261.75
185327bf-006a-4522-bbdd-ee7f8aa96549,24.87,19.23,12.01,285.99,apparel,1,5680.08
c22e4bae-c3f5-4593-9599-5df7caf5ccfd,40.14,25.56,12.12,475.23,apparel,0,14121.73
78ffe17e-4aba-4cd7-b442-b6e796d80551,26.71,12.86,5.35,345.17,electronics,3,1790.07
46f91fa2-f516-49a6-a53f-98550a0d9071,13.56,11.55,4.97,572.25,glass,1,764.12
5e71d516-b2c2-48b0-b20e-3de6a7eee9f2,16.47,19.69,13.45,2390.36,fragile_liquid,2,3496.59
d0abe0bc-6ab2-4c4a-b6a0-aa98af486778,28.19,18.85,13.64,1132.86,standard,1,6761.9
c26d7864-d01f-4aa5-9e7e-da5823504b12,21.9,23.41,4.88,590.02,electronics,2,2232.16
efd4ea1e-feeb-436a-9645-4f9fb5a4519c,10.43,16.58,24.72,2392.86,fragile_liquid,1,3820.59
d41ae7b1-b6c2-4d73-8c55-c275cc43709c,14.0,11.38,20.67,1761.46,fragile_liquid,1,3589.0
dc9b3185-5d3c-49f2-b3a9-f4864e4c5b70,62.88,30.75,12.1,895.03,apparel,0,19796.28
98ae9e30-6b44-4a08-884f-4612e677ecd4,47.24,29.6,18.0,3846.77,standard,0,21209.09
5c83e6f3-ee38-4bcf-a153-bcc9af0e30b8,12.81,7.51,10.04,539.21,glass,2,1156.94
2aafb52b-ad0a-42b3-b910-c2ad39bdd3c2,15.67,16.91,15.76,1025.69,electronics,3,4510.41
f90779ff-0bbe-4920-8778-fe995b1368a8,36.72,9.07,18.33,903.21,standard,1,5720.3
0f477e82-4166-4291-b1be-58f284d7e744,37.43,28.09,8.7,309.88,apparel,0,7705.17
cd3f12e0-0adc-4bee-bc26-e0ae4736018a,22.16,7.84,14.46,580.05,electronics,1,2706.08
57881f9e-a870-40ec-a6a1-714771fe3235,31.38,18.57,2.9,304.94,standard,0,1639.33
383e41d0-6a90-468c-9b71-b31e308e7e37,11.83,11.05,19.34,1434.08,fragile_liquid,3,2707.42
7151c4af-db98-4145-9247-36b304de735b,10.32,12.97,9.09,689.6,glass,2,1138.42
6e6a7250-e70d-4272-8d0c-d1815e4f45ba,28.78,20.33,11.67,1795.83,electronics,2,7020.36
b9a8595f-7735-4487-9a78-0c3dda5244b1,9.03,14.14,6.53,524.47,glass,1,717.08
52af5c36-1732-4f57-b6e4-8957024e6393,6.16,15.35,7.77,286.12,electronics,2,682.3
dd1db063-5d7a-4c8f-bf04-b2d3dd62adc0,12.64,13.69,23.77,2281.03,fragile_liquid,3,3771.53
9d8ed81c-d4f9-4cd5-b93b-27d14bd03771,14.48,15.9,21.93,2723.28,fragile_liquid,3,5230.78
7245a9bf-0597-424f-881c-a311f2ae61ba,42.1,29.59,4.18,242.77,apparel,0,5970.07
01c6f474-bf7e-44c8-abb8-19f0ca8cd848,9.88,16.42,19.35,1695.92,fragile_liquid,2,3225.43
ece56902-6702-4819-b507-d0a8c71d1c24,16.04,10.05,10.55,317.01,electronics,2,1788.81
a66709fd-67a2-424b-b040-b05ef158f874,9.56,7.09,8.71,279.3,glass,2,613.42
5eab0a12-2979-4c9a-9e4e-ce333fc65794,26.35,20.55,9.16,1393.65,electronics,2,5479.05
b124d4a8-857a-46d1-8865-155927080b46,5.5,16.02,14.61,701.36,fragile_liquid,3,1459.27
2d91ef61-038c-4e14-9ab6-00564eae8984,14.27,18.54,7.31,356.99,electronics,1,2025.0
7fdcd906-2c9b-4eb3-ab34-9208006e713f,32.29,32.62,10.65,500.3,apparel,0,11160.48
aec5f61e-6d87-49e7-8501-766261e73cdd,35.2,15.34,11.04,243.1,apparel,0,4983.32
644acfcc-58fa-4946-8b63-9f1a46605199,14.41,10.64,26.42,2237.04,fragile_liquid,2,4197.83
f17f51ec-545c-43d5-ba11-193a7ff19975,28.73,20.85,14.68,1497.05,standard,0,10147.14
200169f2-e13b-4264-963c-481b764536de,20.48,18.83,15.84,1494.46,electronics,1,7492.36
566a7081-3829-4b2d-904c-df33a27ab181,12.77,21.27,6.72,444.81,electronics,3,1506.2
80553bf1-3e57-418f-8a92-215cb9394517,12.32,11.81,8.45,711.12,glass,2,1182.28
4ea7e029-cd04-4296-92bc-7455d28230b1,15.27,13.09,25.62,561.66,standard,1,5142.54
b4014da1-7524-4d7b-adac-0729285539c4,24.06,16.78,13.39,1491.8,electronics,0,5369.42
2f8a0f42-0ca0-4194-a94a-c157470b861b,25.78,30.53,16.62,2006.24,standard,1,12395.55
2dcf6cfd-ee7b-42b9-b71b-47265015fbba,14.65,7.64,18.31,1123.89,fragile_liquid,2,2112.24
ab61a1a6-6ca6-4597-ba72-b5696fbcbcf2,52.57,25.27,7.9,1660.74,standard,0,11517.22
8959ee95-c00b-4408-944f-2f12c9d2519a,24.87,9.69,9.99,585.27,electronics,2,2742.68
8e66ff00-49aa-4df4-8692-9f978bc3b2c1,11.85,13.09,8.75,737.73,glass,2,1513.38
a37fc792-871f-4e76-8b7e-5e3a41f490da,25.34,18.06,6.06,785.95,electronics,0,2583.79
b2098e40-d21f-460f-aa30-cdec04e252bb,8.97,7.05,7.9,278.71,fragile_liquid,1,514.79
2d309bcd-099c-4aca-bb3a-1f31f269b065,14.57,17.13,12.12,775.95,electronics,3,2904.25
bce81703-420c-4f7a-8dc0-f2048619cfc9,48.19,1.0,7.25,16.63,apparel,0,356.9
a568663d-fa40-44a8-a419-0343bf7a29f7,23.39,25.8,12.63,1130.12,standard,0,8068.75
0a2dec46-d33d-42bc-b458-17c42a1a21c7,18.16,16.76,7.82,1403.56,glass,2,2244.73
be38fdec-1eb8-4ec7-b6af-85b090f222af,38.33,21.55,10.95,1262.12,standard,0,9564.55
5628cb84-20b6-4b76-b5ee-556e4ce60b65,16.79,13.88,5.72,368.87,electronics,1,1354.29
7402412b-11e9-4bbc-8aa1-6964899ed97e,15.18,35.73,1.37,10.0,apparel,0,820.79
63faa883-637d-4af5-92e2-b7bbe032e922,25.1,32.43,11.12,383.9,apparel,0,8116.2
08c634a0-e1ac-4644-8a6a-e8abbca5d941,31.07,24.89,22.9,707.16,apparel,0,14446.66
e33f60d8-68d2-4cdc-883c-6d872d0ef8ef,39.16,23.89,14.24,1997.23,standard,1,12829.49
9368bce3-e8bf-4522-a139-caafbfe731a8,17.88,12.39,6.31,949.06,glass,3,1573.9
f139504d-9b2e-463a-a925-12947d3d3559,9.74,7.75,10.71,523.78,glass,3,859.16
ad02ff45-5012-4e8d-90bf-14dced1eda1c,20.18,10.73,14.55,1778.88,fragile_liquid,2,2770.17
e71d3649-3046-4b28-a99a-5b9d17dc5e36,18.0,11.71,12.02,1392.21,fragile_liquid,3,2555.18
ada5a549-1f2d-4005-b704-dea55438d03c,12.0,6.92,27.87,1320.02,fragile_liquid,2,2428.92
a507971d-8e36-4941-a224-367b6b01c769,12.3,11.31,12.29,893.82,fragile_liquid,2,1788.56
d49b1d07-245d-4140-b2e9-43a890a0c009,10.21,7.92,12.55,612.2,glass,3,908.68
faad353b-1224-41ac-9ab2-5cc573397d91,33.85,26.36,16.96,604.75,apparel,0,16524.4
361e9644-b9bc-47f0-8cf0-0854b24f73c7,12.86,20.03,16.02,163.71,apparel,1,4627.51
37ddb5c4-02bc-4331-9d58-a90685b9acef,17.79,16.39,22.66,1018.12,standard,0,6145.24
a95232d5-39ee-418a-90b0-fd1ad12132bf,1.0,16.73,9.69,98.4,standard,1,162.59
2d0a38d5-395b-409e-b878-ae04065e66a2,9.36,2.85,9.78,177.81,glass,2,280.38
a07ebb88-ab70-4b37-9ffc-17b499d94497,9.71,10.89,14.19,797.84,fragile_liquid,3,1583.77
4812729c-4677-42ef-9908-a1f27ac0060c,15.58,33.78,1.44,99.24,electronics,3,777.21
0cb8732c-d1af-4823-adb2-c70ece15ead3,9.88,10.61,5.38,296.83,fragile_liquid,1,519.45
f2dd52ea-f2fb-49a2-82a3-2abeadf781be,17.3,18.42,10.55,832.67,electronics,2,2958.05
46445268-a5d3-4b30-b5d1-96702c5ae17c,44.2,32.47,7.18,1485.18,standard,0,10821.57
8a73a2fb-59e0-43cc-adf1-4ab2acc952b5,18.88,14.62,12.23,867.66,electronics,1,3550.9
efe9fa66-12d2-4ea7-a96e-5601d2a166cb,8.99,14.82,10.5,736.05,fragile_liquid,3,1274.23
35ecab04-54f3-4680-95e2-7d7bbc9f9402,9.77,14.75,9.19,140.71,standard,0,1279.45
785b19ca-cf02-4ab6-b412-53f9c8baf970,36.22,21.16,23.46,2827.27,standard,1,17534.06
eb698135-a6d3-4fdb-809a-c48de3bc03eb,12.99,20.27,7.43,516.61,electronics,0,2120.72
4bfb9c24-430d-46a0-8365-cb92cab3e4e6,9.83,9.93,7.89,392.04,glass,2,758.4
75030ebd-15f9-4076-9570-1a8434d83177,39.02,19.07,12.97,378.23,apparel,0,8313.97
39f5f096-cfa2-4077-a3eb-80f8fefd1601,24.47,16.22,2.83,387.92,electronics,1,1186.15
88773d1b-9ba3-4682-8ab4-9c5a447f32df,19.7,23.36,7.77,929.3,electronics,1,4008.85
7dbc5466-e189-47dc-a018-2ec3acbbcb46,37.19,21.28,11.54,1263.05,standard,2,8261.92
f58358e5-7ad0-40f8-8a0f-82d493852051,10.24,11.65,11.68,858.37,fragile_liquid,3,1541.33
1beb48e1-bed8-46b9-93bc-2ca11c825765,8.81,17.95,12.13,233.5,standard,0,1945.24
77e3cb6d-dd1c-495b-8857-c36418cc3cec,24.58,24.4,9.17,908.91,standard,0,5769.31
c4274656-0349-452f-a2bb-3cf95764d54a,37.86,2.62,5.15,52.66,standard,0,593.59
df2da917-d854-450c-a814-c8e3f91ffcb5,15.39,16.81,16.49,1170.59,electronics,2,3740.64
9f2e0721-26f7-4b18-a4d5-fa120d612d4f,18.77,12.19,22.45,2839.22,fragile_liquid,2,4781.14
1d914baa-8527-4b17-92df-3e1304344ae7,12.23,14.56,6.49,807.26,glass,3,1178.52
cf10d380-9dd0-45b0-9f33-3516ecf8d72b,12.54,9.6,22.76,1610.71,fragile_liquid,2,2318.46
da83db42-e102-4ab3-b3c1-12872adf7f48,10.4,10.48,12.04,861.92,glass,1,1298.02
2f2663cb-2beb-493b-93fd-004849ab66b0,28.52,18.1,7.86,950.32,electronics,1,3802.69
e974c798-bb8b-4832-b19e-d44b99016933,39.39,16.74,5.3,117.39,apparel,0,2538.26
d65c5e1f-779e-48d2-ac84-cd27834e7505,27.27,22.29,10.51,1492.42,electronics,1,6314.31
8dca0f6c-d55a-4731-b31f-b9486f95395c,17.45,13.77,17.61,2338.07,fragile_liquid,3,4404.25
a37532ea-381e-4985-af20-feeb1f2c5449,56.32,17.82,8.68,341.34,apparel,0,9203.24
4047fc66-6428-4a9c-a34d-11afdd1e27d8,31.39,7.53,14.28,686.21,standard,0,3454.44
82978de0-a423-4bd9-88c4-b2e9486c69d3,23.24,17.45,24.1,1509.42,standard,0,8599.68
5c34e914-a6be-4c6e-a96a-3197e9157659,12.65,10.65,8.81,747.87,glass,2,1140.7
ef65fb77-43b1-4f54-a4d3-a46feaa83c72,12.97,6.97,7.04,393.43,glass,3,619.82
050c9d93-ac5d-4a2f-b6e5-3e5df88b8465,38.3,20.78,16.01,468.93,apparel,0,13451.96
760e2be1-bc2d-4e4a-b121-09dc38a54a44,13.35,9.78,8.43,622.68,glass,2,1206.08
8e2a69da-18ad-47ac-9a95-400b186eb0e7,9.91,6.65,10.0,403.62,glass,3,614.05
5904d560-2c52-4f62-8fd0-7a845841a0e7,10.04,4.93,14.38,264.93,electronics,1,679.12
2ab3084f-3842-4963-8f6f-51db5c38e121,11.43,13.63,14.48,1297.72,fragile_liquid,3,1962.64
b62e2da9-e884-426b-b1fc-72f8b1760860,30.57,12.23,11.09,1071.4,electronics,1,3728.49
6600ec4a-dd34-4c78-8438-022547df6e06,16.01,14.72,22.69,3002.1,fragile_liquid,2,5348.59
b382cbd9-ba7b-4022-9108-d06d0670b8eb,31.68,1.96,20.4,49.42,apparel,0,1344.57
77c7f21e-b863-489a-bb70-543a95e9c4c2,36.52,10.42,21.78,1321.93,standard,1,7162.79
4714a061-1d6a-474d-a88f-ccbd667aef03,27.06,29.29,16.71,2081.51,standard,0,11456.71
0482be03-2232-4603-a985-665039ec7d7c,32.15,14.22,6.1,335.17,standard,0,2535.22
2c2997bf-c00b-49d4-aa81-8c2da831f721,5.71,7.52,12.67,373.16,fragile_liquid,3,534.83
65a5fddb-7dd6-45d2-abea-65afac9343bd,9.19,7.42,13.73,497.77,fragile_liquid,2,1026.06
5548aeae-4abd-4ebb-a3dc-9514a44fcdd9,47.02,24.05,11.84,545.86,apparel,0,15779.92
9793f75a-539b-4102-8f8d-13a14f30525f,14.64,11.17,23.3,2104.77,fragile_liquid,3,3856.75
72519142-bc8f-4863-8afc-64d4e4ec5ae6,26.66,24.63,16.79,418.47,apparel,0,10522.42
cf7b42c3-db61-437b-9f0c-24f52f12da07,31.05,23.24,14.34,447.15,apparel,0,9700.68
36c69dae-3806-43db-90fb-1ee116cb2f4c,33.42,11.56,26.61,1496.82,standard,0,11201.8
9a48e01a-0dc0-4f1b-ace0-55b933238f4f,9.37,12.56,10.04,668.53,glass,3,1302.67
d53e2692-0037-457f-b2a0-751efb0d8ad7,21.25,7.94,9.1,380.38,electronics,0,1746.12
fdc2eb1e-2104-4d70-b4ac-4ee693b1a80b,12.71,8.11,11.82,651.79,glass,3,1098.86
47f94dce-f893-4316-88b9-66bd8e4ea5c7,23.11,18.31,15.17,1102.24,standard,0,4830.49
cf2e2eb1-c06d-4ca6-ad13-69b6a26fe2b6,9.11,10.04,7.67,362.02,glass,2,668.36
99323b36-e2f1-4e42-8b7f-794764d7542e,11.49,9.28,10.16,670.75,glass,3,1022.28
63e65095-f37a-4905-b8d6-7e79a36a75a4,38.06,12.0,25.06,1914.15,standard,0,13581.23
6b040077-5d29-47de-80aa-bfc30d23720b,1.0,20.84,8.33,10.0,standard,0,177.34
8b30037e-84d7-4821-9efd-fb5be810f60a,10.77,6.37,19.31,663.23,fragile_liquid,3,1203.53
594ca98c-a95b-4cb5-9a59-e787c07f5f79,15.5,13.48,10.01,1144.41,fragile_liquid,3,2164.73
95c3cb5f-1214-4f74-81a1-fcbf3a6c6a48,32.04,28.61,22.7,3165.67,standard,0,24146.05
4cca9763-9ce7-4280-a7ab-1f3ee78be55f,20.29,14.81,22.83,1205.08,standard,3,7809.74
263b3d25-53c2-4b7c-8f44-f0d3812d77b1,8.04,13.08,10.41,630.2,glass,2,1073.8
c396447f-a417-4237-8967-edd393a8daa0,37.95,35.59,22.45,4466.13,standard,0,30147.54
62e8d280-9995-446a-8e27-4c8fd9d262a0,32.7,31.04,13.19,541.24,apparel,0,16169.6
bf01bf4a-790d-415a-b547-1805621c50ec,4.51,6.3,14.96,211.22,fragile_liquid,3,370.37
704433d5-7e6d-4c04-a01f-77a4f38da01f,17.84,17.62,17.8,3000.89,fragile_liquid,2,5386.35
8476b696-e92d-48ad-a3c0-c252b97a26b8,13.1,5.57,3.8,177.83,glass,2,294.24
74ca4d86-3ff3-4feb-9052-9360bd3fa52b,31.27,51.87,17.18,4094.11,standard,1,22760.62
a1749231-627a-4fba-beb3-86270fbf78e3,52.62,25.99,15.37,844.95,apparel,0,18404.49
1754e56e-1304-4bbb-a1d4-fa8259ff131e,15.52,14.65,18.3,2277.57,fragile_liquid,2,3221.07
e1a8d488-748f-49ef-84d8-d95a607994c1,4.63,17.32,19.76,79.76,standard,0,1786.67
21f615d7-21e9-40a5-846f-960a40f94a78,15.99,13.82,7.64,1079.42,glass,3,1766.8
6881cd54-aa16-44eb-a767-3b7963015391,13.98,11.53,14.64,1279.28,fragile_liquid,3,2512.47
8d64ef87-e424-495c-9f79-89a0e1e58ab1,35.3,24.27,5.38,1207.47,electronics,3,4062.92
31ac6878-663d-452e-bf6e-78899ae2ccec,44.72,37.63,11.48,790.68,apparel,0,19788.28
aaff01de-b2d8-4809-9eb3-e73654c661a7,47.99,33.56,6.25,409.6,apparel,0,9755.94
028577d9-8d5d-4300-8300-d619b7e20ada,30.65,25.52,7.15,1390.56,electronics,1,5417.13
a901a29b-257d-47b3-a826-b517d545b4bd,17.37,19.83,13.27,1040.96,electronics,1,5511.89
14e55d0e-fc5b-443c-8dd0-b02443ba6fdf,14.49,14.03,11.45,1284.55,fragile_liquid,2,2810.94
b10ddabe-1612-4a08-a365-e93d7ab9c86c,20.64,36.06,13.84,416.81,apparel,0,11920.58
8e81b1d4-47b3-4b08-a0df-beaa7b880979,36.34,20.97,11.31,387.47,apparel,0,9326.6
faefb4ac-0b9b-4ac4-b2f9-2d828f7a93d2,26.11,6.22,1.0,134.56,standard,1,186.61
f6ea4b93-6506-44bc-a306-d8c3b1554816,32.06,17.35,8.16,1071.88,electronics,0,4428.94
44a8032a-258f-4d4d-96c0-867d1891e822,24.66,10.41,7.02,434.49,electronics,1,1918.39
8325095a-500d-443b-895b-6c13f8ce5874,39.96,36.68,18.31,1077.56,apparel,1,26516.11
6134b25c-daae-4877-bab4-691e8e7e70d0,36.19,25.45,14.75,1990.45,standard,1,13321.39
7b4f8259-8d1a-4f8f-a0e0-8f3c0e2a0f69,42.72,30.01,16.37,2981.91,standard,1,21158.41
6a1fa302-0bc6-4432-81db-fb11fa73d074,31.44,31.22,5.32,742.67,standard,2,4909.3
bf3fb0c3-6b8f-42bd-92c3-ce98f8dc37b6,39.18,20.86,8.15,1641.57,electronics,0,6240.9
fd2f9df6-76c9-48f8-b5b0-6caf05029073,40.69,24.01,6.92,320.1,apparel,0,7609.99
3b47d7db-2dd7-4140-9056-4beee9704c86,10.27,10.51,18.69,1140.39,fragile_liquid,3,2328.29
af3a70ce-8774-41c7-bd90-70db01bfe7d6,16.93,9.34,4.47,106.28,electronics,2,743.47
1bc8c0e5-b26e-42f1-825f-427d0e657662,44.15,30.04,1.0,31.81,apparel,0,1457.8
d7887dff-0816-48d9-85eb-c47ff6907a8b,10.22,9.89,11.23,660.12,glass,2,1151.98
f644d11b-3f63-4adf-8377-26d6a8a9afae,29.54,35.18,11.07,510.31,apparel,0,10450.56
825ac4ff-e9e3-4008-a81d-49f3b22c4307,9.75,13.84,6.0,519.06,glass,3,676.6
3101e733-9f5e-4052-82a5-8d684a93e2dd,4.31,8.46,8.27,292.41,glass,3,273.92
7806e5d8-bc5b-448c-9181-342bc772049e,39.17,24.13,17.38,632.27,apparel,0,13969.57
69b741b4-d60d-4820-b7c4-4d21552ce88d,28.38,14.24,2.31,253.3,electronics,2,1008.6
9e01861f-d970-475e-87ae-de9826872c0f,22.72,19.82,8.72,663.19,standard,0,4169.59
3fa640c1-0ec9-45ce-be55-20a60b03488d,38.19,23.84,1.0,34.83,apparel,2,1049.04
5c96fe64-e006-487a-963e-c26d492867f2,32.45,37.42,9.37,472.45,apparel,0,9694.09
0541ec21-6de1-4197-86f4-a5047550478c,39.05,20.52,6.29,1397.1,electronics,1,5756.89
ea8f57b0-31de-46d0-9e14-919c40daedf4,52.83,29.6,18.89,1185.6,apparel,0,29232.53
42fbb227-96c6-4349-860c-c7a2baa8077c,9.24,10.83,7.6,480.69,glass,2,726.03
d144b560-75f6-41bc-9c0a-e40bc3241576,27.11,12.03,9.36,448.08,standard,0,2614.65
80000b6a-b290-4449-9617-0acd298f8768,12.29,13.35,16.64,1469.04,fragile_liquid,2,2753.41
138d3318-05c4-48f5-9d31-17d5bde6f2de,17.81,22.29,4.98,95.8,apparel,0,1834.28
c7d98277-7fe8-4ffc-a322-d63d38a4ebdf,22.53,31.21,18.7,512.7,apparel,0,14421.22
0605812a-854c-4dec-891c-34df4e46f31b,13.04,12.81,16.81,1519.73,fragile_liquid,3,2793.1
55d8f0c4-2789-49d1-85fa-117559de3fbd,21.33,15.06,5.12,333.11,electronics,2,1925.72
4e7ed0a9-7c89-4a04-b40e-9bf636952d73,16.16,12.13,12.37,1328.06,fragile_liquid,2,2329.51
6e357d4b-8f7c-4989-b23c-5eec7f22c5ec,32.78,21.66,12.07,354.57,apparel,0,8548.89
14129d46-150d-41fa-a5bf-6e8c322c23de,13.41,7.13,25.31,1357.62,fragile_liquid,3,2568.02
1e4d5a16-da75-43f5-a808-3dac0116ce53,41.12,33.86,2.11,15.13,apparel,0,2913.98
cc073492-9bc9-4e83-b5de-2f11e45856fb,26.74,28.32,9.84,313.48,apparel,1,6578.03
34193ac8-f1b1-4de4-9720-aacbc3a787fd,36.8,21.49,19.83,592.51,apparel,0,16967.79
01d8ff8f-14d1-4445-9a47-c6e763290d30,28.74,20.86,10.05,1654.98,electronics,1,5506.35
80a73dc0-ac05-46e3-9a42-1ef585490bfe,21.29,32.97,15.25,1593.58,standard,0,11863.91
506ed3b1-f08a-4b9c-86e7-a6d47fc73475,23.73,8.25,11.71,671.17,electronics,3,2180.3
5d07f40e-a965-4de2-858d-70e715b2695e,17.57,24.76,12.9,196.65,apparel,0,5938.05
875dadcf-0436-4047-bbbe-9ed9a6934be9,12.94,9.35,8.98,600.72,glass,2,938.09
b6ee829a-b37d-41f9-a562-e3376c8d021e,37.77,13.61,14.96,1268.43,standard,0,6806.03
d11c1785-550a-4bd3-8b9b-e6eaecda7ed7,36.42,26.0,4.02,932.36,electronics,2,3827.03
2db5b975-1797-487e-9053-0fe80d27bd57,38.97,34.82,1.0,83.76,apparel,0,1448.73
662c61ff-3435-4d15-9551-f09212bfe476,32.74,28.18,11.43,423.02,apparel,0,10563.88
b631140a-c097-4dda-85b8-aa5fd323df45,25.84,24.78,17.42,458.63,apparel,0,10670.63
2605500c-482b-4f4f-b011-15bf29b3d67f,9.42,1.64,9.02,123.77,fragile_liquid,3,150.12
114f792c-3a02-4912-97e9-b57d06f6803c,38.43,17.77,34.0,3415.66,standard,1,23284.22
5022015c-b7cc-4d20-bde9-4ceb407bb663,23.35,22.72,11.55,1643.36,electronics,2,6008.3
de6b16da-b87e-4d39-a468-15fd6d9656dd,25.68,31.34,13.02,379.73,apparel,0,11209.43
b65c609c-2022-4994-ac23-2f74f93a9f98,23.39,33.37,22.09,2587.49,standard,1,18101.77
232c491b-a459-4ccf-b2c1-0e7f40478b26,22.26,16.2,12.33,1065.72,electronics,1,4340.8
6ddc92fa-2c4b-4320-89c2-0e487fca2b49,30.28,35.82,11.3,477.36,apparel,0,11441.15
9532bc5c-d0f0-4ddf-834e-c6ead90c0270,29.82,23.5,27.66,3000.67,standard,1,22081.96
659e89ff-cfe9-4b9c-ad9d-b04db9afed7c,20.75,15.82,17.59,1380.6,electronics,0,6512.93
f006e97c-4f14-46ed-ab51-debda7b57237,33.89,20.29,6.98,869.55,standard,0,4875.37
60d3c036-24f7-403d-b97b-eb8182010ed1,9.51,17.35,7.54,350.15,electronics,2,1368.26
878d2eab-e6ba-409e-b7ad-e0cc16dac3df,37.19,27.73,8.89,364.15,apparel,0,9157.43
fd4af273-12a6-4245-9972-ce5298816ff8,11.24,9.13,9.07,544.94,glass,3,891.55
b8bfe696-f748-4b9b-b5c3-774b61cf440c,40.84,19.21,7.41,231.08,apparel,0,6768.8
cc7f5336-5b8c-4def-8764-28e61ec345b9,21.03,26.89,20.93,1861.61,standard,0,11061.73
c91b7016-bca8-439f-9ad7-3203ee322c29,39.81,23.02,6.14,1539.36,electronics,1,5675.63
246718fc-737f-4ef8-a0ce-45c139917490,14.0,9.93,8.89,695.33,glass,3,1094.82
6cc532cb-341c-4e91-8f23-95ba12c06168,42.15,12.62,1.0,101.93,standard,0,506.77
022d3a8a-7748-45de-b1ef-c7f4bc9388a5,13.23,9.47,5.29,356.92,glass,2,622.29
7450f617-f0f3-473f-9456-c34b14b79f69,12.86,9.3,8.76,573.62,glass,0,933.68
a00ab7cc-a366-4f7e-8cd8-4932d07c187a,12.27,5.26,15.91,538.7,fragile_liquid,3,1104.53
9c1274fc-d1dd-4c07-86da-c1d2e2ddaec8,14.61,12.17,11.16,541.44,electronics,2,1668.25
5312a1cc-7e21-4e8c-859b-16ab41dbcf72,20.61,23.97,11.85,1529.85,electronics,0,5538.46
aa52fbc9-aa92-4f2c-85f0-98e9b6a24fd1,31.71,21.24,14.09,2371.38,electronics,1,9963.11
d7275090-af9f-4c20-83d0-dd89d652d1a0,45.83,20.06,24.19,3339.85,standard,0,22828.0
91361058-756e-4143-8379-275efc800d7b,44.06,23.83,14.17,573.86,apparel,0,17617.8
56041681-7ae6-41e0-a961-1ce562a5fe70,36.35,26.14,16.74,632.07,apparel,0,16722.29
684f6bcf-b56c-4c33-8032-04b6dc20f9ae,9.29,8.26,8.68,443.99,glass,3,702.61
36e5f6f7-accf-4834-b16f-69cc7babfe6d,25.92,14.83,10.03,965.64,electronics,1,3558.1
bb3d2641-c28e-4646-b238-177f09194df0,19.62,25.33,12.01,1550.29,electronics,1,5358.91
9923ade9-4f77-4ae1-aecf-a26991f15b6a,18.06,24.66,13.33,812.72,standard,0,5881.46
716211b7-f549-4b7f-9d55-873118cecbc1,21.57,26.85,12.88,278.31,apparel,0,8300.84
beb47d39-c873-4efe-a4a1-f16e7e1ba81c,13.81,34.61,16.85,357.09,apparel,0,8244.68
2e2e5c17-f5e7-4a4d-8783-94dc176e19b1,20.7,14.41,5.8,328.46,electronics,3,1635.18
3876c414-0808-4f7b-9359-61818c684f33,42.51,27.83,5.22,1013.84,standard,0,6614.36
9cb8f434-152f-483a-8beb-96a904fc9ce3,13.63,12.13,12.76,436.59,standard,0,2295.03
11b71dfa-4e0d-48d9-ad2d-2c48da8684dc,35.75,18.51,10.84,1703.76,electronics,0,8092.4
8d857204-506e-48e1-9a9b-42689020720c,32.71,45.62,11.52,723.72,apparel,0,14320.32
7f8391bd-6d41-44a6-ad6e-101a7bf6eba9,35.24,37.34,12.28,626.31,apparel,0,19026.72
d930c6e0-2d3d-4156-99f9-20fff09c891a,13.05,10.13,11.95,937.96,glass,2,1477.56
c62fe441-b8f4-49c8-8638-02faab0bae08,31.08,16.27,12.46,1590.89,electronics,1,5193.19
87d2758c-43cc-4947-9f86-b9bf8e7cc5b9,36.93,36.88,17.46,3584.58,standard,1,21746.75
ff8a4d36-db99-4086-a4ba-1fc1cf808f36,10.09,13.61,12.71,333.85,electronics,1,1880.39
a14117d1-6dd7-46d7-bcc1-21851c604b21,18.85,33.55,12.16,286.31,apparel,0,8066.23
819a6117-bc1e-4b91-9216-a8e17e05fcc6,32.38,13.89,15.56,1709.99,electronics,1,7215.18
6bceec79-72f7-4f94-971d-05eb39c5ee81,14.51,10.84,5.28,600.89,glass,3,995.2
f437643e-e018-40f7-be70-65842dd7b233,9.01,11.21,6.51,379.12,glass,2,625.1
86e3a944-1ce7-410a-82b2-5b34b4fc2ed7,12.01,8.54,8.61,559.01,glass,3,920.12
f5180914-194b-4f3b-a8f2-cf0f72e2cc4b,14.51,8.3,17.72,1241.37,fragile_liquid,2,1878.55
49de11d8-67fd-4455-b900-1d3cf440102e,19.85,32.43,8.15,187.74,apparel,0,5061.72
326d6d72-cf87-4954-a840-b10cd33b656b,26.04,18.6,6.38,916.9,electronics,1,3341.47
7e64de2c-ada7-4275-9419-97bbea9cc28c,17.67,13.64,27.32,3626.72,fragile_liquid,3,7164.81
d675bd51-c626-46c7-86a2-d861d01ee81d,26.5,37.87,13.67,2278.36,standard,0,13196.27
b10f8d7d-a1cb-4d07-8e55-90d64f96ad0f,14.57,8.46,5.05,305.56,glass,3,593.9
b4cf9ffa-038a-4047-93cf-8efaa2755ebf,28.25,34.96,15.2,617.44,apparel,3,15937.28
fce5ba03-e7e8-411f-a40f-706f0359f1fe,11.39,15.69,8.09,828.96,glass,2,1352.03
44d7043e-567b-4c80-8cf0-937f25be41ae,13.28,12.74,10.24,1026.15,glass,1,1849.18
7bf48a64-2aad-4827-a392-5b82084f9ecb,7.08,18.65,9.86,226.58,standard,0,1317.5
2e8e0063-6394-49af-a398-e63e60c02823,34.44,45.22,17.35,1095.34,apparel,0,26295.92
1b1c3509-4e66-45e6-b896-28a5f6738845,16.07,10.83,18.5,1840.48,fragile_liquid,2,3308.78
1c589689-aa65-4dac-a226-0e166dd88a2d,16.81,4.44,22.09,832.15,fragile_liquid,1,1784.57
f77a6db6-52f2-4d8c-94e1-e89289a6ba5c,14.76,10.69,5.22,539.08,glass,2,796.57
63a05dba-b3bc-4234-8fcd-2971d0e94b8f,12.55,15.85,11.82,1319.84,fragile_liquid,3,2527.59
bc780362-173c-4976-867f-1f0577825bb9,29.75,28.79,14.02,2955.1,electronics,1,12804.66
50e88a9e-b51e-445a-9e7f-2ae7c21b8b8c,44.37,18.09,7.57,985.16,standard,1,5652.83
50d440f9-500c-4ba9-8b1e-d4b55f77deaa,17.76,16.63,15.53,2525.13,fragile_liquid,2,4955.97
e010adc0-5dde-4787-9261-24f8a147d036,7.93,7.52,3.16,102.36,glass,3,196.51
a819dabc-cc52-48d4-8bc8-2bf67c4911b4,23.14,11.62,6.62,38.32,apparel,1,1412.22
b5cf7152-bc95-410c-928b-74f025a060d5,17.04,10.18,20.47,2010.01,fragile_liquid,3,3708.86
dc166b22-c160-428f-b3fe-120b93242ca8,33.68,32.39,21.19,3441.65,standard,0,21362.09
eac600c5-5fc5-4398-af14-eb2bebd28769,35.25,17.57,10.09,1690.23,electronics,1,7590.79
a53c8ba3-fe60-4e8b-b2fb-27abb2cb9436,26.93,31.27,13.53,461.8,apparel,0,12017.28
e8a10609-7ada-4133-8b6d-6640885b0921,25.91,15.84,15.41,1464.29,electronics,3,7157.38
b86e011e-d82e-4519-b9a9-187d0bba7d36,17.65,16.67,19.04,3069.37,fragile_liquid,3,5594.54
64de114c-2771-4002-9778-15250b8047ad,9.93,18.59,11.95,535.38,electronics,1,2471.69
6cb6762f-17f1-4960-a129-c9170e8a67b8,9.47,8.87,8.96,472.49,glass,2,858.43
9d3e1452-bb80-4478-a2b0-6dab7e98c642,27.83,35.23,12.74,457.92,apparel,0,10924.83
dd817e4a-e5b1-4838-86a0-28ce51b8324c,33.81,22.14,17.96,538.08,apparel,0,12434.41
5fa118d1-a394-45ac-aabd-b39742a2596d,13.67,5.74,7.05,305.19,glass,2,591.13
01e755b9-a3d5-4b39-9c72-ccabf00f3d59,56.98,22.09,12.5,671.0,apparel,3,16680.85
4403ff06-4c5f-4b02-956e-83b462e2402b,41.29,31.34,5.58,274.38,apparel,0,5719.21
0c153e54-02d5-49d4-959c-465c98d71d98,13.59,48.67,10.82,1146.89,standard,0,8291.84
36fd7bae-e441-4a63-afa1-fba72169fd3c,37.13,25.58,19.1,2721.1,standard,1,14996.95
f913cc99-1e10-4555-9f46-ef33f35d254e,35.96,23.52,5.92,1211.43,electronics,0,4372.78
491ee5f3-08be-4d3f-8635-88c1ef405a62,16.48,11.93,7.05,855.04,glass,3,1240.68
cb0ab3b1-67f2-47bd-9669-996808428b27,21.24,16.46,5.02,190.25,standard,0,1694.55
0105bd29-692e-43e8-b7cc-3824c94db05c,20.47,21.75,18.63,1009.53,standard,0,9196.76
a67cfec7-b74e-4a95-8144-a606e74dddb4,15.22,20.79,17.22,817.37,standard,1,4736.26
96f0f76b-6a35-4331-8594-aa38eb5a8f6f,37.09,18.06,10.89,313.61,apparel,0,7833.74
773706d5-6e87-4bcb-8bfa-6f80fa9ab7a3,14.64,10.17,12.72,1123.0,glass,3,1582.85
456e9f48-b155-465a-9abe-3401fe8e556f,32.64,10.79,8.68,807.21,electronics,1,3329.91
abf4e22b-2f5e-4989-a19a-c83c6d13ed01,17.62,3.14,19.5,584.42,fragile_liquid,1,1207.89
8912c078-6a65-40ff-85ed-dc1c52801cbc,40.25,24.58,25.53,3601.32,standard,0,24291.49
5d0995ce-53e3-4b0e-9007-f3377c2d8b19,13.06,15.3,13.39,1367.17,fragile_liquid,2,2132.81
c7863d72-4bd5-44ad-8a11-5f9b5fb546cb,11.57,14.97,2.31,10.0,standard,1,387.27
ac12b8b3-6ba8-4786-b702-9629377290f9,28.72,21.68,9.57,1389.73,electronics,2,6483.85
0f576568-b955-4e6f-8d41-97bc7e53c93e,26.62,13.25,13.67,1229.58,electronics,2,4354.01
3579f1f5-eb95-46e5-928a-1b9f324af32f,36.45,24.51,17.54,2170.06,standard,1,16355.05
141bf1b4-cd88-4c15-ad06-85797261e375,40.52,25.08,5.03,571.13,standard,0,4383.16
d549e185-1988-4fd8-8e0c-082399139afa,44.35,1.0,6.73,121.82,standard,0,285.11
dad7a7fb-4e93-49f8-88d7-7ada21579630,30.1,18.9,7.76,1127.16,electronics,1,4213.34
b317efcd-9365-4c65-a670-e0891955de22,10.86,9.92,6.45,501.18,glass,3,615.6
f69615db-ec1e-4d86-bcc1-cc8b356c4a08,18.66,34.08,6.37,1039.74,electronics,3,4089.23
661fc75e-6ddf-43a8-98f1-7c9909b5fe2d,31.79,13.61,8.96,1055.2,electronics,1,4321.21
6ddac34f-8e80-47ac-bf01-0a306e1d8ff4,23.44,18.38,32.56,2339.39,standard,0,15143.96
7169347c-cd3b-4391-8cfa-f1c917ef73fc,31.44,37.36,26.27,4663.68,standard,0,26862.41
3b1ab062-7abc-4dc0-b862-819cdffb1895,16.51,11.57,16.9,1757.06,fragile_liquid,3,3016.63
5512159c-a048-4e79-b538-62fad7703594,17.46,10.33,11.6,1188.76,glass,2,2257.53
6d133b59-7226-4c57-b457-f64106f81757,22.72,9.28,11.86,655.27,electronics,2,2306.42
78798c06-6922-40ef-a096-51f1a3c4e0c7,24.87,9.0,9.03,420.14,electronics,1,1945.22
964be564-d126-4b87-9349-2434ac4d247b,15.21,11.19,7.31,734.36,glass,2,1436.98
d34c42cb-a105-4d9e-80ad-6877bb1fd8d7,24.02,16.67,3.4,523.98,electronics,1,1459.98
cebdbeaa-d788-44e2-8b06-3ccc63cf0eaf,33.01,37.68,17.24,933.17,apparel,0,19564.83
54f5dd1e-a5de-463a-b952-7f7bffe818ac,15.08,8.73,9.68,795.47,glass,3,1074.68
27b4779a-9a27-4637-b26f-e36a07a2e45f,40.34,9.59,14.5,994.21,standard,0,5945.59
47c2c167-248b-49c2-a6b1-bc00ce1fe820,20.95,44.79,3.04,126.24,apparel,0,2960.72
b9489264-c6df-498a-9a39-db4c5202d73a,23.94,28.68,11.75,330.53,apparel,0,7912.41
d115b67c-8228-4393-ab82-17764525f977,23.94,22.45,14.18,310.72,apparel,0,6056.29
d92a2669-c86b-4e88-a2bf-84ae78e7af56,35.32,40.4,11.98,668.28,apparel,0,18107.2
42c6cf69-b514-4652-ab34-2af3a3a173c6,50.7,30.12,10.19,629.83,apparel,0,15069.61
7c79c693-0030-49a6-ac8c-7edebe1dd3c8,50.44,34.2,21.24,1485.93,apparel,0,32441.07
854f75e9-40af-4fb7-8dfe-47989b897995,34.62,30.3,9.54,378.47,apparel,0,11121.11
a535991d-e9ca-47e4-9aab-7e10963dd5c8,13.46,10.36,9.19,777.24,glass,3,1229.55
dd28101d-c1f4-473a-b25f-4fe17e8dfd09,29.45,14.4,13.66,1352.66,electronics,2,6603.47
66fd16f6-c291-4117-b970-f079a0a56857,33.78,27.72,19.29,2791.34,standard,1,17750.74
994c0de2-a938-4b25-a8f7-5a3654ca3692,45.92,35.68,15.23,995.63,apparel,0,23757.59
102a4708-d1ea-468b-b809-de1de50eaaa8,16.73,13.0,22.02,2630.24,fragile_liquid,2,4229.9
9b4faf0f-7086-4889-a113-34cdb0c590b1,37.37,17.81,18.27,502.53,apparel,0,12434.64
72e24a12-71bb-4d83-a721-c3a2528c8be3,23.44,4.66,14.0,819.33,fragile_liquid,3,1484.63
08b59e73-a118-4695-be74-ab6c85c0bee2,26.45,13.93,9.22,866.42,electronics,2,3182.84
ea0f8bcd-94da-4122-9104-6ea7df7d884b,17.19,25.67,7.39,853.32,electronics,1,3401.63
427b7db2-5a01-427b-8d93-209a20303877,40.53,19.18,27.25,3077.58,standard,0,20996.28
daa6ec94-9dab-4320-b62e-c1b4d600f52d,17.1,18.45,8.92,778.23,electronics,1,3130.57
7b236099-24bd-4ae9-8ad9-bb0c8ad75b3d,34.83,15.49,17.44,1342.94,standard,0,8538.23
3d859424-8802-4682-922c-763334c679e0,13.36,9.01,8.7,625.69,glass,2,1211.77
56c6980b-d021-434c-842e-f68784db3204,11.24,9.61,7.6,543.23,glass,3,933.87
e2d5e27d-712f-4f4a-b248-46c48bf3c520,13.45,15.0,20.38,774.8,standard,0,3541.6
a77b4c6a-96f5-4499-830e-a5cb5a9a2664,55.01,13.52,13.03,1246.61,standard,0,10437.03
410e4df2-aa84-498d-b1a9-30e714822c5c,29.49,21.18,6.85,158.87,apparel,0,4580.98
e671dc29-548b-49ee-92e1-994ae5c7cdb0,11.23,22.77,3.59,181.11,electronics,3,977.8
d6f5d7b7-ee2a-4bf0-80df-141883224d54,7.58,12.72,14.33,831.51,fragile_liquid,3,1234.24
3e506c00-d822-4424-be7e-a4c09a914ce5,33.22,20.9,14.43,1411.45,standard,0,10848.42
edc129a7-3873-439e-8865-29b3131d19c7,25.85,26.98,18.01,1907.25,standard,3,14350.79
6f6bb5b6-63e1-40f3-b1c8-6b5e2da4fffa,13.71,10.18,26.4,2048.2,fragile_liquid,2,3909.13
48061f59-ddb5-46af-87d2-4cf925015133,40.68,23.66,12.52,477.15,apparel,0,12461.18
9facd371-0d2d-405b-84b1-96d7a2a3477d,11.05,32.3,11.8,495.22,standard,1,4005.3
b03ab709-ce33-4dd3-a3a6-979fbb8d0653,28.43,14.88,11.92,1244.74,electronics,2,3805.9
63d0583d-a50c-4b36-80b1-34834ed4baca,64.86,18.0,3.81,170.86,apparel,0,3451.82
8e50e923-afea-43ca-a611-24d2e51141f6,40.21,8.05,8.5,690.43,electronics,2,3247.52
efbfbd28-6780-4afe-bee9-b32a9c2eda8c,35.63,24.15,12.34,380.36,apparel,0,9026.97
14677f24-3fa6-4e70-bf47-abfd34f9d08c,24.44,26.63,27.42,2736.41,standard,0,17052.3
b9eaa196-7769-462c-a3a5-91e1ef2d38ca,15.5,46.89,15.08,416.2,apparel,0,10032.72
5074c69e-a8ab-44db-a71d-ce75e70f0a74,7.79,10.27,5.75,371.39,glass,2,408.76
9f274f4c-2255-4510-9311-28ef71f7496b,13.08,15.04,6.81,269.93,electronics,1,1539.35
207101aa-01b4-4b5a-936e-7042305ada76,27.79,21.36,8.73,211.59,apparel,0,4885.09
35e4f60e-a84d-4c6f-89b3-9eb7cf6408c9,13.55,10.64,9.94,815.54,glass,3,1558.92
8ac3d38f-0324-49ba-a28a-01f88b019e4a,21.6,23.56,20.23,1452.49,standard,1,10635.96
3de7c6c9-17fa-4b24-8c50-791a7c707ee9,32.97,23.49,9.98,1919.97,electronics,2,7325.47
f1facecb-45d2-43be-b426-a27f880a8fc9,35.43,5.0,2.3,103.91,standard,0,422.43
6de0b45f-94ee-41af-8db8-3a0ad36b4ba4,26.96,28.79,6.97,1404.02,electronics,0,5462.01
2f7db83e-cfc7-4627-854c-98ab4bf10aed,41.79,20.41,10.71,370.3,apparel,1,7707.44
9b82b247-614b-43ab-bfff-33acda1dc248,16.47,11.69,9.78,1056.76,fragile_liquid,2,1929.1
be28b42e-920b-4e4c-a008-9ce9692b5c21,27.94,24.07,20.48,2107.64,standard,0,14701.48
f7d9b67f-b212-400f-8e68-94e144837dbc,17.24,13.88,9.49,579.12,electronics,2,2507.92
f0d9e1ef-cf86-4b60-a817-2b10978426e9,29.84,19.03,14.85,2179.38,electronics,1,8793.92
bb061ed8-7444-44fd-a2f6-e35813eec02f,16.86,8.84,7.52,681.15,glass,2,1092.63
d7c33be6-2cd3-42c1-8e2d-84563aa5bdba,36.49,39.23,22.7,4923.88,standard,1,36229.18
bc67b1b6-5ea2-4505-983e-87974a2c7c44,22.38,34.18,17.47,596.23,apparel,3,13024.95
2c8016cc-ba4a-4410-b97c-a3f11e1ed2a2,14.69,30.82,27.14,1862.71,standard,0,13166.78
ce0c9e8b-ad24-4b0c-a4d1-d7652a22024c,8.51,10.32,14.23,741.03,fragile_liquid,2,1340.78
9cadba56-4ca0-422c-ad8e-8a5d41b4117a,8.86,10.31,8.34,437.06,glass,2,773.95
22219840-83c8-4d25-a525-3ea33a5d7a53,32.85,9.3,13.62,755.53,standard,0,3798.44
97e6a67e-2a3f-4364-8262-68f2a52a5d1c,12.6,2.51,15.92,233.83,fragile_liquid,1,509.28
f94fa20a-ab91-43a9-b74f-b5ff6e9fcac3,52.71,30.24,13.25,843.29,apparel,0,21613.56
8e6133d4-8aae-4f1c-aa71-7b5e5b1f1d53,35.51,18.66,18.17,1549.51,standard,0,12870.94
afd1dcb6-97ea-4f0d-ab94-c87276d436d2,11.07,27.26,10.09,886.52,electronics,1,2943.12
4dc7f38b-9e57-4bdf-8603-224da9030740,22.08,12.92,13.77,1122.8,electronics,2,3941.73
e89b16d1-a4bb-420a-ac4b-01fb65c519ea,15.25,28.72,8.39,346.72,standard,0,3679.95
4b181c27-673e-4607-adcf-4e1fde0851b2,27.26,23.08,10.2,242.58,apparel,0,7970.35
2ee82ff8-64ed-4c1d-87f3-903e7200501d,15.72,10.46,22.75,2059.02,fragile_liquid,3,3677.02
23b882c3-a6a5-4df2-93cf-50dd607f6ba4,27.96,11.36,7.82,488.99,electronics,1,2778.89
518b711e-094c-4bbf-8b49-0e98f087c797,36.17,18.88,15.51,455.17,apparel,0,11441.16
9bc089a1-3c02-44a7-bd71-ac1641ae842d,30.18,13.27,15.4,1553.51,electronics,1,6850.61
78824e05-d823-41c3-a3bc-a51ae05122d3,36.17,28.45,23.96,1024.4,apparel,0,26937.81
a9a478d0-f7ca-4129-95cf-a1513624036a,22.84,22.57,10.68,1309.91,electronics,1,5089.11
deba719b-8545-49b7-8d5c-e3bbbf914528,30.83,17.58,11.52,233.63,apparel,0,6122.5
8c2206e5-c301-49cb-b25e-4b1797573409,41.38,34.59,7.38,1570.26,standard,0,11326.71
54bd928a-59e2-45ed-af4e-d84bac61cb20,37.51,21.24,8.9,334.56,apparel,0,6637.97
103051d3-2697-4032-9160-14dfc19c6d3e,11.38,13.4,8.09,749.6,glass,2,1255.06
4168c1f4-4203-4c1b-be30-200ddec9ed15,52.68,31.39,16.29,1091.34,apparel,0,27290.69
8c6d9bf2-5d96-40e6-9855-11339d355fdd,9.62,10.67,8.85,527.45,glass,2,1096.54
df4d0ae4-461d-4a70-a2f9-cd9159f4d405,20.71,11.81,10.69,561.57,electronics,1,2397.87
a6aadad4-cd81-4c6f-8667-53eb1823b546,32.87,18.06,14.01,2005.16,electronics,0,8537.22
d1f7dfed-ffe2-44c4-b957-8c8e68c1d60f,10.03,21.6,13.0,180.3,apparel,0,2931.86
91617c32-58a3-4047-8256-4b87191abd7c,11.33,12.62,10.85,793.63,glass,3,1781.95
96d59bda-cd6e-4fe5-8726-a91c21f31d39,25.05,19.48,18.05,1442.59,standard,3,8890.98
d25a889f-07d5-408b-8f34-06bbea123a6a,7.66,9.14,9.45,373.09,glass,2,615.01
be15a43e-a7d6-4182-a2bf-e987371a872f,9.1,12.15,16.49,1043.25,fragile_liquid,2,1866.44
2dd4dfc5-eb9a-4dce-93f5-9d9c07abc2fd,16.37,12.34,9.3,976.93,fragile_liquid,3,2328.55
8ca0566b-e994-44d0-8a1b-b9c6e542fd50,33.85,24.9,8.23,1763.82,electronics,2,7325.77
2bc62899-e6c3-429e-b16f-aea319718a9d,48.58,17.26,16.86,508.6,apparel,0,13262.29
b8323777-66a8-4cd6-af78-6144fd54dd98,8.4,13.74,21.74,1190.22,fragile_liquid,1,1996.45
8b6d6da6-6750-4914-887b-a0dbeeb60d6a,7.22,10.46,10.83,521.86,glass,3,821.99
641f2c5e-5db9-40b4-bb9f-2230be32b7d9,28.68,19.93,14.14,337.73,apparel,0,8295.86
111f01c1-a755-4091-ba6a-e8bfd5f3b593,14.11,9.33,9.17,681.48,glass,3,1438.1
ca944c6d-7c2d-4f6d-b807-156e8c35f8b9,28.38,39.78,9.49,474.39,apparel,0,10815.6
dab081ae-4ad4-43f7-81a2-3cc9b91a0ffe,10.13,9.85,6.53,403.25,glass,1,569.59
f04979ee-8a90-41ea-9b8a-a39088adbf98,27.09,25.73,3.71,782.78,electronics,1,2481.96
78e39591-4774-4420-9b84-a2645d2a00ec,25.68,9.86,7.62,69.61,apparel,0,1985.29
e8045d45-58f7-45c0-9e9a-3d02661969e8,24.51,18.51,14.18,1587.89,electronics,2,7162.91
80de8278-e91c-43e6-8202-132a1783a26b,24.66,17.91,9.96,1114.53,electronics,0,5095.18
fc2e5905-9fc7-4248-b513-5480b32c01c3,17.17,8.66,5.16,515.53,glass,3,753.79
c2348202-d0a0-4ad1-b9a8-b145282fb93d,28.06,31.51,8.58,1156.96,standard,0,8079.86
3f17ca1f-95fe-473c-b532-3d8f649ea8f2,33.44,27.36,5.66,609.15,standard,0,5264.6
f3e6d1aa-87df-477d-bb38-6490934f0a6b,21.08,22.86,10.17,816.04,standard,0,5493.65
7b7b33c2-a46b-4c50-aac1-3bb7e64d2f40,26.45,25.69,22.65,2239.55,standard,0,15841.16
8c7a835c-3ab9-4659-a132-5585d16107e4,22.04,13.84,5.82,333.87,electronics,1,1714.61
cdd17238-22a4-4c68-a291-974702eeb58d,30.1,13.72,4.19,545.38,electronics,2,1854.82
ec4732eb-038c-4bab-965f-f8cf5a246f06,4.59,22.39,15.71,181.83,standard,0,1511.59
42cbb5ef-e673-4525-8d8f-81acca78726f,22.62,41.58,17.7,687.17,apparel,0,16342.27
8cfd0bd6-f2fe-4e45-9c9a-01443c05407b,19.26,13.02,16.16,2257.02,fragile_liquid,3,4804.07
6d5f3588-85b7-434c-83cd-c8404d828e48,25.55,16.86,8.53,1060.78,electronics,0,3784.35
911784b9-b984-4384-aea0-50feafe70ad2,16.2,8.39,6.61,478.77,glass,3,916.31
3d93ebe4-5353-4a37-8d84-2a5cf35cd6f9,25.34,13.7,15.65,843.09,standard,0,5060.44
3d154b21-783c-4ffb-8b8d-caf591d18e6e,39.51,19.98,1.0,15.45,apparel,0,748.51
60587923-d5f0-4c96-bc6e-80b5c58a3da7,49.65,17.14,16.56,2342.45,standard,0,14510.9
9c832b10-c599-4aa0-90fc-7414f55e6066,27.64,27.52,14.32,1698.01,standard,0,10563.67
d88e5a65-ef12-46cd-ae0f-907bcc1e4336,29.04,35.95,13.28,591.36,apparel,0,14322.63
51ff3a76-2f13-4ad7-bae8-8ac31a28e4d5,11.95,7.64,8.8,408.21,glass,1,1000.13
a3f425fe-c567-47ce-a6a0-0f406bc95511,16.56,11.03,16.17,1636.65,fragile_liquid,3,2764.4
e2f15e8f-6ead-4d98-a727-c312afb5f6c3,35.94,28.84,17.02,704.91,apparel,0,18501.2
e4e1ddac-8cbf-4263-9aa9-487228ec1f8e,28.79,16.95,1.0,72.23,standard,2,499.63
e9322a7d-025e-4ceb-b1d3-ca941ac4def5,22.17,13.98,11.6,97.76,apparel,0,2773.57
ac7286a7-f5fd-4b4e-8382-87b1d1a504ec,34.71,22.09,23.72,2670.98,standard,1,15795.88
a99ef75e-d6f9-4dfa-a6a4-560dca64cb7b,12.18,12.76,20.81,1700.26,fragile_liquid,1,3012.0
d57cfa3e-b850-4196-9bb1-fc0e39977a29,32.7,23.15,11.89,345.75,apparel,0,8865.02
c69d29eb-aa31-42bb-9c61-f67ecdc41bc3,30.16,16.93,16.52,2163.41,electronics,2,9859.47
c387687c-e1dc-4d11-b32a-2bee14e543eb,23.68,4.54,13.59,329.27,electronics,1,1440.55
8c372116-a7a9-421a-9f6d-89ee64383a8d,14.83,10.41,22.07,1973.99,fragile_liquid,2,3536.43
865442e9-2726-402b-988f-b17d1b8e12e0,21.62,11.81,32.35,4577.08,fragile_liquid,3,9598.8
efba1d10-f1d4-4803-b0f3-aef177a38532,10.12,11.24,10.3,701.2,glass,3,1199.86
a3c98d0a-1e7d-4df8-9177-7a753c76c77c,22.91,18.11,8.46,800.65,electronics,0,3564.76
2015f865-5174-43bf-9cae-4c890ed0aab2,9.25,9.17,11.19,558.05,glass,3,941.04
dce1ef4f-9718-4906-a22f-504ea3d59671,21.46,9.65,19.2,2213.8,fragile_liquid,2,3259.14
352a0250-9a71-4ec1-aa9a-ac50908b889d,18.4,15.62,22.78,3629.37,fragile_liquid,3,6346.64
3544ae79-c0a3-4517-b33a-77ef98dbf6f2,28.96,29.3,17.91,561.92,apparel,0,16682.35
2ed7c079-b6fd-4199-a5b3-f8cb720956af,12.39,6.72,10.68,525.41,glass,2,1042.3
fca9044e-0158-4cbf-81de-686a6169332b,13.97,9.27,11.15,846.53,fragile_liquid,3,1280.3
4cd4266f-446f-4cb7-8b61-9e0560b82765,34.86,23.15,11.65,2414.58,electronics,1,10361.82
980f35c2-f719-4c58-ba4d-71002847b0f5,33.94,31.44,14.56,2280.76,standard,0,16072.03
df1f1ac0-e8d8-41e0-b673-ce2288e9feaa,26.95,18.24,11.94,1078.1,standard,1,5863.42
82e3b996-cefe-4e15-9345-77b1adc6c926,17.6,12.87,21.28,2729.92,fragile_liquid,3,5179.22
895e5f2a-ee5e-4c73-94ae-33223433f5b9,37.62,18.23,16.94,1727.06,standard,0,11523.22
5ca60db3-7051-42ee-88a9-e8b5b1a30da8,33.99,12.19,9.96,1015.08,electronics,1,4070.15
b2236c56-6d26-4f84-a0c8-263ad4fa4ba0,23.87,16.91,17.48,1543.61,electronics,2,5424.53
0edde6a6-0618-4e46-b5cf-e1b549b26da3,23.65,30.05,16.83,522.71,apparel,0,11619.34
405fde34-27d9-4841-89a1-36302a8d0c9d,8.93,6.29,8.56,318.55,glass,2,478.55
1ff161df-3634-4da4-b99b-d7f44003927b,45.46,29.9,8.84,1625.83,standard,0,10758.07
c86f1737-9959-4b03-ab7f-c3891f8a63fd,11.79,17.46,24.79,2859.48,fragile_liquid,2,3912.71
1cbfcc0a-5de2-4f9e-b8e6-903fdf457d75,9.48,5.78,7.81,271.8,glass,3,451.22
8b493e9b-1b34-4c3c-87e0-fc294bf370be,32.9,31.25,22.73,3469.98,standard,1,25444.38
677ca4ec-c0ec-42f0-9f74-d0216e5fc957,32.37,14.07,7.85,118.06,apparel,0,4250.94
79fd0fdc-c823-4418-a291-249347d23983,21.56,19.22,8.68,957.4,electronics,1,4019.59
7968efae-6fa0-42a3-aec0-d713f8331d09,30.25,17.29,1.0,10.0,standard,0,465.25
8314b290-5178-4443-95c9-12198eb0ccda,17.77,26.99,14.33,1807.94,electronics,3,6787.34
e38b3def-f984-46e2-9c9b-46b1241100f6,30.52,14.86,6.03,652.12,electronics,1,2527.86
93fcd3e4-f455-4071-ab73-7e8b918f91e6,9.46,15.65,19.29,1522.82,fragile_liquid,1,3100.68
bd95393b-d870-4804-879d-0d89b814920f,11.49,9.58,6.75,408.65,glass,3,809.72
e3ff9296-102b-406e-affc-a8439fafd6a0,43.21,39.22,26.47,6695.81,standard,1,40457.61
03e5f864-f6ce-49ba-969f-57a024a91511,3.84,7.05,16.67,271.15,fragile_liquid,2,441.33
b1013d41-8cf0-44c3-b068-5e7da2dbfe05,40.4,22.8,11.01,404.19,apparel,0,9512.3
5d329e66-8bc5-471b-a107-fb59253a9e82,23.98,27.46,15.56,1489.84,standard,0,8946.22
ae94cc46-6a1d-45e2-9134-12de619c9a94,43.36,21.1,11.45,437.28,apparel,0,9089.72
7cd020eb-0cd9-4df3-a54b-5a88fd79c229,35.27,9.75,4.98,386.13,electronics,0,1604.33
04f84500-82dc-4c8e-a47f-fbdee13451e1,24.34,14.6,1.0,10.0,electronics,2,332.89
38a3b911-4aa2-4133-9bbe-4dc1fa753e12,18.47,20.85,14.77,1310.21,electronics,2,5746.32
eefe11d7-120b-4f52-af29-10ff592ffa24,35.93,18.33,10.19,907.85,standard,0,6366.11
8bd2f5be-ab6e-41a9-8a87-6e20bc403b8e,28.08,14.08,13.17,1307.19,electronics,2,4610.27
b614e14c-d59e-451e-b363-0a0b89b7ce99,32.88,17.66,4.36,589.14,electronics,1,2785.18
cbf38f27-bfd3-4f14-b7a5-d0205d4de6c7,33.1,17.11,12.14,240.21,apparel,1,6391.36
4a72466d-ac4f-420c-8dbc-c21360e8f63b,38.55,23.63,14.91,2117.65,standard,0,10395.51
ca19aeae-8621-4be5-93f0-9f7b272652fe,21.78,11.27,9.37,573.07,electronics,1,2200.13
20e15c66-e2f3-47e0-bfca-8b68daca3f01,16.42,8.07,16.88,1407.81,fragile_liquid,3,2443.68
713ab304-de7c-4ff8-b8eb-7cb022a3176b,21.21,11.83,5.88,380.78,electronics,1,1430.59
cc6f8010-975b-44ac-af30-dd710dbcf06c,33.51,34.89,16.77,747.68,apparel,0,19776.4
7ef52762-90b3-4322-a0c6-aeb2fa7bb2ed,22.2,25.64,14.87,1274.71,standard,0,11046.4
f38e4de6-22f4-4c61-9697-c4b17174d5e0,38.72,16.39,5.95,1022.26,electronics,3,3252.51
d57de553-efeb-4d7b-83a8-868c3a841264,22.74,8.1,12.14,483.64,electronics,2,2497.01
ab121446-1a26-4348-87fa-453d5d277773,27.38,17.74,16.26,1369.13,standard,0,7873.37
070a6dd4-013d-424b-9ff5-4b85509ee6c5,17.31,11.65,15.48,1777.08,fragile_liquid,3,3185.78
d09682f7-8680-4b53-9711-af673b09b844,36.37,18.6,7.54,1218.46,electronics,2,5821.64
5855ff7f-9a65-4d79-8166-2c8311e2909b,11.85,14.76,7.31,796.46,glass,2,1070.85
ca929090-e576-4868-9da2-c396edd826d3,43.52,35.7,17.98,1135.75,apparel,0,27302.28
bb74e694-c037-49ce-be4e-c9ba6dae4154,13.15,13.72,20.69,2102.36,fragile_liquid,2,3589.58
5af11bdb-265c-4fde-acec-f8e393fc5e32,16.12,11.2,14.59,1554.4,fragile_liquid,2,2951.08
dee66dfe-d5d7-40b4-a88b-8047fbd175c1,47.58,27.32,24.45,4889.98,standard,0,38620.77
9297df32-b5cd-4d82-a9e8-c442f801764f,27.46,17.5,13.73,227.76,apparel,0,8009.87
ca4696d0-c48e-4baa-ad85-26032879c843,17.62,22.04,17.38,941.5,standard,1,5454.16
adfb4ad4-9841-4795-90d0-0baf692d44cc,34.92,33.51,18.55,867.5,apparel,0,21671.32
23bd6a2a-13e3-471c-bf95-82e2d068b7e8,8.91,10.23,6.52,309.48,glass,3,515.09
1879b132-c660-4e69-9811-05db4f51b209,28.63,49.59,7.89,423.74,apparel,0,11388.45
ca2bed6c-209c-4148-a3ba-6d201045fd11,11.5,9.07,8.16,477.11,glass,2,1001.48
df167201-913a-4ee0-b0ce-9ed4abc1eaa7,52.64,20.16,13.44,1983.4,standard,0,14618.76
eb653987-9188-402e-b545-ef1b6d11bcb7,32.97,20.83,9.56,1587.03,electronics,1,5399.08
9722b8a7-cf1f-4d46-b3dc-c8a1e7de71fd,37.07,15.18,20.17,457.93,apparel,0,13096.22
18295a5c-7a2f-4328-bd0c-737ed1a5171c,1.45,34.19,19.24,332.39,standard,0,846.91
c631e31d-8669-4998-ad26-ff7c65093409,23.55,18.65,8.16,133.34,apparel,0,4252.78
9d4b709b-4bd9-4da5-9abb-2c1ddf8002ec,14.85,25.99,16.97,1614.66,electronics,1,6103.8
08c5b730-6b53-45f7-912c-a97ecb69dbbb,28.43,16.56,15.19,1805.38,electronics,2,7021.13
b55c81e5-d181-4403-b72f-184389f9c90a,41.5,26.7,10.96,468.37,apparel,0,11947.19
f904be29-b245-4d2c-94de-4ffdc3e28884,13.57,10.5,7.0,678.03,glass,3,847.21
02c0548c-8abf-4094-be23-73217dac662a,53.83,17.63,13.11,1880.92,standard,1,12716.9
9e8dd21b-f712-4cdd-8fd2-cd84514d9331,39.37,33.49,13.44,708.24,apparel,0,19640.92
30434f31-c031-4a0b-a368-f5fc54fdc051,35.08,15.2,9.1,1076.45,electronics,1,4988.27
cbc9c26f-9b93-4624-8ed1-6eadbbe012b9,10.73,11.96,12.99,987.29,glass,2,1579.19
0229f6ca-854a-491e-8701-c2d5e9ad1c48,23.68,8.2,25.04,814.31,standard,1,4489.66
63e0ef6a-427e-4289-a38e-ad97f589f1ae,36.02,13.32,10.65,218.24,apparel,0,5279.36
8695751c-127d-41ff-813e-df92b51322ca,21.87,20.15,2.37,177.29,standard,1,970.92
41fd896d-82f9-487a-9adc-6a6732ee167a,30.4,24.88,14.28,423.93,apparel,0,8834.04
1fcd0f5a-ebd5-488e-a063-0e6c91d67ef3,14.84,11.86,15.87,1402.12,fragile_liquid,2,2734.15
f13e3d86-c78c-4492-b82c-2502c30c39e5,12.79,13.66,7.2,756.06,glass,2,986.41
b7a2dbad-f6e6-45dc-9551-afda7f16bd89,10.71,17.92,9.76,616.82,electronics,2,1703.97
88eaf2b6-cb69-4846-89cb-d5ccb3a565af,27.9,21.39,20.64,1881.29,standard,0,13980.15
39be3693-768d-4585-9ded-4d5a6111517b,21.16,8.83,12.45,1293.75,fragile_liquid,2,2390.91
90f29ee1-b643-467b-8706-3eb279478321,14.83,15.04,16.84,2058.97,fragile_liquid,2,4139.15
6485eb72-ef8c-4d84-b808-a69b7cc9f506,11.68,12.33,22.51,1736.84,fragile_liquid,2,3153.45
5a428a5b-1ec6-4d21-a534-e93deb3df3c9,18.11,18.33,15.93,2921.33,fragile_liquid,3,5243.46
b9563c55-d7c0-4d4a-9abd-ad701a1f6e96,12.94,5.59,10.53,299.66,glass,2,680.81
3a52b6de-3a11-4c01-bda0-390c6e2c492e,18.26,13.23,6.21,496.21,electronics,2,1437.42
a35d9df6-a6cc-4e70-9b04-76e6841cf236,15.16,1.0,10.85,115.7,standard,0,176.42
04e391d5-578d-4fe0-aa87-ef78702154ac,15.57,7.2,6.47,431.32,glass,3,795.48
652e83a4-ef65-4239-acf5-adfae50d4198,17.19,11.04,7.12,854.4,glass,3,1421.32
b267d79b-034f-4c5a-8820-769f4d40a750,16.39,4.14,7.91,295.18,glass,2,578.92
796f3493-3def-4ebd-baaf-808c353dc45d,31.32,16.23,12.57,1583.91,electronics,2,6104.87
70897899-2c08-411a-870d-0a02697015e2,38.17,25.49,7.8,330.05,apparel,0,7512.68
c4479c36-3606-4e09-be30-4c2eea7c2f8d,25.67,18.64,7.25,820.1,electronics,1,3168.83
843bd494-f7aa-4d93-ac7e-7f3807a17288,25.42,13.41,13.54,1019.66,electronics,1,4908.44
0fd03fed-4568-4396-b01b-97491640178e,38.31,12.78,16.72,311.3,apparel,0,7665.71
7c5d4e48-a324-4efa-ab73-20325cb26b91,23.81,19.78,4.57,516.98,electronics,2,2243.61
de24c838-2b7d-4db7-af23-35bfbe84755e,49.41,26.39,10.99,599.88,apparel,0,14369.83
d8ba2171-c3c3-449b-aa2f-27681816efc5,20.91,27.15,15.87,359.56,apparel,0,9558.31
5dfc86b2-958e-4227-b183-b9b9c24cb411,35.04,24.36,20.59,669.61,apparel,1,13449.43
55f52b43-d9f4-4423-aff7-3b130391a8a1,30.73,13.32,15.52,854.59,standard,2,7006.26
6f5cf9ac-9149-4dc3-867f-00047c5e0b9e,26.22,23.8,14.13,1282.96,standard,0,8756.19
e6b8aedb-a102-4d13-bf5f-dd328462064c,12.7,12.79,17.13,671.95,electronics,2,2628.65
b1aad32d-7158-47e8-97c4-a0b9ca96b4e7,30.39,23.94,18.07,3328.25,electronics,2,12466.42
ad1cb2fb-4601-438a-8f2b-3cf6d6547f0f,32.68,48.81,17.44,1101.5,apparel,0,28666.0
6134f091-8a7c-4921-a726-d824feec3c61,38.84,23.86,6.43,257.29,apparel,0,5586.5
61778c62-1dee-40b5-aa58-7cfb81547edc,8.85,10.69,25.74,1453.83,fragile_liquid,2,2438.72
313fdb7e-02c4-4767-9068-aa2a67006acb,44.42,18.21,6.09,801.51,standard,0,5393.86
101e8d54-a718-4587-bb28-7a93bf614519,45.69,30.21,2.13,108.67,apparel,0,2863.84
31c149e2-d553-4a95-8bec-275b7a2278b1,30.65,16.0,11.84,1459.0,electronics,0,5082.99
6b505a9d-fb06-4fd4-a893-c75d10e228c7,22.38,25.28,14.78,1231.15,standard,1,7606.93
9486cd00-dba0-4438-99f3-cecb30b9dcdd,33.64,15.61,14.71,375.97,apparel,0,7486.98
21ab7a8f-5e18-4fa0-b1fa-ad4aee88e843,21.39,18.87,17.59,1759.47,electronics,1,7571.27
7c51dc9a-5851-4c99-8f12-d5ffafec0c19,39.52,19.03,17.8,597.28,apparel,0,14160.81
fdf7bfcf-d3d7-4fec-b803-eab08ef7e9e4,15.98,15.41,13.55,482.89,standard,3,3328.78
7cfb16ce-6653-4970-be5f-00d94acff928,16.61,15.12,14.62,2001.59,fragile_liquid,2,3258.49
d649dc6c-f1a4-4977-813e-b5b9be3242c3,10.77,8.66,6.58,336.54,glass,3,493.87
add00d02-6b8b-4841-b438-ad5ff47e3b84,14.79,22.41,7.67,625.87,standard,1,2531.16
3e20c041-9646-43d6-81a4-0a929673b662,9.65,14.79,14.39,367.89,standard,0,1867.99
391ff51d-4346-45bc-8138-16ceb500aaff,21.14,24.01,20.07,1581.99,standard,0,11068.69
abeb7bab-edd8-43d1-92b6-dca9899b8d16,13.19,13.94,12.84,1481.46,glass,2,2221.8
0b0e0c74-ec55-4b08-9f40-4ebd3f4f8b8d,22.96,14.41,15.7,2840.34,fragile_liquid,2,4735.69
5025073b-06c4-4252-b1cd-8fba22770886,12.0,11.39,20.53,1661.94,fragile_liquid,0,2735.79
76735651-4c0b-4847-8b66-db9dea773436,23.25,22.81,9.54,777.05,standard,0,4441.95
a021b631-dc8c-4478-a376-c5593699c0e9,15.82,22.92,10.95,1020.83,electronics,2,3468.76
0b538b00-5d0c-43f2-a726-d5b2a3f38bdb,39.09,29.41,15.29,697.52,apparel,0,21228.39
d951790e-11fb-4ebc-9bff-816a674afcd6,14.75,28.71,25.37,1593.17,standard,1,10693.6
811cb8d3-902d-4f3e-b4a5-c4a6593efe15,22.1,13.39,17.0,2823.94,fragile_liquid,3,5398.75
94cac2e4-2519-4ccc-b412-70641a3ad148,28.34,14.51,3.71,453.75,electronics,1,1238.9
3aad355b-b1e9-48f3-a574-07c0d3fb150f,39.47,31.19,17.65,929.2,apparel,0,22912.77
98e8e10a-dfad-40b3-97cd-bee0e91bfabd,6.02,8.83,8.99,260.87,glass,3,423.58
1d76bf4c-3cbf-4864-82e0-12dc2a63e58d,26.12,13.86,17.68,1602.5,electronics,1,6541.7
67d724a7-30a2-43c1-9206-e8dacee914b6,20.83,17.81,2.68,346.61,standard,0,1006.39
8de891d4-628f-428e-847c-cbfb8fce60a4,31.08,27.45,5.98,211.87,apparel,0,5954.64
2e94d8cc-10cc-490a-9150-92d3376d2955,15.37,22.47,12.67,991.72,electronics,0,4250.6
5b21c48f-29f9-427e-b0b7-460f790e9e93,32.14,24.78,7.45,812.24,standard,1,6100.9
a99fc37b-5447-4b6e-acb4-3eee59cb329b,34.36,39.82,7.43,422.71,apparel,0,10985.96
66b60190-dd9b-4723-8eef-28ab8251f95d,11.52,8.04,20.31,1023.31,fragile_liquid,2,1698.74
048ed880-219a-4495-a860-357d79b2cc56,34.42,21.48,5.84,1127.58,electronics,1,4496.83
3e8f26ab-7f8d-444f-b8b3-f8c3987c71ac,21.33,29.6,4.43,94.6,apparel,0,2645.63
df25b60e-87b7-42e7-affa-febde4781a49,36.99,13.51,10.74,845.81,standard,0,5712.37
06ea1c77-8131-48ac-b0a9-3ec270192de9,12.55,8.65,6.04,329.29,glass,1,670.78
c77c0189-0164-4feb-8b53-bf8c85762419,13.17,8.93,9.44,788.27,glass,0,1031.09
d4530429-95b2-43cd-84f6-2941efbb7860,26.73,14.23,10.44,1157.96,electronics,3,4793.96
3c776a0b-38a3-4a4c-8ad1-87b719ea4aa6,7.31,24.54,6.37,321.18,electronics,2,1168.73
00d16325-1a11-49dc-a689-1a12e29285c5,20.79,15.44,20.4,3687.22,fragile_liquid,3,6007.77
1d06e34d-ee41-4906-8e80-d93621fe9cc7,14.65,33.68,15.78,1101.9,standard,0,7817.24
db5db649-f977-4769-b8a9-1f98ac2b80cf,23.13,11.11,9.9,746.25,electronics,1,2782.35
b59d6e72-387d-46a3-b3a4-2f60922cd3ca,11.58,5.23,12.24,399.61,glass,3,698.28
55c7b048-308e-4c47-9def-2d7ab99674f0,11.2,28.8,13.47,624.31,standard,0,4390.92
03f66cd3-bc72-4364-a5fb-5db332bf0ba5,13.29,15.35,18.96,2175.01,fragile_liquid,2,4319.43
d388d805-5072-40a6-844b-d989f677c6cc,8.57,32.84,14.47,123.89,apparel,0,4701.36
8755dc4e-96db-4800-a41f-142cab26785a,39.38,19.88,14.56,433.38,apparel,0,11935.1
1c0a9004-2a09-428e-a019-2aa0786e8998,23.17,18.65,10.93,682.78,standard,0,3917.12
0acf1fbd-6bfa-4d12-ae1e-093ce35a8fb0,29.65,18.36,7.16,1022.94,electronics,1,3711.26
cf1c5655-40a3-4746-a585-655726120eb5,15.55,12.77,20.84,2273.68,fragile_liquid,3,3359.91
71c01234-95c6-4d40-b011-b62e63f4ccd6,34.86,27.88,8.02,254.77,apparel,0,8507.12
c6618205-a9cf-4529-806c-840fdd0d62df,42.73,41.53,15.25,1044.08,apparel,1,27001.01
a4b21dbb-9868-409e-afc1-d402fad57715,11.05,9.89,10.12,613.44,glass,2,949.1
4484b735-8c6e-49f8-a97c-e68ff23a2fb4,13.55,14.12,13.51,1333.11,fragile_liquid,3,2512.15
10bc7904-83e6-419c-b6b3-37907db9598c,12.14,16.71,9.13,49.34,apparel,0,1679.1
778d4dc7-343b-41f0-bb43-42ac5cf97ca7,28.33,15.87,4.11,514.89,electronics,1,1410.39
a3ccafa6-07dc-4fe7-92d0-94ac9266a29f,10.5,10.61,9.17,611.11,glass,1,1030.17
d7a2cf87-9c58-4eff-93ea-b9bdda102efd,34.16,17.99,5.85,405.76,standard,1,3558.17
619dd879-a834-4589-980c-e1982228ac2d,29.11,35.95,18.25,794.02,apparel,0,18475.18
14ef9afe-ad8b-4efd-a462-3e90c17bad57,45.1,28.33,16.77,3178.33,standard,1,24353.44
973bd5b5-30cb-4801-a09a-5fe6d1f25956,18.86,21.0,11.29,1094.36,electronics,1,5338.63
a193b477-4201-45ee-aedd-44ba2ece1acf,28.4,14.73,11.54,1215.55,electronics,2,4764.22
049a56f4-40ff-4f5f-ad4c-b870ccd11a36,16.1,30.14,15.62,1242.58,standard,0,7686.14
54a606e1-8689-45f2-bfca-12ac634e54a0,28.19,11.97,10.12,460.82,standard,0,3660.69
f5c79057-df2e-4d77-b9d9-fe16cb847f9c,17.45,10.71,2.76,230.71,electronics,1,513.5
743dd300-3bd5-493a-a234-c7bec5f576a3,30.19,25.32,8.05,1639.58,electronics,1,4711.51
03c5fee4-2168-40f2-8ecc-d976ad892ec0,23.8,13.8,14.29,608.38,standard,2,4688.1
d299f0d4-86d4-476c-a74b-b5f753f59032,17.23,13.34,11.1,1350.23,fragile_liquid,3,2082.35
00578a1c-1418-4aba-b8f6-02f066008016,38.1,41.84,1.11,122.07,apparel,0,1776.17
72aa6aa4-c7d3-4c09-9602-7f6cc13347f4,19.58,27.94,9.02,700.02,standard,0,5622.24
0d854be7-62ba-4989-b7ce-e6b2fbd4c0ba,36.86,17.41,10.95,1757.47,electronics,2,6323.16
6fcb23dc-4602-44a7-a8a9-4792003411fa,27.96,34.39,16.98,660.04,apparel,0,16562.66
b171057d-fdc5-47d8-9446-d6546e7d1748,13.93,4.19,10.21,370.69,glass,2,583.95
766fa9ca-281b-46fc-ae68-fbf41eac10bd,13.54,9.12,24.62,1721.89,fragile_liquid,3,3314.19
a11b1d39-a156-4e49-85d6-ccc255c59cbe,38.43,19.21,9.57,1739.78,electronics,0,6064.49
1478aeaf-d07a-4a80-97a0-20fe55652dd1,28.85,1.0,12.57,10.0,standard,1,380.53
de739989-8a06-4c18-a53a-24c39a8db087,26.27,8.67,1.0,10.0,standard,0,235.96
6c54cf87-e56b-423c-9760-6f642ade0823,35.77,17.29,13.14,1092.68,standard,0,7991.94
95adb91c-723a-4dc8-91cc-82777eae8754,33.87,18.48,4.5,513.5,standard,0,3011.67
7a1de226-5799-458a-bbe4-74312e748da4,16.61,11.6,5.26,573.04,glass,2,866.95
974632a1-91ab-4f29-a008-1b8a9d9a664f,18.55,10.97,13.54,372.39,standard,0,3235.48
772ecd76-fc71-432a-b0c8-5bf0f3ed3113,22.53,14.21,11.81,542.34,standard,2,3688.08
0a05912e-d410-4da7-a614-706c80efc5c6,14.14,10.16,10.38,934.98,glass,2,1503.51
6cd9461c-d065-4e65-9113-9b2ff7b34a98,10.0,10.59,6.22,302.83,glass,2,570.51
46d96a6a-e26c-4631-8929-958727d27060,13.68,7.55,15.6,820.31,fragile_liquid,3,1515.04
58306eca-4f90-41f0-85c3-e449a6cca668,22.69,34.58,10.42,1103.85,standard,0,7629.74
c6d1c46e-975d-4ab9-8f5c-09095d9f5608,16.91,36.91,12.62,293.51,apparel,0,8568.81
0bc5b849-155f-40a2-9696-e67f198e64d4,20.85,9.04,30.4,706.83,standard,1,5722.89
5cd1c44e-328b-4948-81dc-e7fb9081224e,14.47,12.0,8.34,864.19,glass,2,1520.3
eb6f3dae-eee0-4292-915e-8f4e4d0a59a3,17.11,23.25,1.0,93.08,electronics,2,408.6
12417a19-b6f0-4682-ae4e-70354acd6749,43.19,20.48,14.09,3052.85,electronics,1,15221.21
3bbec573-7c8f-47c5-94aa-10f99033ac2f,9.0,7.73,6.66,291.66,glass,2,530.63
220215a5-2fb9-4464-88b5-2e74becbe086,10.37,7.61,7.24,430.16,glass,1,623.04
3b13a8f6-dda5-429c-b2fb-1746cbc86dfa,10.02,13.71,19.45,1469.61,fragile_liquid,0,2993.75
71423862-60a4-48bb-94ea-9360da6c1f77,19.23,13.48,15.96,2273.32,fragile_liquid,2,4320.87
1e090205-837c-435b-b505-fde5592d14db,27.45,22.16,10.43,225.77,apparel,0,6296.83
266e244e-6289-470e-bda9-55e488c18105,31.59,22.27,14.7,414.61,apparel,0,10355.16
beaba0c1-bade-472a-8219-dc07b353ffe6,28.91,30.06,13.51,1578.78,standard,0,13292.66
e6c60fa2-3de8-4cf1-8c04-9ed801961ae5,28.39,19.96,7.86,1194.52,electronics,1,4418.37
3d967a82-89ed-417e-a3da-56a9f1df1218,12.33,8.54,6.88,425.9,glass,2,785.81
c725cf28-8be5-45fd-807a-44aa5170f46e,38.23,37.14,15.95,909.38,apparel,0,20416.97
17078a62-ed83-4d22-84ce-7a38656304aa,17.69,23.08,26.92,1610.22,standard,1,10299.66
1225b598-d3a7-4a7f-b2cc-5e33c8bc5479,26.83,15.93,15.4,1585.19,electronics,1,6372.83
47bfe985-0ee5-498e-a8eb-c9bf6003a61f,24.3,30.41,4.07,179.63,apparel,0,2613.06
aedec1d0-6e7c-4dca-87a0-fbbef217a7e5,42.65,27.46,14.27,634.73,apparel,0,17247.37
c54932bc-1321-4d80-98fe-83cf57b5bd90,36.34,9.84,19.88,1168.84,standard,0,6516.25
6fb78483-cb10-40bf-befc-48226cb2b964,8.85,22.05,19.3,875.63,electronics,2,3177.69
f34f821f-370d-4ab4-9f1c-2cf345a5078b,33.24,16.54,11.11,1617.59,electronics,2,6141.78
d04f6d2c-8ee4-4c69-a303-a160de9d8d5c,35.28,26.11,9.46,329.81,apparel,0,9442.21
ec911dde-9bb7-4b4c-ab03-e415796479ae,40.57,15.11,9.9,225.62,apparel,0,5954.57
44d8069f-9a20-458e-b871-728a6d89ba7b,22.29,36.27,17.09,525.79,apparel,0,11621.76
8f76e1dc-55d5-44df-8571-516675f1270d,11.11,13.33,9.83,812.06,fragile_liquid,1,1132.84
b89cf3b5-5209-4f5b-b710-78695c1218cd,21.31,29.11,19.99,3134.6,electronics,2,11519.17
7931d5a2-9cfc-46b5-a99f-454c0d88d8f3,10.53,11.55,6.52,490.5,glass,2,942.44
07d8d8ca-cac7-45c0-adb6-8d4bb419b08e,20.99,19.7,11.38,1158.66,electronics,1,4804.41
12a61a68-3acd-42c4-b873-c24b11ee39f4,51.82,14.71,11.73,377.08,apparel,0,8351.8
f611213f-4dd1-4735-8d84-db94de958aae,33.82,17.01,12.84,1813.65,electronics,0,6677.02
b5be847b-afa0-4aad-ae64-5f32bb48c63a,20.8,12.95,10.48,676.94,electronics,2,3123.91
e4971bfc-3211-4e36-90db-700849287473,18.07,18.45,7.64,600.31,electronics,3,2477.52
6bf315f0-dc23-4030-a501-80591d52a52b,38.32,29.57,7.44,1970.26,electronics,2,8164.34
9657af1e-9efb-416a-a809-e84c2c4455c4,1.0,21.65,13.09,74.55,standard,0,290.5
83f5b606-8e4a-4efb-ae7c-b2d1c5a66e63,30.89,22.74,11.89,2021.44,electronics,1,8000.41
bc83a26e-1abb-4d08-bd83-99d73a10e7e1,39.89,24.94,5.71,262.41,apparel,0,5716.41
cc740120-01f9-4e54-9840-20675e6a62d6,29.39,46.09,8.02,436.27,apparel,0,11997.52
e4de62d2-0fc8-4137-b9f1-f2ab01a14a3a,15.23,12.27,8.47,953.92,glass,2,1603.62
7bb09413-6d9f-4536-865d-804a586edd30,19.82,10.09,11.24,687.12,electronics,1,2734.03
73a1a954-2131-4fe1-9284-320b2e092bb5,19.22,20.26,13.05,1375.86,electronics,0,4650.09
68ecf70d-aa60-48cd-83bd-aed5189b17a8,32.21,32.82,2.06,63.98,apparel,0,2064.11
e429f831-d008-4f3f-9d8a-d38e5aa74072,23.69,12.38,12.85,568.41,standard,0,4071.64
16d4d20f-b028-42c1-be4a-9a0ebf871503,30.87,19.16,9.06,1399.49,electronics,2,5901.14
d896ee34-14b1-4950-a3cf-0b4cc90229be,12.02,6.19,5.89,187.6,glass,3,376.87
d1f7aecf-95d5-48f9-98f9-36f45734021d,41.89,22.34,17.09,659.82,apparel,0,14814.75
d5aaeca9-5ef9-49f4-bc27-e16c39809749,35.85,14.65,10.32,732.88,standard,0,5253.93
35e8d9d7-a9e5-4109-b060-433dec854629,25.08,21.3,4.47,413.43,standard,1,1931.28
4f2e0700-acc3-4a24-bf9b-e3023c295078,21.04,18.87,9.67,915.37,electronics,2,3975.77
0b317a99-42ba-464c-81c8-09d3d4916637,35.44,29.26,12.33,518.08,apparel,0,10548.18
b1bfab9a-da9b-4704-8586-f2a5019083bd,21.3,8.76,3.44,153.46,electronics,1,680.86
b2fbcbff-9769-4c6c-96fa-256b8f849d98,28.47,20.71,14.99,2320.13,electronics,2,9685.41
ad177afa-1b5a-4f7b-b011-9fb52ee69c7c,18.9,19.72,4.57,498.87,electronics,1,1948.88
b3091b48-a6ae-482c-a2e2-2abe35ef787b,38.15,25.57,12.17,438.54,apparel,0,10731.44
76114a88-068d-4413-b54e-38486dfe6960,8.82,15.43,3.47,16.07,electronics,2,407.11
08bb2d56-0f6b-4f72-aae0-f6d968f758fa,45.88,29.89,13.58,759.32,apparel,0,19500.71
38de121d-d90e-4d3f-a0c4-d5674fd5f451,16.09,11.54,8.44,927.71,glass,2,1515.58
4c7aaf29-da59-4e46-9f40-ed37578496be,36.78,36.57,20.2,1040.51,apparel,0,27399.75
e4e2c3f2-7804-4866-8db5-776abc0aac9c,41.17,25.82,11.0,1668.13,standard,0,11986.14
240f6b87-e996-4275-b6f7-7deb30fc09da,19.3,30.71,2.96,58.26,apparel,1,1645.59
cbf3294b-3a3c-4200-a95b-a8cf5ce66396,25.45,27.76,8.3,1489.93,electronics,3,5317.89
7c45c7d5-6708-48a7-9bc4-f6f2408340b0,24.42,15.89,12.48,155.03,apparel,0,4755.7
8dea9922-9387-491f-ab05-3178dbf56ecb,40.42,15.08,5.32,783.39,electronics,2,3512.34
78862cd3-fdcf-4df8-b798-03d113637380,25.88,15.49,1.71,180.78,electronics,3,598.04
4e5fc12c-c158-4e39-baa3-8fb6625f3c7a,39.6,11.0,6.88,559.34,standard,1,2940.84
203177e4-b099-4157-ace1-c773a41783f7,20.53,18.33,14.45,1381.41,electronics,1,5548.99
47e19a5a-d509-44b6-aabe-249dd32be3d5,34.18,28.08,18.99,683.72,apparel,1,16395.27
fda023e5-663c-4f7f-8b16-fa1ac712a1d8,34.0,19.06,1.97,264.67,electronics,2,1280.19
187b3a89-f710-445c-8efa-00907f666264,42.53,27.12,28.49,4868.39,standard,0,31982.11
71ab10b2-1a01-477c-badf-9c005a70ebd5,16.43,24.5,7.3,767.25,electronics,0,3042.01
e41c9de1-ddd2-46ca-ac38-f50d2a491203,47.12,26.31,13.76,709.93,apparel,0,17104.53
a2699a3d-d90a-406e-90d5-14d1d36dfc8d,32.63,35.88,12.76,2242.66,standard,0,15797.82
d90c05fa-26c6-4d6f-890e-118ea3cb72e7,12.16,8.04,4.55,193.49,glass,3,382.51
180c0e07-9b47-4dba-9e48-6c0112a43cea,50.51,34.41,24.25,1713.67,apparel,0,46861.61
8b31576a-a0b2-4b92-bdff-82e8a1dc87e2,16.8,13.45,23.16,2852.03,fragile_liquid,3,5130.19
cdd55914-1506-42d1-87bc-389c873eec26,49.29,27.88,17.13,3491.01,standard,0,22028.69
8d3bcfdc-08f9-4381-b28b-37ab8dabeef7,23.31,22.3,7.23,985.29,electronics,2,3734.67
fa5552d5-1985-4d79-88ea-c2b63668b517,10.56,11.05,9.92,728.77,glass,2,1141.82
059f9d60-a53e-4652-a62b-3ee063ddc4ee,5.66,10.73,14.91,501.99,fragile_liquid,2,979.57
b7950463-1693-4834-95c2-e4114b712980,34.82,25.82,20.36,2701.1,standard,1,14519.65
6e74ea52-0b84-41a3-92a8-caceed58ec4e,23.03,30.41,13.89,2484.49,electronics,0,10092.97
c54b0b8d-6948-496a-b6a8-23e9b16f0511,33.12,25.58,1.0,10.0,apparel,0,831.13
7eff73c9-c607-40c6-8b57-7a3d5e294dc1,28.19,16.69,6.82,949.77,electronics,1,3574.38
4578dc52-f28a-431b-90f7-6a133eecc128,15.25,11.59,16.58,1573.19,fragile_liquid,3,2723.7
7992daa1-f9e7-4cb7-acb4-2b5b3437f5d4,42.5,40.79,17.53,4439.06,standard,3,30638.21
eba17409-4e01-4682-a70c-b3bf9b546189,11.74,17.79,9.04,410.16,electronics,1,1964.24
0b69a558-1826-44c3-a3d7-b98b50e55bdf,35.7,38.57,10.31,577.39,apparel,0,12959.04
b2707add-3179-40aa-9144-e3e291b5f1bf,7.14,7.74,6.65,183.94,glass,3,346.07
498164c6-e8e4-4d37-b99d-03d79af1d291,32.34,18.64,10.54,991.26,standard,0,6806.91
b6a26a8f-107f-4e8c-b098-54b1355ea9c1,28.77,27.32,4.15,622.33,standard,0,3302.32
1397c82b-fea5-4b31-9557-6a5db4163501,36.09,37.94,14.26,2774.38,standard,0,17495.47
726cd4e0-29ac-4d8b-97ab-da19aa7825f8,24.49,20.65,15.46,2007.0,electronics,1,8931.35
f7c4ecfb-8c9d-411c-994d-a761a4d37ed1,19.37,19.09,21.4,1954.49,electronics,2,8802.13
ce00c00f-4e78-456e-81a6-a3e3283f2a94,32.96,42.26,8.38,480.08,apparel,0,12485.49
1cc2479e-7b9e-438b-ac62-4f20f26edb29,27.9,31.87,9.86,2145.33,electronics,2,8138.93
1da04f4c-8882-4d0a-9713-db4885935255,22.16,11.64,3.06,294.21,electronics,2,850.27
f6b68cbd-4ed9-4078-ab14-01f8eec741e6,42.8,28.93,13.24,625.13,apparel,0,16613.39
43ac6b9a-ecf6-4abb-8192-bc355e73b1ec,21.93,10.65,5.24,313.31,electronics,1,1314.33
1dc791b6-72e4-4f29-955f-ba259f65d75e,25.4,20.28,13.09,1749.85,electronics,2,6073.64
dac4fbbe-e0f2-4bac-a893-9583866eb7dd,29.87,30.88,11.42,392.46,apparel,0,10767.72
1e9b9c79-4425-4355-a5cb-7224315e1182,28.53,17.32,16.2,1215.63,standard,1,8293.66
e07f3f7a-d748-41a3-9ede-8c7688ab68fd,44.84,1.0,23.31,234.16,standard,3,1074.4
2638392e-ebe7-4e38-843a-07de08742425,25.86,19.28,12.17,915.93,standard,0,6275.62
95e6d863-2a8d-4645-80b7-8814a879b1f7,39.12,13.03,2.36,317.61,electronics,1,1310.65
3194138c-b091-4c4f-addc-56de2165b520,28.71,19.12,14.75,2086.51,electronics,1,9984.75
2e894321-c870-4290-9ca0-2c89cb8544ac,17.24,8.57,28.45,2256.57,fragile_liquid,3,4613.95
4d23f801-cffb-4e51-b05f-e6a1d4928214,11.87,17.62,10.96,586.56,electronics,1,2521.76
35917a78-2662-4499-9d7c-53a9cb6551ff,14.4,11.4,4.79,379.52,fragile_liquid,3,693.48
373727d3-6f2c-4b35-bdb0-b2a046dd6402,43.47,25.81,13.77,2207.55,standard,1,14110.05
fa6ce90f-9e60-480e-9b03-e4fc67708577,11.67,12.73,9.2,859.41,glass,3,1462.21
9921f215-4591-4cec-8ea5-34d8c7f06f98,11.05,11.88,8.95,702.27,glass,2,1183.97
c8ebe735-abb6-4c5a-9a00-a659fd39d5de,32.23,32.08,11.6,451.74,apparel,0,12368.54
115495d8-84e0-46b8-b17e-52b1d3af5c2a,41.1,34.61,4.86,287.69,apparel,1,6082.64
a2002397-9b2d-4f6b-a4eb-1a3d0755e5a6,31.23,31.43,17.75,669.05,apparel,1,14990.71
945f3f46-4c8b-4c0d-a6c5-e1d38f72d7b4,45.27,27.54,10.05,1731.08,standard,1,14125.67
12be747f-ccb0-4bb4-803d-81cfb72037b1,17.51,12.62,7.36,992.34,glass,3,1852.78
3d522071-5a87-4199-9a42-ca0388dbb6f5,13.35,18.64,9.03,521.69,electronics,1,1837.17
b9510f0b-01eb-4145-bde8-719f7b4e5f39,15.92,23.71,8.05,88.51,apparel,0,2745.95
a7695787-3244-454a-954d-702880949afe,13.0,9.29,24.3,1747.67,fragile_liquid,3,3055.55
9f940adf-9e68-4b66-ae94-892848f0fb6b,23.31,20.01,6.29,658.41,electronics,1,3066.06
05b49e17-9a95-41ff-a14e-71b6ece79a82,14.52,12.98,6.71,884.52,glass,3,1468.2
4ace2249-d891-43d8-b30e-60b5220fb65d,19.87,23.26,11.71,1299.91,electronics,2,5079.2
cc329998-22b2-40a9-97fd-2e925341d9e7,7.78,13.27,16.69,910.27,fragile_liquid,2,1755.06
46f28f31-7184-473d-ab02-56d5b904409f,14.05,25.95,8.2,745.31,electronics,1,3526.47
1829a425-75d0-461b-9720-7514bd00c8d0,30.27,26.96,7.12,233.06,apparel,0,4968.88
19fdfdae-9536-4084-a710-77426fe8e9d4,16.07,12.62,17.4,1892.9,fragile_liquid,3,3706.05
0d363be1-6df7-4cf9-b0ad-53a311bbae43,16.5,14.37,12.04,1511.83,fragile_liquid,1,2345.9
11b2349f-7d25-44c8-96fe-fabb4e15a21a,11.18,13.59,9.94,976.85,glass,2,1582.97
847aee0e-eebd-4954-b7e6-9d3a1bd84ca4,37.06,10.84,16.74,284.6,apparel,0,6580.03
5b3f7f6e-84e8-4886-9109-5fa6b48b2c7c,33.33,23.72,10.39,2064.56,electronics,1,7887.67
362bd4e9-fb7f-4d9d-a49d-e1d6c3839353,23.68,26.45,12.96,2072.87,electronics,1,7973.25
e584262e-98b1-4f03-87c2-3b6dff9e3201,25.35,15.27,13.22,945.66,standard,1,5121.83
c62e1cab-ef38-4f0a-ade3-9ffc78f11de7,45.5,24.42,3.41,153.75,apparel,0,3154.81
4a4aa3f0-7a55-41ce-aca0-317e20da9f2d,40.25,15.16,21.82,2046.85,standard,0,10129.27
e9de3548-1f0a-4fd0-969a-747c11d0a9ea,48.58,31.52,17.03,978.62,apparel,0,27253.76
190c3d0b-a192-4247-b9b8-4f5a6dde24b2,25.09,21.54,17.06,2358.14,electronics,1,10202.13
66d5a8ea-da82-4dcf-95fb-fac1c13a6d53,28.46,11.22,11.33,921.6,electronics,2,3549.66
23424e90-5842-4829-b4c5-d88e2e2629ce,9.27,16.57,4.8,148.3,electronics,0,687.72
5742ddb2-6385-48ff-b764-1085688646b6,47.8,10.43,7.34,143.06,apparel,0,3747.09
f56ab9a4-e466-4f84-9f83-1abd38a5f8ed,9.77,9.48,8.06,402.78,glass,3,873.97
d2b86f59-ef2e-4764-998c-15fd1f261959,20.54,24.74,8.2,150.36,apparel,0,4107.52
25674ce6-e20c-4913-bf75-ac24a44cd61c,23.33,12.16,11.09,550.43,standard,0,2975.58
17c8624e-046a-456e-be15-85ead489569a,20.17,7.51,21.0,1804.95,fragile_liquid,3,3294.36
3227a11d-6475-4179-b4dd-ea7dd1e77d90,20.23,11.06,25.2,3128.11,fragile_liquid,2,5896.31
2ca7ced5-9973-469e-8985-357e32052270,9.74,8.77,10.86,611.98,glass,2,965.18
9d889806-c5e2-4371-953f-fe0b4f88a2bc,11.02,16.92,9.16,1064.18,glass,2,1766.65
182d9803-af40-4e70-a5a3-cf6db5ba4a17,20.85,25.22,21.13,448.25,apparel,0,10831.39
b468b48b-1f39-456e-929a-7f57ea8d8140,9.26,5.07,11.58,160.6,electronics,1,564.76
7433a83a-f342-484d-a8c7-0f135bee8424,13.06,15.53,6.64,825.67,glass,3,1492.52
fa0c3b00-2b8e-4452-949b-38a65b7a41d7,32.36,11.96,4.53,172.69,standard,0,1876.15
110e0fe6-3de8-4ddc-b857-f8e7bf321756,29.24,32.13,11.41,1816.48,standard,0,11546.74
d3e860e2-ea47-43cb-a229-19c4282a3485,19.78,19.48,8.35,925.61,electronics,1,2697.12
7bd79165-19d2-4e91-b312-a188401d8328,15.31,14.09,8.21,1042.13,fragile_liquid,3,1760.55
870c2563-253c-49f5-a716-eced4f2b5475,13.58,15.32,20.07,2217.14,fragile_liquid,3,3920.21
e52fd908-fd94-4409-ac7f-cace6d8ea033,36.9,15.16,19.41,1642.05,standard,0,9514.67
bdb0a699-41ac-48a9-949c-f33a9626fd51,8.61,18.77,13.44,626.12,electronics,1,2072.29
62aad4bd-e06c-4302-a68b-b437f876869f,33.45,29.62,4.73,859.93,standard,3,5335.28
c5d47222-19d6-4965-b293-6c6b311e4278,37.75,20.21,17.18,499.49,apparel,0,12602.06
397ba0ea-353d-4a70-93b3-21034bb58987,49.52,13.05,7.61,1275.06,electronics,2,4761.21
fa85e3b9-bf7e-43b4-80ac-69e5ca3945a2,16.65,15.79,8.56,447.31,electronics,2,2328.51
66cd6996-58e2-46c2-bd79-0f65c7e0196b,42.05,22.74,11.21,2730.45,electronics,1,10437.62
6c70fc80-9bd8-4ac1-a767-63c84b87ff12,54.59,31.0,12.19,828.49,apparel,0,21468.43
062d8bab-9562-4983-b73e-118f675dd08c,24.28,33.65,26.28,3155.86,standard,0,20968.54
734f5f62-cebf-436a-ae0e-60ace231ad58,34.77,13.33,14.97,1805.73,electronics,1,5636.49
f6a79c27-0947-400f-b52b-d89c88c43573,18.45,23.94,10.61,1185.32,electronics,1,4172.49
b8f9e697-1349-4a78-a85d-b212c91c8adc,28.15,28.08,16.16,1796.4,standard,1,12597.43
d98339df-cc11-4078-abb2-8bc11503ab01,28.94,36.36,13.47,2130.58,standard,1,14058.72
29d88ea3-6914-49e3-8ee7-d60d47d98389,51.49,40.55,10.04,867.31,apparel,0,18129.22
b7592901-e65e-4aa2-a0de-cbfdef3e9919,15.39,7.6,8.97,648.06,glass,1,982.85
1b6eaae9-924d-4455-904c-51b41118d8ee,37.49,22.69,21.61,2759.36,standard,0,19014.72
038992c0-6349-4d74-81ee-81fab981d9e2,10.14,10.17,10.1,621.05,glass,3,1082.9
7861e32f-6047-442a-a636-672cb439b4fb,24.48,13.29,15.18,1234.9,electronics,1,5512.26
0d48f756-0eed-42a3-80be-3e6df0f372cb,24.7,21.43,8.34,128.17,apparel,0,4279.87
0115a674-9cca-49fe-bfa6-58efc4e01843,12.82,13.36,22.35,2175.12,fragile_liquid,2,4076.58
55fbc19d-7fb0-43ec-9b49-3572356473de,43.84,24.72,12.78,556.29,apparel,0,13936.92
ac1fbe48-ee0a-48ec-9a0c-8365be2cc78b,19.93,20.42,6.96,708.49,electronics,1,2969.51
7eedb377-39cb-47f3-8be4-7ccdf1ac2ac7,45.96,10.96,24.23,530.18,apparel,0,11768.59
cb316312-64de-4096-bb9b-e5a7f326b76c,15.47,36.11,9.36,751.76,standard,0,5216.62
e255a4ca-aa7f-4c9d-86f8-6b873b0921be,17.25,9.17,5.74,583.39,fragile_liquid,1,819.55
3a3dea4e-ef20-4417-beba-50585b69c0a2,11.31,13.68,7.68,635.03,glass,2,1145.2
e55bf8fd-635f-4e68-8c11-c147dd357862,10.87,9.86,5.97,420.86,glass,3,618.79
6b2ea69b-179d-45ca-93f2-b8c6585a539c,16.05,20.91,14.28,1310.95,electronics,1,4379.77
2a620d9a-350a-4a64-ace1-5e8180143300,20.33,10.53,17.11,2020.81,fragile_liquid,2,3913.85
ecbc9ed1-8abd-4410-bbbf-c403d1869051,4.78,11.18,8.5,258.58,electronics,2,463.25
9b704296-c746-4cb9-99ba-213c4727f1f5,31.0,21.53,10.71,1722.19,electronics,1,6350.12
4a3dd273-b199-47f7-b81f-e586c7faaeb7,11.79,18.96,17.78,881.11,electronics,2,4256.01
5fdd141c-2dd1-483e-aa3c-6826b8a10fc6,7.27,11.4,7.48,485.64,glass,3,606.06
d66d670e-4a14-4a77-abc5-ed930f8eddaf,27.15,32.33,10.39,354.0,apparel,0,10372.78
cfd66d93-eb84-407d-8c03-bdf61271c4e0,31.56,19.87,6.47,1047.45,electronics,1,4145.87
ca89aef2-cd66-4f12-b5ff-c9d3e5e82271,30.39,25.29,12.87,1400.91,standard,0,8928.08
04387e4c-e1e2-4b5c-84e3-6e9e0401b7df,28.9,21.07,6.69,1045.6,electronics,1,3956.75
cff57d4f-390a-4b2f-8414-7d9a09da6924,34.0,8.03,6.04,403.28,electronics,1,1737.42
c13380fe-fdc8-46d0-8e72-8eb1104360fa,15.38,9.87,6.5,600.41,glass,2,1023.11
091efb42-0762-40e8-adf3-ae505425333d,37.37,14.9,14.25,1252.89,standard,1,8944.86
0c8a9d41-6061-41ef-81b9-2c21fd111c2b,11.74,10.92,9.85,759.16,glass,3,1179.62
2153009c-29bb-43cd-8897-37b1da511e4b,24.0,29.57,7.87,1385.69,electronics,2,4442.26
5ce31f51-1219-4b05-a179-b8410a44c0ad,45.69,30.1,10.36,533.68,apparel,2,13871.21
7e2e12d6-0eb6-4533-9327-9d63695753db,13.96,6.62,7.62,452.6,glass,3,693.31
c5400397-e86d-4764-8086-626168b15316,25.81,7.26,6.27,395.82,electronics,1,1282.81
fa37ff15-3247-4bb1-8989-dada21057929,12.02,13.94,10.28,1089.18,glass,3,1627.7
40509a1a-d27c-44d5-8f71-01e94652d982,44.66,34.37,5.5,343.02,apparel,0,9282.82
e82a69c5-797f-4531-b5a2-f921819d716d,31.24,25.42,7.63,775.96,standard,1,5591.08
babcb41e-a018-4b96-9ccb-ef5577710eee,30.91,32.44,8.82,362.76,apparel,0,9439.5
99337a04-0ced-4fc6-b0df-ac82c27bd9e5,18.02,22.44,9.52,915.14,electronics,1,3604.96
45a0ab3b-ec51-4db5-936b-9692cf603614,34.78,20.0,13.08,351.59,apparel,0,8507.27
c671cf11-f4df-46df-a89f-59d5e8c32370,33.52,21.61,19.95,2076.63,standard,0,13823.35
8e0bfa4a-e809-4971-ba11-286e62677eb4,14.48,15.17,24.45,2937.7,fragile_liquid,2,5460.99
55aad372-7e9e-4f41-8735-4892c380b8f6,45.61,49.99,16.93,1534.54,apparel,0,48314.28
6a6638ce-49fd-4b2a-b134-1eba0866e917,40.85,32.45,19.42,1078.66,apparel,0,26681.31
166c2403-3f2d-414b-863d-6ce2d3b536c9,48.48,34.91,6.35,392.21,apparel,0,10263.14
9734a369-caed-4e5a-9094-c834774b890d,40.92,30.96,9.95,473.68,apparel,0,11925.2
29dba4cd-f202-420a-8ddc-22cdc52d7fe6,37.84,21.43,21.63,2725.58,standard,1,15657.01
86cb1144-596b-4c42-980b-1a43cf995216,31.92,27.76,7.22,1548.42,electronics,1,5814.5
e8b6bb1b-0f26-4df4-a1c0-9eea268b9a23,22.7,41.55,18.3,2615.03,standard,0,16990.58
e0d26e5a-8042-456f-a380-28fadc4bdbf7,10.88,16.55,9.15,225.48,standard,0,1598.83
4c2cc2ce-91cf-47e7-bf94-7ae5f92c40f5,20.97,19.67,16.39,1748.86,electronics,1,6400.55
33c3c6d2-7e55-490b-bdc7-dc5095451dd2,14.35,14.15,15.69,1734.41,fragile_liquid,3,3098.02
daad2565-5994-437a-bd1c-c2fc8f2d9c15,8.3,15.08,8.98,80.04,standard,2,1158.45
05dcd6a9-5ac5-446e-bbca-11a1edfad9d4,25.51,17.9,5.27,733.18,electronics,1,2499.9
cfc46d6d-a952-45dc-a01e-6fb8b63b80ee,13.34,10.5,7.07,633.96,glass,3,996.65
3edd1ebf-d463-48d6-af0e-d57d78f1157f,12.91,10.28,4.33,402.03,glass,2,568.52
04304b16-57da-41e3-a7c3-600285a7bf97,5.68,21.8,14.87,224.62,standard,2,1568.34
bc891792-a69c-49b7-a174-84a954461e8e,18.11,27.26,6.67,802.22,electronics,1,3783.14
87b2ca7d-50fb-4eae-b2c9-3e3a434fe019,25.08,29.14,10.14,1895.56,electronics,2,7957.18
c323da45-d626-4700-8776-25141f85f02f,11.76,27.25,8.47,502.85,standard,0,2781.56
e05a1520-65a7-4890-9104-e8ca95df5a1a,37.09,30.72,16.56,789.46,apparel,0,20486.05
337ef08a-b48b-4c52-a973-3c61ec619e2d,18.75,34.85,12.4,318.03,apparel,0,8065.04
5449198d-a119-41f9-8c47-075a810591ba,18.34,10.47,20.23,2067.89,fragile_liquid,3,4431.7
e5375956-bda6-4d1a-8ae5-55a4a3591a01,12.27,12.82,8.51,815.55,glass,2,1341.85
f7cf6667-9e1b-4375-a357-c106d4fa1e51,15.0,16.38,15.06,614.63,standard,0,3407.57
048f16d7-7766-4ecf-9409-5aec8573d662,12.04,12.36,6.19,627.46,glass,3,986.13
5d4492fe-6a70-4610-9a61-a621789b4b8e,11.44,25.32,3.92,307.49,electronics,2,1133.3
47af16c6-7071-4a94-9186-6e1b2dd7fb32,15.31,11.25,17.82,1594.46,fragile_liquid,2,2979.16
10877cac-18f4-4f77-b303-ab0b65e2d79c,28.09,18.76,28.22,2236.29,standard,0,12798.17
6801bd8d-b37e-48f1-b0c1-a9276cf26637,16.45,10.98,3.92,394.29,glass,2,636.46
e19fecc0-26dd-42ad-a4c0-d4c121373432,37.1,27.98,12.85,3396.85,electronics,2,11221.49
40b403a4-d470-47c3-986b-6309f2fd3e40,21.89,22.52,8.69,1068.61,electronics,2,3683.05
248010cd-9863-4834-b552-b8d21ee8424c,31.68,12.03,21.46,1112.57,standard,0,9245.99
aa7874ee-e0d1-4236-9530-6c0595e35a0b,30.85,21.33,7.35,1289.36,electronics,0,5178.9
04293ae4-8568-4be1-8fc8-abc78002e663,36.04,13.62,8.23,954.34,electronics,2,4753.77
56962ce8-03bb-494a-919f-e850009c7014,42.75,25.41,17.52,2932.73,standard,0,17974.57
395260ce-ca64-4e41-99f2-247e0e52b69e,33.74,19.05,13.16,2263.76,electronics,2,8086.83
97481461-57eb-491d-a665-821b94452532,18.02,17.85,4.04,278.22,electronics,1,1217.69
d51eb19a-b279-431a-9f25-3d2aef192a7c,24.08,32.24,22.79,2592.58,standard,1,16930.58
acb3b409-bfad-425e-93da-eb56c47cd797,11.97,7.0,7.89,432.69,glass,3,478.29
68e65e46-695f-4dbd-b8e3-961718e21fe8,53.71,20.99,16.19,2647.05,standard,0,16008.03
d042f6fa-a8a4-4ede-b88a-822e4be15dac,44.62,34.84,12.87,2834.0,standard,0,22995.75
fdd57612-2603-4b52-8c05-1cb31ec205de,26.41,16.81,11.06,1296.06,electronics,3,4705.94
f163d2cc-e12c-49d4-9a3e-535ae58833f7,18.55,6.57,17.39,1169.65,fragile_liquid,1,2011.27
4efabf4d-7aba-46e3-a935-8eb15e50de20,27.55,26.2,14.01,1803.62,standard,0,11187.25
ec972c58-1bbd-437f-92e7-d006c3ca1f75,39.22,14.4,25.38,2115.03,standard,1,14372.38
fbe194eb-799d-45fd-8cb3-a5c5188e8ccc,5.99,14.52,7.44,417.28,glass,3,691.6
5858d4ee-98c5-44da-ab4c-a09d6a26238e,16.87,10.45,19.34,1926.6,fragile_liquid,3,3725.13
98e9f339-2e3f-400e-99e6-834edd114748,27.56,23.6,4.13,796.74,electronics,0,2796.53
e0b4f2f2-1bf9-4f9c-9b09-27874c9f2151,46.89,7.61,8.76,88.55,apparel,0,2522.05
28a4b624-08a8-4111-81c5-80113e1479b7,13.53,13.01,7.25,782.72,glass,3,1321.68
bc3a705f-e5d4-4881-a7d8-5995a6d4f6e2,38.46,14.99,6.3,154.75,apparel,0,4265.66
3c9d0ed0-61ff-4c75-8a8b-d4e4e9e5964c,38.94,17.62,5.72,1042.64,electronics,2,3374.9
0482bba9-8704-405f-b1c7-f4477934dd3d,47.13,26.77,12.47,2447.14,standard,0,17159.73
694eaecd-5ee9-48a5-a4aa-84279f646469,17.52,23.19,5.22,249.04,standard,0,2172.25
810873a2-d487-402c-808d-58f1c2ea0fe9,9.0,11.62,6.3,451.91,glass,2,596.75
c13f7120-0937-45dd-be57-376b3dcf3334,31.13,1.0,7.23,10.0,electronics,2,220.08
509e884d-c1c2-4ed4-ae57-8c72bf061abe,22.92,14.57,7.13,606.4,electronics,1,2559.38
82804ca2-a7a0-41bd-a6d7-3e09b2ecdf19,44.52,17.77,10.67,380.02,apparel,0,7564.7
bd4f9fa6-0160-4e97-9204-2d5fadcce7c3,20.75,12.08,9.49,573.35,electronics,1,2427.56
81b88814-6735-4340-b7ba-820d8c4b3291,14.78,3.91,6.89,196.22,glass,1,422.65
4756f292-89dc-4d96-8183-4b5b77c341c4,26.71,15.94,9.37,934.39,electronics,1,4404.05
3f03752c-f820-4233-a9a8-421955c9ac2d,36.79,18.01,7.22,810.92,standard,0,5919.35
04cc21c0-427d-419f-9e4a-4a1e67c22042,11.76,12.19,22.09,1825.28,fragile_liquid,3,3375.0
1ad4c28d-e334-46b2-9891-dd86240fde34,7.92,10.61,16.87,666.2,fragile_liquid,3,1572.68
f3bc62c4-6c2d-4d97-b790-363ed8ad7b33,31.61,18.38,9.57,226.4,apparel,0,5803.33
cf9b62c1-63cb-4e0d-ba00-8fcc6df990d1,22.05,24.19,17.55,1424.48,standard,0,8926.76
51627228-2169-4288-9ee4-87b6f89b646f,13.9,11.23,21.3,1867.19,fragile_liquid,2,3007.86
1a8679d5-3ce5-4ae7-887d-6a460d5b9ef9,38.61,27.31,12.36,532.86,apparel,0,13959.04
bf680391-fc36-4fee-b64b-395aad513698,21.51,21.6,14.63,1093.34,standard,0,7219.64
03c80692-2770-4fca-9275-2e1026c460aa,26.56,18.06,16.28,303.42,apparel,0,7569.23
0ce162e9-c544-4de0-b674-2d83f2f9a505,49.08,20.82,16.41,692.79,apparel,0,15185.22
8f2f6330-5af5-48e6-8780-ce4a9e9f1822,32.52,14.2,16.45,979.6,standard,0,7164.1
583c83d2-0326-486d-88b1-34a3fd671b08,15.97,18.01,4.85,375.55,electronics,2,1350.41
cc9d5b52-7209-430e-b2e9-38fa70651657,22.21,18.79,12.29,213.67,apparel,0,5105.98
999cf0a6-b489-4e35-a7cd-d7e8e7d09f71,19.33,24.65,9.74,179.11,apparel,0,4400.18
cc26e6b8-5a57-4ed0-b9ab-dc37228f206f,18.74,17.75,9.8,786.08,electronics,1,2615.34
23fdda6a-0752-477e-accd-df24ae9d6cfa,1.63,22.06,12.41,10.0,electronics,1,453.12
341ed670-833a-41f3-a428-6b7295050b28,14.14,12.56,8.62,953.76,glass,2,1508.72
4fcdc779-8014-42ca-8ef8-d326e48ae293,9.64,10.74,6.37,339.48,glass,3,638.5
239e0d36-9c85-4dba-b46a-4a8d586d0100,29.61,28.23,7.64,290.93,apparel,0,6905.52
1482bc65-210b-4a67-8bd0-ff65bd7c2681,10.94,30.76,15.78,835.83,standard,0,5664.05
ab6d1c1f-5cda-4d10-8a81-0fce54a1eb6c,7.78,7.65,16.9,612.6,fragile_liquid,2,1025.45
f1b10cdd-30c5-4f11-bcdb-2cffad100f30,32.43,20.1,1.87,69.38,apparel,0,1196.7
ce77e55f-a1b0-4430-8ff1-3c9b78781ba1,26.83,22.55,18.93,1751.43,standard,0,10284.95
4cb0db38-cec0-4ad9-aa3a-040b5d30734a,19.58,10.24,15.42,1732.9,fragile_liquid,2,3177.9
6d81abc5-ddea-4c20-8880-f01960a1e2b7,7.73,12.28,6.84,390.04,glass,2,645.22
b29bd42c-30d7-4f74-a5e0-65fefd3dfeed,23.1,30.42,10.59,974.05,standard,0,6820.46
685cb05d-a66a-4472-a1d7-d8176c16b45b,50.71,21.96,9.1,375.3,apparel,0,9280.08
58043d97-33d3-46a8-9f42-61299b0b99ee,42.32,9.06,9.77,464.95,standard,1,3958.12
c8e50c86-6c9e-431c-a9d9-ea17fc772112,38.81,27.15,20.18,3155.7,standard,0,17312.38
2e25e4a3-61ef-4622-a358-956889f2aa9b,21.76,24.53,18.91,1552.73,standard,0,9616.63
58002365-b540-4683-a18e-eb563126b068,14.91,4.37,7.96,188.42,fragile_liquid,3,522.47
47609b9c-2960-4bbd-af78-1abfd18fcdce,18.01,11.86,16.8,1919.66,fragile_liquid,3,4118.98
81ebcca3-dce9-4b2c-8c1e-c8c6c5fb23fb,18.64,21.23,14.23,1458.31,electronics,2,5340.3
077b4a1c-0749-490c-beee-636f479b5906,33.36,28.97,7.7,294.67,apparel,0,7473.34
275043eb-f343-4632-b0a7-00491f52a26e,37.53,31.19,19.99,974.19,apparel,0,21693.02
ce364e33-fbed-430b-8eb4-d413071f960c,10.28,8.75,15.05,746.81,fragile_liquid,2,1339.64
04fcf397-0ad3-4c37-97bf-de447559d7f8,11.24,7.78,11.91,690.16,glass,2,1110.55
5a74e867-4e28-437a-8b19-614c0f59145f,27.55,23.82,9.74,1087.43,standard,2,7633.09
f98f5359-8d4a-480b-b828-69f51510864c,18.7,14.6,19.52,2936.18,fragile_liquid,3,4834.81
d4f415e0-c439-4f99-8118-8a8144ea781a,33.53,29.02,6.82,1751.44,electronics,2,7523.24
c6e0093b-cbe7-4d93-9849-dc020c97f898,28.17,21.03,3.97,647.91,electronics,1,1762.47
1aeeac6d-c100-44ec-8e96-9507fafa9dfc,37.42,25.47,14.25,559.27,apparel,0,13774.05
94899c44-08ed-4b45-b317-60835aa9e4d2,18.28,22.34,12.25,214.6,apparel,1,5077.62
fba935e7-9f6c-4759-91c9-015e056d32f7,18.21,26.29,14.24,270.37,apparel,0,7378.83
bf8d8f52-62a6-49b4-929f-914c47b6a49e,9.28,12.07,27.02,1698.78,fragile_liquid,3,3201.15
69c2299d-3553-4e60-b18b-38afabb93124,27.88,29.61,15.57,516.91,apparel,0,13201.8
73c442cd-d578-4784-9cdc-8e3da48062cb,45.74,30.17,16.77,3596.63,standard,0,15206.31
8f6e1984-8818-4569-adc3-3a6188fac342,29.53,30.03,13.01,462.17,apparel,0,9767.39
5b945190-5bce-45c1-a8ff-c52b986e66cb,20.88,23.89,19.65,1386.29,standard,0,9206.94
28cb9d2c-818f-463a-a77b-c6d4de72263d,32.66,8.18,7.43,604.25,electronics,0,1977.28
b6ed7666-8d5d-4bc5-9bc7-1bc7949d7a4c,20.36,15.77,24.69,4432.95,fragile_liquid,2,7892.63
c98f02cd-6341-424b-a1bb-31dc94954b9d,50.9,21.12,9.59,378.79,apparel,0,9748.05
5d1843eb-a175-4271-bc8f-139999c5a3db,13.74,9.99,11.92,967.13,fragile_liquid,3,1599.99
d011b788-521d-4214-9217-05b542cdba8b,33.72,39.86,18.28,1007.25,apparel,0,28056.1
aa89ab43-60a2-4262-b1b7-d2e1db25444e,32.53,37.57,5.44,311.48,apparel,1,5889.87
abceb9e5-d07b-4d75-a13e-35f4b7e3ddac,13.0,9.28,7.54,576.75,glass,3,876.33
4ee1d7b2-695b-4f84-9934-e0399ff14ece,41.0,5.66,18.14,541.69,standard,1,5106.01
827b7769-1a5a-4d13-958b-2e8f2135dc5f,31.09,3.02,9.39,50.17,standard,2,959.36
665e3bea-b057-4cd5-90f6-089dc82e1258,13.37,11.1,7.85,638.06,glass,2,912.5
cb699563-9a9a-42df-8640-5a2580442e00,35.01,33.14,21.04,3657.62,standard,0,22155.76
b2647179-b641-422f-a2a7-fc040a863754,10.78,9.03,11.33,752.37,glass,3,1118.93
6b47d793-69b2-48b2-b778-654d4d941b1d,8.44,10.75,20.94,995.13,fragile_liquid,2,2247.92
1c82383e-0830-4449-a1db-e6419850d684,28.66,21.26,15.41,413.65,apparel,0,10038.56
197ae1a0-eba4-47f2-8c76-bfd2078226d5,12.41,13.24,15.01,1423.45,fragile_liquid,2,1776.61
c9726931-5cc1-4f02-a5b0-dbe185172578,22.04,17.88,5.89,734.58,electronics,3,2028.52
a66a98fa-443d-4d03-bfc4-b3a4f8e90cb3,26.14,21.81,16.63,370.9,apparel,0,10749.37
187e0e5f-72bd-4f15-b79b-7756e501c493,28.6,10.32,16.26,1189.61,electronics,2,4190.11
ff1c8bca-3017-4d12-817c-69378cce59d0,17.15,17.06,17.05,1269.45,electronics,2,4670.38
3d2bab40-3842-40b7-a297-a12f01d69133,11.26,12.75,7.26,714.68,glass,2,1065.27
35c602be-167b-44ba-81cb-803d3df352cb,12.22,12.2,11.38,940.16,glass,3,1800.41
ef349c6e-e5ef-494e-b9ef-c1ddfaeaa5dd,23.66,40.65,16.07,584.92,apparel,0,13917.3
781d5a7e-f35f-49b6-859c-72c99a75278d,4.71,12.57,7.87,93.31,electronics,2,497.44
6d6f24d0-6a5b-476b-9d5e-6a705351aebb,13.3,7.22,8.9,534.12,glass,3,864.01
d2be069a-78e6-4d62-97dd-1b160080d283,11.63,12.32,7.66,731.48,glass,3,1308.09
4da35443-c2ae-4c45-98dd-f295feb8d99d,59.11,20.14,2.96,139.42,apparel,0,3639.32
2053da5b-946f-43eb-bee1-d3f730e48ec0,23.37,7.37,10.94,373.34,electronics,1,1929.26
ffb00436-4830-49a5-83c6-6704e3bfe672,12.75,10.91,5.57,483.5,glass,2,688.65
85ca891b-379f-479e-8d1b-e3e1136badcc,41.2,13.39,4.28,108.42,apparel,0,2656.46
0a73d556-4c95-49ca-815d-43236b5ed5bc,11.65,19.27,3.18,196.01,electronics,1,623.06
1242e20b-d5a9-49a3-88dc-dd74767f78a9,31.91,31.96,4.58,1096.69,electronics,2,4390.28
bde9b1fe-3ae0-400d-acb2-2fa54f845de5,13.86,22.01,10.23,665.33,electronics,1,2759.32
5acede31-42ff-4e5b-ac27-0feb275dc53c,26.08,23.27,7.66,1323.54,electronics,1,4030.59
87940ff5-bfcb-43e8-a419-814ea5fef9a0,11.49,13.45,31.33,2670.15,fragile_liquid,3,5072.29
4c88ca7d-de43-4c13-9931-eb44c4b9c67a,39.04,21.7,14.08,1810.1,standard,0,11002.0
66ca5bb3-9c6d-4039-8bc3-644d9d0f2ef2,22.78,18.91,1.0,64.28,standard,0,406.86
cc9d8dc4-e3dd-4a4c-8139-aefd2dae1e58,10.38,11.5,15.39,1006.96,fragile_liquid,1,2094.23
702c835a-1f4c-48d5-a01f-e69c132a3992,15.18,8.12,5.89,433.64,glass,3,754.16
2ae1b176-a8df-410d-8266-a4caee6abe65,38.9,33.86,5.51,287.4,apparel,0,7938.08
60563ade-c0ce-43f7-ba99-3e963f065809,12.89,12.9,10.07,1058.93,glass,2,1630.38
c884c730-41a4-4b24-8190-877d382329fa,23.0,18.95,11.7,798.92,standard,0,4452.87
667a07f0-f868-4d1d-b9ed-5fefa58cef59,29.34,16.31,9.01,1110.89,electronics,1,4912.53
35a4e724-8959-436d-abe4-23b068cc029a,17.39,10.81,22.69,2402.62,fragile_liquid,2,4828.33
e8dca142-fe4d-433e-a17e-0a018c6014ba,16.33,11.86,17.83,1936.29,fragile_liquid,3,3158.74
d133ad8e-d830-45ef-ade2-d241aac3fdbf,32.17,24.15,12.03,2420.86,electronics,1,7895.32
c55d89f1-0d4d-43b2-aef8-f3cdf691c427,11.45,6.83,5.55,207.46,glass,2,429.63
8c18e3ba-5f01-48d4-9a5d-1649d809bfa9,8.94,9.19,22.22,1138.69,fragile_liquid,2,1597.37
d16613fe-9c68-4765-989c-bc2c26aa3501,32.73,21.01,23.76,2234.9,standard,0,16314.21
2f0b8c74-dc86-40d8-b739-8c9d3799a748,48.53,31.07,13.12,2804.34,standard,3,18000.9
b2da4523-3196-4977-bc55-5beefed47150,15.91,28.05,5.78,122.02,apparel,0,2591.88
beec4b1e-7627-4458-b244-961691aa662b,52.23,21.79,6.68,338.3,apparel,0,6767.93
3887ed86-200f-4002-97a3-ada10598f704,25.81,17.41,18.91,2211.76,electronics,0,9841.89
cfcc1ec6-e995-4303-97f5-6e658642db13,44.6,16.48,19.65,581.84,apparel,0,14223.9
be60e3b5-512f-40a1-b10a-716c3a85a431,23.65,31.1,15.37,1616.6,standard,0,12066.53
fa3db1d5-7d9c-4444-ad63-937e09c2a300,21.46,15.8,9.26,842.77,electronics,2,3170.92
4c0e0df7-0e1e-4b8c-b795-41505e4b4485,17.95,28.1,4.79,475.54,electronics,1,2585.86
7cca6486-12bd-46ca-a777-e6afa93a0556,40.29,19.64,9.87,1023.72,standard,1,7196.24
f6bee899-0b6e-42d1-a287-4a6125d9e330,24.69,30.3,13.89,382.63,apparel,0,12363.26
63436d4f-7944-47a9-9858-2171c4f263e2,31.36,16.92,8.57,1063.06,electronics,0,4944.27
cc678ee7-fba9-4faf-8809-c305e232ee0f,23.21,2.28,13.43,20.09,standard,0,764.41
04458423-2e12-4ed1-b12e-b31bea24adf2,37.2,19.65,6.07,746.95,standard,0,4555.64
ff730a38-ec15-40ec-9275-aac986c675f3,22.58,25.51,8.57,1353.58,electronics,2,4324.58
34d0620f-2330-42d9-9725-5bd8183c6169,45.47,23.64,7.98,373.93,apparel,0,8898.91
3f7a894f-c0d4-4b4f-a9e0-d426a7a99126,17.86,11.99,12.63,1580.27,fragile_liquid,2,2829.15
f2593cfb-5374-4c13-89cf-1a010a3a68b1,14.39,12.66,7.07,747.35,glass,3,1294.24
29d4f80f-5d3c-406e-9136-927e637580f3,11.55,12.42,9.72,860.96,glass,3,1538.93
021d740f-77cf-41d2-8038-690043414dfb,15.52,6.53,18.53,1025.78,fragile_liquid,3,2047.49
da4934a0-ae1c-407f-a1a5-c4045fa2c0b0,14.87,14.71,15.36,1884.51,fragile_liquid,2,3061.1
7f8392b4-d39f-4ec6-be3b-6f8e3211b75a,28.26,27.96,12.01,360.14,apparel,0,9620.58
6ed8fcf3-f338-43aa-914c-bd61e9695baf,7.23,14.81,8.94,701.34,glass,3,914.82
ff42f52c-ea9c-41fe-a7ca-0b2ebb1814b0,30.03,26.37,12.83,1501.08,standard,0,8843.43
16bda91e-3deb-43e5-b6d9-7feb0d13ad40,31.64,29.34,4.06,186.2,apparel,0,3248.72
ebe9564e-ee81-48d1-8f0f-c2207c7df14f,29.44,31.53,14.44,575.99,apparel,0,14908.32
69312fc4-4000-48a6-ba12-bb401011f394,13.48,12.21,18.71,1712.26,fragile_liquid,2,3086.84
18695fed-75a9-430d-90aa-20b73a47e20c,37.65,10.6,6.12,235.76,standard,0,2600.39
ceb8dbc1-9263-4aba-9a81-c5a51c276543,7.82,15.06,28.7,1845.98,fragile_liquid,0,3456.16
1b9ce547-8933-4045-9239-c282b4f33b7f,10.88,7.75,13.14,688.98,fragile_liquid,3,1169.79
6cd2a515-9ef1-497f-b2c0-ddcdd6d5a06f,6.73,27.25,9.12,210.17,standard,0,1722.78
983eff4b-3704-4502-a58c-36fcf8260bf3,32.86,22.68,10.16,309.85,apparel,0,7144.29
8a9a4ba6-10a2-4c24-a884-6b1f9b6301c9,23.48,24.74,7.05,692.58,standard,0,4466.62
ab0d4355-0265-42c7-9e0f-a2bd063244e5,8.14,8.06,8.67,354.12,glass,1,640.61
9922b81b-5372-44e9-8514-01193ce88220,24.78,27.34,16.1,1691.43,standard,2,11130.82
20c9f401-d08c-4868-b6cf-38eed72acec3,20.48,20.75,13.62,1493.01,electronics,2,5263.17
657bd1ac-5139-4a30-819f-df8dc0bcfe6d,12.03,11.15,11.65,952.54,glass,3,1505.51
3dec8566-4448-43d4-a85a-83153fee3e81,55.66,31.61,12.54,872.49,apparel,0,20920.87
3f378136-87c3-4931-b8f4-5309638715fb,32.65,22.7,14.22,2564.15,electronics,0,10156.44
db4a1a3c-ee6c-4bfc-8d40-9e043bbfb0e6,20.73,20.37,11.4,725.36,standard,2,5166.94
b9754c43-4ce4-4769-bf68-df466cbbbe30,6.28,13.59,9.21,490.8,glass,2,779.47
4097be37-0b2b-4375-9a32-057c58f1b45d,17.97,19.15,14.46,1250.78,electronics,1,6414.38
3091f450-0801-4321-a769-9d67581826d8,28.07,15.96,18.23,1247.16,standard,0,7012.4
59a6085c-df23-4bd7-8db8-ecae2cc61850,17.29,9.82,18.25,1772.74,fragile_liquid,2,2601.64
7822eea8-f07c-40d2-9db9-536e2b9b7c54,14.19,7.74,8.79,493.71,glass,2,843.49
f7747074-1f08-494f-84a5-d4e9802441de,33.74,20.11,7.89,112.82,apparel,0,6201.74
bff75fa0-13be-41dc-a234-0750f8f5012f,12.68,10.95,6.35,525.11,glass,2,681.06
cdc1e1d7-747d-40ce-b3d9-db391d8c38a7,20.2,42.26,9.36,304.13,apparel,0,8177.73
d8deb8d1-9755-4456-a6e0-91068c7e220b,24.53,33.57,12.4,384.75,apparel,0,10440.1
d133d781-b943-4fae-b70e-495b608ac5f1,18.94,16.94,8.58,518.74,electronics,0,3298.59
be32e06a-714e-457d-a292-933ed0647064,16.83,30.65,17.01,1321.27,standard,1,9229.96
cf0e31eb-545e-4de1-82bf-bf29deb91383,34.02,18.48,8.91,1516.57,electronics,3,5052.96
2cc46f9e-341c-4c58-8a37-c3081ab43576,49.39,29.91,17.68,3892.2,standard,0,26215.23
2fc550da-5059-4b4c-9343-9bab59cf98da,57.86,9.83,12.53,299.85,apparel,0,6935.71
fe34bc8b-0526-4644-82b3-beac05a47179,23.51,24.77,15.54,1448.3,standard,0,7713.49
89922a44-e740-4b1d-b9e9-03028d858eb6,49.09,18.35,17.31,2209.55,standard,0,12954.01
9d31cba7-0f10-4fde-9cc6-6229838767f5,8.57,10.54,7.55,437.83,glass,2,539.12
a5a9e508-6d19-4092-a375-0139d914a95c,12.75,11.57,10.69,970.65,glass,3,1848.87
3ac27beb-5a28-47d0-9321-9eace63cf8fb,45.75,19.86,3.4,86.62,apparel,0,3141.25
d6cc8582-205e-47e3-85a8-b584af618a87,31.49,29.85,14.68,547.44,apparel,0,15246.72
60a4e6b9-e75f-487f-8b10-7c003ec3556c,11.67,7.03,7.09,341.9,glass,2,608.0
f4d412d2-04ce-4e83-a188-aba03c3253c1,8.21,19.24,12.22,346.11,electronics,1,1967.2
a3bac821-f203-4017-a404-b5030dfcf1a6,19.81,21.93,21.41,1353.68,standard,0,9852.29
315a3118-95a9-4c68-899b-3aa5741ec04c,11.55,6.05,7.01,382.5,glass,3,459.42
a00fe8a7-2b90-4c46-ac75-c987cdbf55e0,22.3,23.45,13.3,1693.81,electronics,1,6514.74
c02591a0-405b-4bc4-a675-6420f1b754f9,33.56,20.5,15.62,2718.38,electronics,1,10371.05
abec020a-2d40-4441-abed-032720f19d9f,43.18,14.03,14.14,335.43,apparel,0,6769.85
8d52501a-c2a2-464a-8f27-eb14760ae9b7,30.86,16.69,17.01,2212.5,electronics,1,8468.22
7c887a46-b252-4aff-916f-da4cfe439f32,37.73,38.79,12.66,685.12,apparel,0,21171.72
11b1c449-527e-49fd-b966-b3738a0943dc,20.18,26.32,3.94,87.06,apparel,0,1912.4
a22e3e2d-8b38-4487-917f-40af8a57e87a,14.48,8.4,24.2,520.04,standard,0,2902.83
6ca1dd8d-4161-4374-8898-3ed6fbf8a279,10.45,11.61,5.45,345.81,fragile_liquid,3,490.49
e4c1a239-aae2-40e1-b609-efd574eda388,33.32,19.83,15.21,2573.03,electronics,0,8851.21
556b2096-5643-4e14-8b6d-7e76a3c53e9a,10.78,10.77,9.14,651.71,glass,3,1233.99
29890476-42a7-4e87-9395-5c36c9aa2780,53.35,29.85,11.5,718.33,apparel,0,18294.54
9f26fc0a-f07a-4bcf-9b70-a3b402c982c3,22.77,15.62,18.88,1123.23,standard,0,7241.9
cc01ee8b-ffcb-4d7b-9ce5-92f1211cfb48,24.92,27.42,18.73,509.69,apparel,0,11935.25
eb7b97ee-6c38-41ca-9ba0-ad9b0baa1ec0,14.91,14.28,21.47,2508.37,fragile_liquid,3,5154.57
33ec0663-f21f-4dca-9d99-12eda3312dca,26.71,17.66,15.9,1027.23,standard,0,7275.14
90a3ab0b-56ae-41f8-bbba-bbe5b1082865,40.54,19.13,14.67,456.6,apparel,0,10852.65
68452b78-312f-48bc-96d5-5f81ffe072d8,22.42,20.43,9.87,1076.55,electronics,1,4927.04
3e822a12-25fc-4342-9eff-6e3098287513,27.06,22.88,11.58,1893.36,electronics,0,6462.62
f9f9a761-fd9d-49c9-8ce6-99e8556716a4,57.72,16.64,4.08,206.49,apparel,0,3878.27
08f3551f-10ff-4a97-a2d9-55ec93907e1e,18.11,37.62,24.69,2554.09,standard,0,18621.77
2c3c728b-c27a-4637-aded-8cfa70757a29,33.31,17.33,10.31,252.23,apparel,0,5621.28
467b42d2-c69d-4822-bfe5-38a1035451bf,18.4,14.11,15.65,996.61,electronics,2,3956.21
ac7a3eca-6583-474f-9a88-3f39f8f095ab,32.45,14.33,13.78,1083.99,standard,0,6953.82
afba283c-d49b-41ba-9ab5-edf0bd2c7be5,22.28,22.4,8.2,1162.76,electronics,0,3835.76
874776ea-6ae0-4363-99f0-eda4c24b7997,40.81,28.31,10.66,505.32,apparel,0,11944.71
27361dbe-d668-4ce7-b6ed-12f470944752,20.47,36.97,11.75,396.81,apparel,0,8789.97
ab0ca7f8-cdc7-4256-a043-ef02eb42a78b,9.33,7.27,6.35,260.06,glass,2,423.43
043908fa-bc69-455c-b613-4507da00d076,8.11,11.09,7.92,422.59,glass,1,666.05
ef036db5-f0a8-4c03-8b3e-af9082774269,19.62,18.34,14.87,1313.85,electronics,2,4574.56
538ae91c-3ce4-4560-a862-21e42b70e279,31.59,31.46,4.67,250.53,apparel,0,4508.29
bc735f72-c009-433e-a2b9-a7c8e50432ec,46.27,16.97,7.44,243.74,apparel,0,5974.38
d738d2b2-701f-442d-9e9d-a5393c9466ea,23.94,21.65,10.09,1304.28,electronics,3,4858.08
0a994e22-a412-44c6-aefb-aeb78d465b24,21.29,10.1,10.39,601.95,electronics,2,2282.51
8f86b5f6-ef6d-4e0c-9600-7dff09176f74,33.49,21.85,9.55,263.62,apparel,0,7002.48
2a826c88-9e1f-4bf8-b6a3-bc37f0b63e1a,13.9,9.71,6.76,586.98,glass,3,948.78
d6ea052c-8fed-448a-b55d-d43ed2f5ac94,10.13,6.4,5.36,254.79,glass,2,421.66
85e4ae7d-b87d-42a5-908c-304c2cbde684,11.96,11.26,5.75,464.41,glass,2,707.23
9b70419a-a98a-4026-94a5-e56e3b742334,14.81,10.98,7.92,826.09,glass,2,1033.14
7442b433-898e-42c4-9f96-43d31f70a75b,44.39,22.17,9.65,420.92,apparel,0,9831.13
cf8aacba-cafc-4271-8d7f-e5e37cab2b3e,36.29,21.21,16.44,3156.48,electronics,3,12956.55
a0e66860-6ac1-4d99-98c5-c0ed37195f13,19.53,16.17,16.13,606.81,standard,1,5415.49
20eaf308-fe53-4721-b5da-7659ebcfaf49,42.36,10.17,8.15,182.91,apparel,1,3785.63
af9a8dcb-bb62-46ff-9b23-2933975a11ea,33.47,23.24,9.65,949.3,standard,0,8799.46
2495dfbd-e6c6-4201-a8dd-0856a08f4e3e,11.45,8.62,9.49,537.84,glass,3,931.51
3e380f6a-18b8-4946-ac1d-a9ff1ceabb1b,28.4,30.8,14.18,3226.32,electronics,2,14311.84
99eec631-5838-4a56-a04a-be906971f2d9,12.46,11.43,16.87,1395.38,fragile_liquid,3,2152.43
c6c93479-27fe-4c6e-982a-701baf0f7252,37.75,26.51,4.81,237.94,apparel,0,4033.12
2e2d6e78-2c47-4b86-99a6-7fa21b103596,7.92,23.13,12.9,307.67,standard,1,2078.53
33f80c18-6022-4d87-9cdd-108e2363ff8f,25.52,14.23,11.11,1011.52,electronics,2,4454.59
f0486261-e139-44ad-8dcf-c31096fc600e,19.23,19.7,9.33,895.2,electronics,1,3628.97
de0471da-17ba-41b6-8d89-1a907314e82f,32.38,16.15,5.81,790.79,electronics,1,2197.41
2e0a794c-a398-4fac-9df9-b590a80648c1,14.09,9.95,6.63,530.29,glass,2,1096.95
ca7d7e7b-c5bb-4e3d-a2ae-8d0f24e5fe79,13.96,10.77,7.12,632.88,glass,2,1160.11
853fc38a-0cf1-4bf4-b94d-969fbed62f44,11.41,15.68,7.56,854.93,glass,2,1383.08
ca103027-1f24-4ae3-8f91-df4a578ac8dd,13.57,17.97,10.1,584.0,electronics,1,2573.8
24c43c52-4439-4d9c-ba6c-236100cebec1,42.13,1.0,10.11,10.0,electronics,2,461.07
c25a4b3d-c10e-4719-97c0-a7eae8d8d8f7,38.57,47.77,12.18,859.71,apparel,0,23135.47
05159efc-8836-4214-816b-75da65bf2bf5,30.79,22.94,8.21,1362.52,electronics,1,6592.94
e1f03d87-7c0c-4255-901f-1797e5e80cf2,13.34,6.0,9.38,428.33,glass,3,612.33
ff20751e-fe62-41be-a086-4f0070dbe8fc,13.29,8.4,9.38,595.76,glass,1,1152.74
0ae13c8d-acee-45a9-a013-89629a2d2573,29.67,22.23,6.73,147.28,apparel,0,3970.9
49e9f94c-8a7e-4f45-8901-e5c5e7dc2313,23.68,12.76,12.76,934.82,electronics,0,3824.92
74ef52ab-b1ab-4293-8f07-fb5f563c2c9f,27.97,16.49,12.76,1541.67,electronics,1,6752.72
ee83dd5e-76ae-4655-ac7b-60fdeb9c4d1f,18.67,14.04,3.88,387.26,electronics,1,1079.46
f2818a3d-9531-4ef4-96c6-72341799d96a,34.81,18.3,11.52,306.14,apparel,0,6693.53
5143d3ab-4056-43bc-9f75-b39ae5fa85ed,24.07,28.64,12.11,1296.02,standard,0,9116.69
1efe4241-6670-4b65-84e3-14e3564913bc,23.53,30.78,22.72,2459.0,standard,0,16549.54
e83bec51-3585-4b1e-b65c-0b8de9dd86cb,30.45,20.54,13.29,1280.44,standard,0,7163.09
f4ffde6c-2f73-495d-bb74-39b9407f6534,16.37,11.41,8.77,976.7,glass,3,1788.49
68a9b197-303e-4978-8bce-23ce1d9b4c17,13.57,13.15,5.31,591.8,glass,3,1013.71
9da709a3-c45d-4b30-a049-7dca157ea2e1,40.32,39.39,13.75,894.11,apparel,0,18860.37
2060d3ca-d718-45d0-a056-715d188328bb,9.04,17.65,11.36,200.93,standard,1,1574.63
94552b1e-264e-4d9b-86ac-6bb35550a04f,29.07,8.38,17.18,985.03,electronics,3,3837.07
cdceb7c4-8523-49d0-9af2-28a06c66d4f1,10.19,11.29,14.76,856.21,fragile_liquid,3,1533.34
73030e9e-ec15-424f-8914-df455eb3d52b,34.78,11.5,11.46,1062.89,electronics,2,3979.83
d2e5a67e-45b7-4239-833a-dd97bb09e6e6,20.77,20.97,12.38,1259.73,electronics,1,5678.1
f797defb-b49c-4313-955b-48da2bd4a021,10.95,7.09,8.51,243.11,glass,3,703.85
8d2927c5-91a5-4f2e-ac90-1a35c667004d,13.63,16.1,23.74,613.45,standard,1,4975.3
13e59088-4325-4bc6-8cb3-76ccb15a200d,14.32,13.64,14.86,288.76,standard,1,3423.67
3fc6487f-2cf5-4a46-886e-1739dfba38f1,23.05,20.39,9.26,1106.02,electronics,2,3839.48
9fcd40e0-34ed-473f-8566-68c0ca8cc129,32.89,24.35,16.35,579.07,apparel,0,13167.34
9518ae9e-259a-46e5-897f-56571eb0f836,29.24,17.93,7.01,955.45,electronics,2,3180.49
af00a7e4-ba36-4c79-8a8e-2a65efb32d5b,19.12,15.29,12.82,1004.11,electronics,1,4190.95
276bb970-a293-4129-bc1f-6160c0982706,40.05,26.53,10.44,414.3,apparel,0,9537.27
06238a4e-d613-43e5-b311-061d6669c95b,25.18,13.27,13.14,1161.56,electronics,1,4367.77
7a5d0444-2d28-4899-99f0-9e8eb415eb1b,40.05,26.15,11.16,499.37,apparel,0,12725.88
4f4f7e42-c878-499d-bc6b-eab34a706e95,18.56,11.94,15.62,1934.38,fragile_liquid,3,3366.15
de53aefa-2eee-4d1e-81c6-56d102864106,31.96,26.19,8.77,989.75,standard,0,6848.94
749c9f74-0024-46c8-89d9-0747703b4dab,43.82,7.16,13.06,555.39,standard,0,3715.46
43d86bcc-5d35-4518-9e44-3aa71893dab5,18.18,5.88,12.89,884.93,glass,3,1483.27
4d3c439a-aef4-4a0e-81a3-4a215128aabf,27.16,13.39,9.54,1025.69,electronics,1,3110.96
c45d3ec9-6e64-4604-8a72-a82a294cd2ca,27.67,36.6,13.6,557.83,apparel,0,12886.37
92573452-bac9-49d5-a880-ac4d8809c1f4,55.54,23.58,14.0,2620.54,standard,0,18413.88
56d31a5f-9a8c-4b2b-ad58-dc483ec266ff,43.62,29.43,13.18,658.36,apparel,0,19657.2
a4f7801e-610b-4d11-b6c6-a1975e6346e8,30.11,24.4,10.35,1979.13,electronics,2,7777.12
71d436ac-d3a5-47ee-b49e-b65db9b47ab7,15.02,18.63,12.71,1045.15,electronics,3,3007.72
e6643677-2976-483a-95ef-9bf88e94adfb,18.24,18.08,8.75,687.59,electronics,1,3210.1
693b1e3e-1e8b-4555-9763-2acbe7026759,31.78,18.76,18.06,2507.76,electronics,2,9024.46
ada18964-efb5-4bd7-9961-57808c2fd803,36.96,19.1,8.62,1415.53,electronics,2,5684.21
709c7ddb-9225-45c5-b235-5936ff840d6e,10.83,10.32,8.1,478.05,glass,3,755.03
cc05e630-9e0c-48bd-ad88-a36075a3827c,16.11,10.17,23.63,2141.36,fragile_liquid,3,4063.41
dbade64f-ff54-4766-8422-44c606e20726,6.8,8.04,7.26,186.38,glass,2,378.68
027a8375-fd1c-4aed-9c20-b1dcdc09e9f3,14.68,9.86,15.29,1275.79,fragile_liquid,3,2333.41
6595356a-064a-44b0-b6b1-5426af8fc528,14.06,11.51,11.59,557.65,electronics,1,2005.93
4896ea7c-09d7-414a-9541-56cc791f7e82,33.63,23.29,12.25,1296.97,standard,1,9788.93
cd64b052-287a-4bc6-9172-7a5937a117f5,11.54,9.53,6.48,430.87,glass,2,755.55
48e41a34-44a2-4955-a123-b26d459da98c,13.82,10.22,17.49,1441.73,fragile_liquid,2,2727.29
edb49976-6319-4163-a41e-eafe934f2cbc,36.0,39.31,22.87,1278.68,apparel,0,31251.84
502134e1-850c-46f0-a1aa-3651f4c6100c,17.93,16.86,19.73,861.44,standard,0,7015.36
1922e121-cddd-4ee0-b010-d2d779c71c27,31.3,34.52,4.75,882.43,standard,1,5502.66
934bc4aa-52af-4397-9279-6702bf23470c,50.87,11.32,2.85,486.56,electronics,1,1626.19
a807fae8-d4ce-4f8f-814f-9cb528dec1eb,28.74,29.29,13.37,458.51,apparel,0,11173.37
863cffdc-f9ad-4642-9719-6cb627a4d14c,14.72,24.87,9.15,603.62,standard,0,3529.15
4a8f90cb-85e1-4cba-9210-d141a1365164,22.14,20.43,20.63,1292.22,standard,0,9218.27
417e59e8-75e7-4c88-8775-901f6452df78,11.56,14.13,17.33,1451.45,fragile_liquid,3,3203.3
69135d5f-b9b4-4455-ace1-f1160a8c48bd,19.21,24.62,6.14,703.65,electronics,2,2499.35
3ea3878c-92ca-455a-88e8-5c19e4decb67,29.79,10.34,8.47,615.34,electronics,3,2500.1
ec48b1cb-3a6b-4fa0-8b54-a9f86ee45893,12.41,7.44,13.34,630.35,fragile_liquid,2,1228.41
22b64cf0-89a2-4066-8302-0e3a5aadeaea,12.47,11.44,15.82,1244.08,fragile_liquid,2,2252.88
9f0b072c-ed5f-487e-8887-5e84cc1cd2eb,16.84,19.94,11.4,948.88,electronics,2,3945.86
3bcf4a70-1f3c-4a57-bc76-84fa6e062c6b,13.95,13.79,7.86,941.46,glass,2,1626.05
bbaabc7e-051d-4b74-a789-6b090ae42e9e,25.02,19.83,9.65,189.02,apparel,0,4657.23
6d71940b-9baa-460d-ae91-1b0b1885859e,7.45,17.17,15.02,210.76,standard,0,1770.09
9d5ee727-0c5e-4bbe-b274-6207de6e9bb9,9.97,11.38,8.26,579.78,glass,3,842.68
826d9d0e-2f12-491e-a7e9-7ede37008bd2,23.86,26.38,20.37,1882.94,standard,1,13051.27
5cc5a579-ccd3-4046-b372-d51c93e56b3f,33.63,25.49,3.99,935.51,electronics,2,3056.8
c013fd11-e885-4700-8828-99064b2af037,8.61,21.1,4.12,26.76,apparel,0,804.24
3e571571-9222-4418-848d-731e707a7db2,9.27,13.77,22.35,1514.47,fragile_liquid,2,2377.47
861a79c4-73b4-4f64-9573-f472a2adb832,24.85,15.32,10.99,1195.84,electronics,2,4005.32
49db6a70-8843-4cd0-9e42-e4bed5f862a6,35.76,39.79,12.31,718.58,apparel,0,19160.54
6bc7b858-c782-40b0-a617-fbad490a706e,11.05,19.79,4.33,181.45,standard,0,1073.79
fb13b898-0686-4831-959b-34bddf1d0141,16.06,18.94,13.47,895.86,electronics,2,3714.03
bc176671-2c42-4821-92c7-b10168b3c456,17.25,20.13,19.23,1072.29,standard,1,6960.83
63eb05d9-a5e9-447f-b2d8-fb3329c9088a,11.5,10.25,8.03,603.55,glass,3,943.44
a608aa39-21d5-41ad-97f3-dd72e810f372,36.98,37.45,14.67,3014.89,standard,0,24361.77
d036476b-e334-454c-beea-53d983dce5de,27.48,13.47,5.17,507.11,electronics,1,1682.84
9d3e8243-b2e3-40ba-9464-16f7d34e4afd,10.33,7.36,11.22,592.32,glass,3,798.0
a75424a4-2f26-42d6-872f-d399b2ec893a,26.81,21.75,20.42,2036.2,standard,1,10768.97
a652f19c-4201-4497-8509-6230ff7a9eb8,12.96,10.49,14.02,487.25,electronics,2,2071.3
bb7ea177-52aa-4634-b25a-d3b1d0b3978e,19.32,28.64,14.19,321.73,apparel,0,8073.44
0571150e-d19c-4fbd-bb96-af59e50d1bd2,9.93,12.79,24.06,1756.51,fragile_liquid,2,3681.9
66f2e5c0-b4ab-4062-8ed4-bf00ecb59bac,7.4,11.11,12.12,624.84,glass,3,924.69
1c7b4601-a838-42c0-a325-0dde03793473,40.21,26.76,14.26,625.23,apparel,0,15326.6
f4453b20-3734-45ec-b410-7ceec1058707,19.18,12.92,9.75,421.91,electronics,3,2471.77
7a5829b3-edb4-4436-9773-eb10ea7d541f,10.43,10.72,18.86,1174.21,fragile_liquid,3,2293.28
d9419732-8c4a-4d14-8b99-27bd3c2a8d1b,19.21,23.42,1.0,151.29,electronics,3,456.28
057077d3-5d3a-4204-981c-99f9f4967c9b,14.04,27.35,9.34,851.31,electronics,1,3315.01
4d4134df-0643-4e06-8470-2e34310fa217,35.37,17.95,30.22,2908.31,standard,0,20612.47
54bb0996-294f-42ba-9cfc-ce7807233220,28.06,17.99,18.12,1318.31,standard,0,8684.89
b2753d6b-bff9-4977-a34d-dcdb83d00d90,64.16,28.83,11.04,773.2,apparel,0,23013.09
ac238042-58c6-4f60-ac56-95fff6d32674,18.42,21.23,12.83,905.23,standard,0,4117.09
d317bef6-e0c4-4d82-9148-cf902975bf66,17.64,9.95,9.33,843.25,fragile_liquid,2,1929.44
e35dc91b-34f2-4ef3-b169-721702936495,61.61,35.64,7.29,662.32,apparel,0,16957.78
f5616e72-4cb7-44ad-8123-287ca7f8f087,31.07,19.02,16.23,2444.56,electronics,2,9868.59
910480dd-c26d-463a-b1b7-07ca6ed8aaee,12.84,7.25,8.04,486.08,glass,3,739.81
c91829c7-1ce8-4ba9-9bb6-d4a3e065966c,10.72,8.94,7.66,492.12,glass,3,635.56
51c9859c-03e6-463f-a11c-f6e4ff7411d2,38.04,18.93,10.51,2040.64,electronics,1,8494.39
a49bd533-87f3-4248-ac55-3b2820c733c3,23.17,29.35,17.52,1872.49,standard,0,9808.15
d6746c1a-f10b-499b-8270-697c8d7bafcd,24.97,17.96,6.33,565.77,electronics,2,3415.7
f86023c4-4c90-46cf-aa5d-ad32f6ce12b6,10.59,26.06,14.93,1180.09,electronics,2,4610.49
a6c60350-3c81-40d7-a3cd-aa0505a8b8dc,32.23,33.69,19.37,852.57,apparel,0,20891.2
23e759ef-06cb-4509-9a54-16e7c4037ded,19.54,17.97,3.61,451.76,electronics,3,1139.69
67c9e9d1-7687-450c-999b-a0eb40743bd0,17.06,17.1,22.31,3620.86,fragile_liquid,2,6816.2
cc38b7be-043f-4168-b571-3c9a9230649f,24.37,1.0,10.61,10.0,standard,0,248.73
a68d2ee2-6cd6-403b-8a17-874e7ef9e806,22.11,22.86,13.86,290.76,apparel,0,7372.62
67446a8f-e867-4e54-99e7-b620e29242d6,30.39,20.76,11.82,342.95,apparel,0,8436.14
ed8e79b7-c31c-445d-bcdb-fc7da4dcdca0,14.17,14.73,21.66,2491.54,fragile_liquid,3,3067.02
1b839f70-7bc9-4a49-b66d-6f3433847abc,35.79,34.23,7.53,1314.05,standard,0,8730.21
745f2585-770b-44f8-8e0c-71524807a9bb,23.04,16.91,13.81,1175.62,electronics,2,5955.84
412038da-893a-48ea-acfc-fdec030b4f39,37.11,5.73,12.16,63.23,apparel,0,3150.83
fcb8b63d-5dd2-47e3-aa47-26fc72a4f3cd,40.42,29.06,18.43,3370.28,standard,1,24865.06
6be00a58-6da9-4657-b781-8e38a063fa96,7.38,14.3,8.6,245.86,electronics,3,863.99
7f5d3cc7-c49e-4ee3-8359-6de323c4602b,6.37,44.7,17.58,843.92,standard,0,4142.32
d5c0220b-015f-40fd-895f-cecc4bd57e6f,14.74,31.55,18.07,1229.63,standard,1,7520.46
76918c91-f8be-4eaa-a2ac-7d488dbb72b7,41.7,18.56,7.53,1552.18,electronics,3,5615.42
24bca5c3-2d49-4dca-bab9-34409d4cfb22,41.74,30.22,15.64,2974.81,standard,1,18772.97
de0c85fc-546b-49ab-ad6b-174b87c10fb0,30.51,20.37,19.06,1878.55,standard,1,12440.01
4738cca8-74fd-415a-83d6-54a2da21ec90,34.13,22.28,13.79,425.18,apparel,0,11542.18
b825b419-6bc6-4f09-af25-7577764d8471,11.88,8.25,5.62,291.4,glass,2,666.08
b3ab3ca9-5dcc-43af-8c3a-ac47482425c5,50.63,33.39,16.16,4020.13,standard,0,26678.54
fa00cc97-f652-4620-bf00-1a19b5553123,32.1,8.11,9.5,476.05,electronics,1,2367.73
c3ce5c8b-d2f7-4dd3-b529-82442fdac439,47.34,18.11,26.24,3335.71,standard,0,22943.36
56be859a-9e9a-4de6-9d42-4b168ab8bf63,39.72,25.41,8.29,2013.33,electronics,0,7670.01
77370c5e-a973-402e-9cf9-f20ca7137874,19.97,19.49,2.91,181.2,electronics,2,1051.11
761c0474-dea6-4f7c-b3e8-35a89c4ca3ba,13.44,11.82,12.06,1175.25,fragile_liquid,3,1829.8
d703e4dc-25fa-4f03-9d18-f4892082fae8,12.57,10.14,6.78,580.74,glass,1,825.04
65c49429-950e-445a-8b74-54bf6d8d924c,13.78,13.06,15.28,1454.64,fragile_liquid,3,2659.93
cd0ea09a-ef08-496f-a16a-4bec43de394e,22.75,41.08,12.87,479.13,apparel,0,11429.71
d1a8d410-dd3f-4648-b5ce-4bec4745014d,11.46,6.07,6.36,279.93,glass,3,479.92
be07ebd6-439a-4af9-b942-c16be76e95ad,31.8,9.74,12.72,155.47,apparel,0,3753.34
eb264c06-07ed-4a65-901d-8523774aa1c5,19.23,10.84,18.71,2120.86,fragile_liquid,0,4224.08
9ccebab3-9702-4fcf-8517-ecf57db55124,35.41,15.73,10.27,902.9,standard,3,6027.18
3e29f951-2006-4bdd-882a-2923760d0f8b,11.34,9.52,23.72,1385.77,fragile_liquid,3,2491.25
4029648c-3823-4510-9699-d9f8d15a2053,21.27,25.77,15.7,1507.53,standard,0,9774.45
e443d4f9-4bec-4180-8b58-79faf5883f6a,39.74,13.09,5.7,529.23,standard,0,3215.33
3f9d36e2-93ac-4612-abc5-e00a991ef25b,8.17,10.06,9.72,474.42,glass,1,712.61
3564c4f9-9a67-4442-b04d-eceef0fa3e4f,10.29,11.26,10.77,265.58,electronics,2,1332.52
08655f1d-cb51-4e42-8cd5-3e1645995f2b,31.78,28.53,2.51,19.3,apparel,0,2079.06
a0a49f17-8559-4682-bed9-23f58c311cf5,15.38,5.01,8.24,343.16,glass,2,637.3
379ce3db-a1b6-4c8c-977b-d4419ccdb271,28.46,30.51,21.03,2720.25,standard,1,18433.45
241a6409-44fe-4e96-8235-ac5446b8a3d3,17.16,7.46,9.05,711.08,glass,2,1026.92
6487c94b-eae6-41b4-95ff-6e84f68da771,27.17,19.23,8.61,1062.84,electronics,3,4711.78
37349dec-9927-4fe6-8935-ba7da388768c,16.75,13.25,19.18,2364.37,fragile_liquid,2,4077.85
93bf0730-5978-40c9-b3ff-65ca050399cd,28.35,11.14,1.0,87.06,electronics,1,308.04
e7175c5b-58a0-49df-8dc9-3f8feeb7c80c,22.07,13.31,3.53,179.67,electronics,1,1022.31
c506b599-1ba8-4d80-92b7-97103cbafae7,26.52,22.56,6.1,101.06,apparel,0,3365.38
abbb3403-8c52-48a1-86c0-40ef18f553ee,27.77,19.09,14.91,348.63,apparel,0,6976.01
6bd4964c-78f7-40bb-8d49-eae21968f77a,39.39,20.78,8.37,254.23,apparel,0,7866.93
8fa1c82d-5797-43dd-a799-85b0b0725e51,35.68,22.57,10.45,1195.96,standard,0,9432.36
f43d2d46-786e-4407-9069-8d4a7659a87c,30.63,9.8,1.0,10.0,standard,0,328.15
4c639db9-d61c-461f-aab0-f94576a039e4,29.58,15.21,11.48,1262.09,electronics,1,5598.26
07fc5942-07a9-42f0-970e-3adcedd4ffc5,22.93,8.36,9.01,402.15,electronics,2,1821.78
738f2f28-f39f-428b-8664-d978c20cdc8a,19.85,31.71,10.68,961.93,standard,0,6685.69
c7e7888b-dabc-4a3a-9432-a70f54926499,7.81,10.21,6.36,275.97,glass,3,471.84
5496fc38-e118-410d-893c-dbc43c64dcbd,30.71,20.29,12.32,1901.14,electronics,0,8075.95
927474d0-42d0-4ca0-80f5-a062f82cd59f,39.77,22.19,3.32,94.0,apparel,0,2817.13
9456ee67-06ff-49bc-b2e3-b9fc449583b6,36.4,25.25,9.57,1313.01,standard,0,8473.76
3aa167d6-47f6-4d8a-a79f-d25d249e173d,13.15,11.92,7.89,806.83,glass,2,1407.7
bebd961b-677d-47c0-8d2c-029e3470c578,30.62,17.78,15.34,1260.52,standard,0,8844.16
3efe3cd6-3813-409d-9b7b-a22b33e49100,23.51,21.9,8.65,1138.92,electronics,2,4802.09
48ae4bbc-88fc-46a2-8ede-185154e09011,23.66,15.74,11.87,1085.8,electronics,0,4713.28
109e6fa0-7f28-41c7-b864-40c41bb6e68d,36.79,30.41,13.64,634.05,apparel,0,13941.56
446ff02a-a11f-418e-a312-23f76f97d3fc,37.55,26.45,11.1,465.85,apparel,0,10797.47
eb25e7d0-c862-4ad4-974e-bceff43d4bd3,48.45,13.08,8.89,760.71,standard,0,5104.57
0b8d6137-1b5f-4d54-8998-596510f326db,54.57,12.62,11.16,316.44,apparel,0,7688.36
db164828-d691-421e-be4b-0eb0897cfb20,31.03,31.14,13.47,2030.3,standard,0,12382.94
49d422df-7046-4ac6-90a3-8598b087b52e,52.96,24.74,12.64,604.76,apparel,0,18746.64
3e410646-ec20-4a65-b837-bbdeb5349c1f,21.2,20.73,4.94,513.39,electronics,1,2047.7
c0b24e8f-9a17-4604-b103-61413ab64aa8,28.39,27.83,17.05,538.76,apparel,0,14267.27
cea79060-d9e7-486e-91c3-8a31894b0b29,36.9,11.45,13.19,260.91,apparel,0,5666.3
b5f8236a-5248-4baf-b4b0-bc722fcf0a74,17.17,6.75,7.65,574.21,fragile_liquid,3,749.57
b9ac2acb-9542-4478-81eb-c6d8e8d758ee,28.7,17.66,14.37,1916.69,electronics,2,7205.32
bfff1b19-3319-4a24-af5e-b802f631226e,36.62,33.11,17.53,840.16,apparel,0,19605.61
2cb3e218-b8e1-41aa-90bf-700897a95b91,15.47,13.39,7.51,851.73,glass,2,1425.36
e9da2abf-0127-41aa-ab2e-2575f846cb61,5.86,10.43,27.73,1091.02,fragile_liquid,3,1563.58
198101f1-61ca-49e7-afa0-ab2deeb9d9ea,12.26,15.99,18.23,1999.18,fragile_liquid,3,3545.83
bab7d423-9e84-4397-87c9-42be632a6664,49.82,34.61,11.89,803.09,apparel,3,17579.35
50c36f13-9158-44b3-acf2-e20e451996fb,19.34,14.12,17.98,2788.52,fragile_liquid,2,5125.17
6c28d3bd-80d8-4d91-ba1f-9a32df76458e,19.55,33.87,4.11,130.02,apparel,0,2693.27
bf090a7d-5694-4fa5-ba0c-13a984bd9216,13.0,14.31,8.23,958.28,glass,2,1264.0
0af0d084-ec27-48d7-8738-be67d5ffe96a,33.06,23.62,12.07,2381.38,electronics,1,9751.47
27ab80bf-eb59-4410-84ed-acf9517c6a6c,19.58,34.36,11.83,336.29,apparel,0,8982.6
bffd32f7-1957-4818-a6ed-1fb39d44441a,32.71,18.58,11.8,296.67,apparel,0,7903.11
2cec8f33-1783-41fc-845c-02732b8e275a,34.74,32.66,17.41,816.45,apparel,0,22637.58
a3225336-7ccb-4d27-873d-dd384773ed4e,12.11,9.07,9.27,621.73,glass,0,1038.2
3fb937f4-c913-4b2a-ab34-2bac06fc82cd,26.54,11.11,9.0,62.14,apparel,0,2614.41
c0588a1e-b3e5-4685-8aaa-1ea42b7c7ea7,47.11,32.85,24.48,5726.93,standard,0,37690.65
e33f8fe0-87b4-4b03-bbaa-94c7942c0f9e,18.55,8.73,1.14,10.0,electronics,1,170.95
57dad828-44a0-4ec3-881c-651f72c63c0c,34.26,22.02,24.1,2847.6,standard,3,18205.29
caf4a314-458e-4215-aadd-6338a6b47cb4,37.22,16.37,16.1,2545.75,electronics,2,9327.84
d147c96c-cd01-445a-b161-de3b3f292436,22.21,10.57,19.81,661.13,standard,0,4360.55
263001f8-7d74-4b63-8f23-7a2a94eafe3c,25.0,11.84,16.19,782.64,standard,2,4404.42
7d8076aa-0981-486f-b492-895c4ea5165e,15.02,26.7,11.35,184.91,apparel,0,4958.72
614d6dfb-2551-4e1b-89cc-a6f4a7491fa8,29.13,24.35,10.82,1916.83,electronics,1,7506.54
85aabfe1-29b4-419a-8d6a-70aa4c2ff25d,35.32,26.92,8.38,323.81,apparel,0,8121.68
ff918287-6906-4949-b227-94f9b493ff53,57.15,10.78,11.36,292.2,apparel,0,6744.84
0e6f170d-2a23-49d7-a86d-53175864d59e,37.3,17.62,15.28,357.89,apparel,0,10443.18
b4d4f91e-1b11-4716-8dc6-fb501a409ab8,12.27,22.98,9.53,433.8,standard,0,2859.52
b9e1b27c-1cbe-473f-945b-9d48eb87ebdd,67.02,22.05,8.57,514.02,apparel,2,10471.65
73543925-eb4f-400e-b8ec-48d9664665bf,24.35,21.6,1.0,10.0,apparel,0,569.72
7b0802d6-ac1d-4788-9e46-40752f3b4e0a,32.96,22.3,15.91,1750.45,standard,0,11589.35
6e09db74-881b-4425-b48e-be6755c2a375,35.44,6.98,14.61,880.1,electronics,0,4019.34
0759aac0-d8d9-417a-8f66-191761258f0a,12.26,8.84,10.82,705.72,glass,2,1093.19
29ec0c87-cc92-49f8-bdf4-baa99e02e425,31.53,28.8,16.45,580.14,apparel,0,14504.13
7f592ef8-ea04-4328-8a23-176f328de7d2,12.62,12.75,19.16,1777.5,fragile_liquid,3,2589.87
e7c0fda8-e349-4ac7-96aa-bb65f38cc838,26.33,26.29,17.86,499.55,apparel,0,14825.68
2d140378-71bd-4c24-9080-63f1567dd3b6,20.45,17.43,9.99,806.53,electronics,3,3322.66
f2ffac7c-75ea-4f86-86df-e40776a3ee4a,11.39,11.62,23.74,1701.5,fragile_liquid,3,2845.99
5099c065-7a3f-47cd-ab2e-4a3559cb8de5,23.96,12.27,11.17,665.44,electronics,2,3606.41
37f117f7-1a07-40df-8e4e-2773a2b8178b,16.1,6.7,19.78,1235.83,fragile_liquid,3,1852.0
482a9ae3-0da5-40bc-b1c2-1897fcb0340e,16.58,9.37,22.84,1902.64,fragile_liquid,2,3703.74
a79da965-a89e-47e7-aca8-0889c43ceba5,8.78,26.3,8.71,303.64,standard,3,2017.71
62da1c2f-aa49-41da-af7f-e03942c37b63,25.95,13.52,15.0,655.67,standard,0,4839.57
2e8e0682-0855-4c80-944c-2685a29f46d8,35.46,21.31,1.0,271.5,electronics,1,746.0
0ee1e96e-0f92-4bb2-af47-8f1906c4e0d2,25.56,18.24,9.46,1114.65,electronics,2,3285.45
1fda557b-8395-4fe1-938c-c4dee6f95c5f,39.99,30.21,8.31,414.19,apparel,0,9841.25
504466cf-3e20-48a3-bd26-5b68505de981,46.33,32.05,15.84,3553.55,standard,1,24153.75
3246afe8-067f-46ff-853b-401692ada2c7,37.86,6.62,23.9,215.02,apparel,0,5203.7
761b06a2-7086-4d6f-ae79-2f8ead704879,20.93,14.83,13.57,995.44,electronics,1,3842.96
3d7b80b9-c009-4775-8fdd-1a79acc5b87d,38.25,28.83,8.74,1363.34,standard,0,8753.51
68a044c3-fb74-4e3f-882f-c89d95d0de97,37.62,19.67,1.0,50.56,standard,1,792.24
f90d11b0-c6d2-4cb7-8f3e-a85b9311cb7a,34.81,21.88,21.79,705.35,apparel,0,14745.23
75b19b80-6644-4ed2-bbe7-532348235ae9,14.13,11.01,17.38,1420.51,fragile_liquid,2,2788.85
a710d83f-ac56-4b57-877a-c75167350f77,45.75,38.06,26.57,6902.21,standard,0,49758.53
9c717ed9-c32d-4a3a-9761-ad803100bd4b,15.66,13.55,17.4,2147.0,fragile_liquid,3,3664.23
c5b5e43f-415f-42cb-8948-d4bb78d140f0,34.99,16.37,12.63,1836.09,electronics,1,7514.61
c46c5ae1-ff3a-4700-8fa7-ac86babba26c,34.48,32.39,12.84,569.39,apparel,2,13347.16
7a99cb9c-8c82-4643-aa08-ae508783c1ac,26.96,12.46,3.17,22.18,standard,0,992.72
379c982d-a827-4172-b959-db2e513e4dd8,49.28,26.1,4.69,989.39,standard,1,5382.51
ee19701e-882f-4041-ac36-f2300ddb7e5f,17.85,23.96,23.9,1525.36,standard,0,8831.89
781460ce-627c-4d75-aaf3-63f4305a854d,23.07,17.44,4.75,482.61,electronics,2,1981.46
0611c618-58ed-4460-a6a8-5b9d2289855a,14.19,13.52,16.63,1774.74,fragile_liquid,2,2752.12
49a41cda-afba-4db1-b46c-cee39c1d7474,21.51,34.5,7.91,204.33,apparel,0,5030.64
2f5b5f4d-d776-40a3-b5b5-ac9b8b7a1415,12.72,23.71,7.87,348.75,standard,0,2393.16
351da459-6db4-4635-a102-40bf445a6270,23.59,25.18,9.06,856.64,standard,0,4616.65
fad7dd4a-e172-4903-a388-61e64919c2d7,41.76,31.68,5.15,272.55,apparel,0,6582.38
98285731-5fdb-4a5a-9414-f2a2068539c9,35.29,22.1,11.8,370.21,apparel,0,8973.28
90a50e49-fb4f-49ab-81d6-bc03a0a52618,18.93,8.61,20.84,1875.17,fragile_liquid,3,3344.27
01a72b90-be69-4244-89bd-4994a3d60c5d,16.1,16.73,12.64,1024.28,electronics,0,3557.17
07fe5019-befb-441c-a5e2-69fe524b5224,31.55,29.66,23.58,3216.04,standard,0,24448.32
586ddd5d-f70a-4e94-b67d-2cf8337ecb87,44.05,38.29,5.55,358.41,apparel,0,9350.49
386b4a41-0048-48ad-8a4d-7cbaabb25f9c,12.4,14.51,15.51,1525.94,fragile_liquid,1,2812.07
9ec9297c-1fb0-4a08-bbcf-464862343b05,27.25,19.96,3.32,524.36,electronics,1,1874.98
10885bc5-a8de-45b9-b308-00ecaa7bdb37,22.53,15.89,8.65,849.38,electronics,1,2427.15
3f5a29af-cb3e-4674-9a9f-04e5ca47956d,24.17,34.63,4.7,177.21,apparel,0,4127.61
b042d4a1-b673-4458-aacc-ccedf189fc72,9.12,13.28,10.11,727.29,glass,2,1040.25
a2bcfe98-29af-4b34-9bab-f011ba08bd1c,8.75,13.29,14.55,1003.09,fragile_liquid,3,1863.15
5d8104fb-dcde-4117-ae95-cf03fca98382,26.27,24.26,11.83,1953.14,electronics,1,8127.33
ecddb903-eebc-4619-a3a0-9e27f320187c,33.35,25.82,19.06,655.63,apparel,0,16248.58
77957cc7-dfc9-41a8-a822-c8379249b6ac,34.76,43.32,28.53,1688.51,apparel,0,51431.1
7880c584-9889-41d2-934f-b524abcde153,17.64,16.17,9.46,604.3,electronics,2,2629.62
d1937fb8-1087-44ee-b2a4-27181ce54a85,13.15,10.0,6.76,573.65,glass,2,652.5
8c72cf7b-3362-41a4-95e0-156350cb39c5,32.34,23.98,5.03,135.23,apparel,0,3096.63
824fdb56-b76f-44bf-802b-a5b7e39adff4,23.47,6.7,10.59,185.75,standard,0,2037.83
936c432d-0fed-4344-9e18-7b78814549f1,8.71,8.56,6.31,319.95,glass,2,430.34
9bcb6e44-49f9-465f-9823-27aff04a1f36,26.93,29.64,13.27,418.79,apparel,0,8668.26
4e59d0fb-7855-477f-a0b2-5c447b0f9ce8,7.66,10.2,9.56,414.77,glass,2,694.42
d6689a53-d28e-4cc4-b553-e7fa090b0365,29.19,35.26,21.09,868.0,apparel,0,18736.09
a8bdd673-6cf0-4580-b459-f81c3b0cb647,29.16,14.62,9.47,1018.06,electronics,1,4766.18
312326f2-db8e-4be4-82fb-ad15fe539373,43.42,40.25,15.2,1002.39,apparel,0,21464.42
6cc1c4fd-68dc-45d7-a901-783f162f72fc,18.96,27.88,5.19,800.42,electronics,1,2586.96
197a8733-46c2-4924-9357-3e77b59e0a99,49.08,25.29,12.82,2457.71,standard,1,15508.4
c2cee1b3-835a-4b6e-ad5d-a1fda481e316,42.46,13.15,22.7,1836.84,standard,2,11233.39
dbd4ed3c-502a-4c84-91d3-c960ad0ad9bb,44.68,32.43,15.39,3381.96,standard,0,25027.82
a9146a92-3beb-41f3-81de-12550fb85bc5,15.3,8.77,2.75,311.49,glass,2,352.14
1baea47b-4af8-4468-9653-f8c7f5cd6b41,36.99,24.97,12.94,490.7,apparel,0,12381.27
226f9f77-3080-46d7-a330-2936e6002c7f,27.02,13.62,12.62,1137.19,electronics,2,5225.93
a7efe720-2baa-4473-9b99-846cbebd7174,14.47,8.88,8.83,749.16,glass,1,1253.24
cdc72745-187c-4f39-9f8d-4bb8e8ba6689,16.98,7.55,11.21,848.93,fragile_liquid,3,1197.19
b7b5e4f8-ba43-462f-97cf-4ecb64da93c1,26.99,10.41,7.53,591.68,electronics,1,2318.69
c15c9d7a-17d1-4b35-8016-29795ff4fb71,18.28,14.27,7.25,1166.32,glass,2,2475.44
7c0fa575-2ccb-4d81-b4d8-f8a80844206d,32.41,42.46,10.73,539.33,apparel,1,15443.53
0ff2f765-a3dc-4641-ab31-126ee9c082a4,22.14,22.22,10.99,1447.15,electronics,3,5257.99
689eb54e-6021-42d0-976a-c0de98164212,28.85,35.92,12.5,527.95,apparel,0,14037.68
47196886-ed07-4494-a55b-81cc5ca5394a,23.36,18.93,15.92,1713.38,electronics,2,6041.34
706da7f6-8c28-4486-90b4-a072fcf2bdae,28.34,30.3,18.8,731.0,apparel,0,16436.11
f21dc503-338e-4152-8cfd-1af1486a83e1,10.88,9.63,7.88,537.75,glass,3,834.98
615198bf-3031-47ca-88f3-5f320f07555b,20.38,7.58,10.53,349.87,electronics,1,1799.06
6ee2cfe7-579e-4ce7-b5ff-583ef0ed6257,14.91,7.45,8.73,604.88,glass,3,941.96
e45a6f68-d112-4634-9d5b-4988c334d940,21.55,14.17,13.57,657.21,standard,0,4883.99
b6742169-18d8-4a52-8ead-d3fa85cd3191,25.33,19.24,1.0,23.84,electronics,2,525.79
566c35c1-ac7c-4c24-998d-8a901308a23c,13.17,8.88,9.28,636.2,glass,2,970.46
ad49fa1b-ba54-4d83-baee-a6d589ecca67,20.0,8.24,10.32,435.05,standard,0,1772.77
18d18d3a-e612-454b-87a9-8edba61bbd51,23.28,13.03,9.54,681.3,electronics,1,2921.31
2c3bbad2-f2a4-4252-a4f9-55fbee6b8a57,20.75,27.17,11.84,935.56,standard,0,6175.57
870d3c31-d279-489c-bafd-b7e9758d6c00,15.1,17.27,21.1,3080.7,fragile_liquid,1,5703.53
51c8ba5b-20fc-44e9-b928-2082f943be07,7.75,17.13,9.69,732.44,fragile_liquid,3,1252.47
aa7f0a0e-5b5f-4907-9abd-f5925aea88cc,37.54,21.18,10.25,1074.56,standard,3,10015.31
52dbe4fd-0995-4a83-b743-d206c3c9207b,13.04,14.3,43.04,4372.4,fragile_liquid,3,8027.17
653a178a-7fcc-457a-ac43-acdc8e702b71,43.07,18.89,5.98,671.04,standard,0,5420.0
895c4531-bb6f-4056-9535-0fafef295b23,17.51,10.78,5.3,539.05,glass,3,951.36
3d5ccd38-80fc-47e2-9f3f-27dcc514e1f0,34.22,25.8,17.5,607.38,apparel,0,16563.41
512fb400-7c5e-44d5-b541-fec4d67d8c86,11.96,12.54,19.33,432.83,standard,0,2658.12
656e57b7-510c-4e4b-9fbc-eeea751dcaec,11.85,5.16,3.91,56.63,glass,2,235.34
60d3ab5f-fd9a-425d-8644-ea7e26779b5b,25.67,29.14,13.96,1664.18,standard,0,9261.44
a04cddc9-f613-4563-aa2f-56ee2ee33b2f,14.75,20.64,13.55,903.56,electronics,1,5161.39
990e5f9b-3f3d-40f6-a0c8-b620116231e6,8.32,6.73,13.17,463.12,fragile_liquid,3,714.6
e3d21c87-6380-44a5-a6c6-bc70efdd5dd6,38.58,31.22,13.72,657.8,apparel,0,18792.15
9c4feceb-8348-4145-8535-333562036825,14.53,7.01,6.83,357.7,glass,3,704.88
51410b06-d1b0-4358-b532-b1c471477977,31.09,29.53,4.46,169.91,apparel,0,4259.7
c4a47a23-c1a8-4cbf-b86a-ea26320f372c,23.6,5.32,10.23,305.22,electronics,1,1531.75
f3018566-bd6c-4c0c-ba47-0300f6818a67,34.32,26.59,14.01,539.35,apparel,0,12347.75
b58a1365-a633-4106-8d34-eb651f1faf5b,15.65,11.13,7.5,321.72,electronics,1,1088.44
033ef6aa-525a-4fb4-a52f-e578a53dbc95,44.62,39.49,7.43,492.78,apparel,0,10700.8
ff221aa5-06a2-47f0-9cd6-c1b061f329ee,14.75,11.58,8.68,949.73,glass,3,1422.17
49e23276-5fdf-4efe-95bd-b75246834762,39.88,22.55,13.26,447.01,apparel,0,13054.76
082a6c29-8559-43e7-9103-e7936c8b91e4,7.3,10.28,8.94,453.66,glass,3,574.22
1975bfe7-b9b9-430a-b05d-d73971fb4f92,14.22,15.7,5.2,272.58,electronics,0,957.0
57d6dd46-2a9b-4709-a537-64b491ce73b2,13.94,12.77,21.74,2215.55,fragile_liquid,3,3335.27
01862d48-f57a-42bb-abde-81f32b28984f,29.65,23.83,10.11,1822.86,electronics,1,6387.33
ac160c0f-9803-49e1-90d2-0480f9714b4c,34.14,31.35,22.92,3628.02,standard,0,21513.24
acdec1ce-9c41-41ec-9936-5396528d34d1,15.12,12.06,10.01,440.47,electronics,1,1474.57
b4012aaa-380d-4630-848e-61a5b47c525a,20.95,7.02,3.55,369.43,standard,1,522.52
2144fac7-a668-4f0c-b110-b99851ac4965,48.76,30.11,5.04,220.63,apparel,0,7989.38
378e94ca-7f40-44ce-866a-69dacc0a9a77,13.93,8.84,5.4,434.32,glass,3,720.54
11105d94-16fc-4350-8560-f19165cb122a,60.06,26.82,16.11,3886.86,standard,0,26701.62
7350ca3f-c5ff-4e30-a45c-1f0b09d10c4b,31.4,32.34,14.47,589.72,apparel,0,15807.69
3c5779b7-50cf-4697-83f4-71dd19d017fe,8.66,11.6,7.69,445.83,glass,2,845.86
e2bef1b7-a07d-4e11-aa93-05bc3bd41a6d,36.7,29.82,25.15,1037.49,apparel,0,26782.96
eed6e3d3-f2a9-48d4-a651-d10588692542,28.16,15.08,5.49,420.1,electronics,1,2702.12
b3a71049-0394-4c73-8c18-0e1232460e26,32.21,25.39,12.21,2412.13,electronics,1,9315.17
3303cf79-2ec3-478d-ab29-822fb811ad90,35.79,26.3,9.26,342.06,apparel,0,9426.39
cdf9d75d-513f-42c6-894e-878d8cbb357d,42.62,36.94,19.06,1178.74,apparel,0,25945.86
2e27114f-cf10-4038-84e6-9785631e704e,7.41,7.8,7.49,232.88,glass,3,408.34
aae08979-9388-4307-bbae-9be962be0d4d,11.43,10.62,7.47,565.06,glass,3,878.13
a6ae5084-b9ec-4807-8665-d708b89af292,21.33,11.54,16.32,2266.81,fragile_liquid,3,3588.23
2c9a0ee3-07f4-4b8f-bff9-30c2da9bc9bb,12.07,12.14,17.66,1422.24,fragile_liquid,2,2647.99
edcfd209-b09b-45df-a53f-c03e2848bebc,42.04,24.39,6.03,908.12,standard,1,6799.02
b6a791a9-5dc4-46c1-a295-7f12c638fb4d,56.53,23.6,8.58,450.85,apparel,2,13769.44
ab319ea1-3024-4e3c-a6c7-ebdd472e4b5e,20.44,12.79,5.89,395.8,electronics,1,1302.39
705f4fe9-8373-47e8-aece-571e3d4f4c2d,31.11,23.38,5.21,999.59,electronics,2,3756.6
90e41ef7-995d-4fd3-8148-7fb0e7bd27fe,34.36,26.52,19.45,2571.21,standard,0,16812.82
c9850aec-10b1-47b9-bc33-44db3d8bb1a2,17.22,10.74,22.95,639.08,standard,0,3900.9
92773a91-2a6a-4b64-b5a0-ee26cac17a17,13.06,16.74,15.15,1757.41,fragile_liquid,2,3412.21
519c54e7-eeee-455a-b1bb-7d8f4e8ffdc6,25.06,15.82,5.1,430.85,electronics,0,2075.9
de794671-61ae-4186-8848-a9498ca9dbca,19.01,13.77,11.48,750.82,electronics,1,2795.55
65e824b9-e741-4c1f-bd58-6be0daa4602f,41.77,20.7,12.55,491.58,apparel,0,12407.23
646ff8c1-f3ac-4329-bae3-d3fc11cfce35,19.72,15.15,16.89,2851.48,fragile_liquid,2,4295.26
d7c8dada-eb11-4087-9f98-4196ee89e333,11.2,14.59,6.5,611.17,fragile_liquid,2,1209.47
204fba34-2e01-43bd-be1b-a1c8fafa13d6,25.5,22.33,16.93,1373.85,standard,0,9305.88
8201bfc8-0a0a-43f5-8d97-70244c674842,37.65,24.39,12.57,2804.47,electronics,1,10969.03
649d220b-b5e7-4941-b1e8-95cf07d9ea6e,16.03,12.84,22.56,2611.74,fragile_liquid,3,4551.65
ea87c64f-6064-499e-9302-80d64c056ffd,14.17,8.04,18.52,1253.12,fragile_liquid,0,2180.77
d08f95c0-c7cb-42f2-b914-b5e4a3cdf9a6,51.32,27.78,24.65,5188.56,standard,0,40905.27
45e77030-9274-4ac6-aa84-e2ce79deda19,15.95,16.46,13.99,517.16,standard,0,3780.32
1ca5e536-0b87-4d76-94f2-c78034838292,43.28,21.21,25.31,942.73,apparel,0,21266.82
c19429dc-c777-46b7-8868-066359ec2dfc,18.68,37.81,25.37,2654.47,standard,0,18908.36
1300e054-0f0a-48fa-aa01-75a2fca5edf7,10.2,18.11,15.33,1568.38,fragile_liquid,3,2303.22
cce60275-821d-43b3-a477-c87fa9e18927,30.56,12.09,9.46,901.75,electronics,0,3372.01
b15022b2-1ca8-48a9-8df9-dc89723a2dde,19.06,15.75,3.33,197.84,electronics,2,1049.08
ca354bc8-cdc0-4bc3-b8ed-36bcf83d409b,25.96,22.81,7.3,978.03,electronics,1,4600.13
cffca229-572a-4c3d-b6c1-b30095d398ff,13.57,12.02,17.58,1583.98,fragile_liquid,2,2599.34
4e4c235b-606a-4edd-a40c-c1378ff18cb9,7.57,5.49,7.34,277.63,glass,3,357.83
1bd04380-21af-4be7-9f67-aa5dbf24be69,29.65,11.96,21.26,326.37,apparel,0,8070.21
4b05bc37-baed-4048-aa2e-ea870b360605,26.4,21.47,8.66,1301.77,electronics,0,4926.08
0e1d7954-6e56-42a6-a8bf-0113b2038c17,13.01,15.16,23.86,2481.91,fragile_liquid,2,4949.47
94f43b08-e418-4982-a2e3-02979625cb8b,27.89,12.35,19.13,916.8,standard,0,6115.02
9bc5b91d-fd59-43c8-8b37-fcee83c528ec,15.18,18.16,12.04,1842.87,fragile_liquid,3,3439.32
f7a60b19-64af-44e0-bc94-ea0368bdd286,19.13,5.46,10.65,603.33,fragile_liquid,3,1039.86
0c38e280-32cb-47ec-87e8-401a9d4ac18a,33.61,21.98,17.34,2000.14,standard,0,13290.82
60cd4a65-db71-481b-b3b7-dfcbd7445a96,39.47,30.06,16.74,3113.92,standard,1,17180.52
8eb11a05-7d7e-40b0-8d3c-f4315dcac238,34.92,31.82,15.69,681.64,apparel,0,16147.0
718b39e7-baa6-4ac8-bf95-01b18dbfcb93,37.35,20.65,8.51,1067.11,standard,0,5448.27
685bfb02-71d5-4f33-808d-034ddffb7f9f,45.23,29.42,9.13,430.05,apparel,0,10434.17
8c7efe21-424e-4589-9d30-d10a35db5f05,10.02,9.36,6.68,385.91,glass,3,610.73
24dc4a0b-9d2e-4a62-bf6d-15a54454ee90,24.94,31.19,11.74,1469.49,standard,0,9364.91
5eaa7f24-2830-4406-ae99-867989369c55,32.36,21.29,9.0,1594.52,electronics,2,6853.28
7ef0dd5d-828d-467f-b87f-bc73e7c63977,12.05,14.78,19.08,1848.93,fragile_liquid,3,3637.87
5c65f188-2948-473e-b746-6eb122c55a1f,28.67,17.34,9.98,1010.39,electronics,2,5112.52
7c8453c7-00a9-4967-8362-7bfd645e18f2,39.36,13.03,14.7,1833.85,electronics,1,6642.1
5169f188-c287-4f34-acc7-57c9a058881a,19.06,10.45,18.22,1998.18,fragile_liquid,2,4378.98
402bb2a8-be5e-4db8-94eb-129a32ab2e92,50.49,19.43,8.4,1139.02,standard,0,8802.89
2ef54a8d-c03b-41c4-b0f1-9fee5f611b2d,26.74,15.54,6.6,590.44,electronics,2,2882.81
8f0fbb49-0e00-49ab-abff-40cc3f4d5014,28.75,25.85,6.72,1178.51,electronics,2,4318.01
2e82c71e-2437-4ce2-9c15-1e6cf32fcb08,19.91,10.39,17.24,1988.06,fragile_liquid,3,3826.33
823e7d98-1d81-4d26-a9ef-0df18a238f25,15.05,11.01,15.93,1412.86,fragile_liquid,3,2348.54
d1162747-bf3e-49d2-beb9-c1f78f3a9507,40.02,17.08,14.12,412.25,apparel,0,11967.88
876f1824-a9df-43c0-b4fe-5f66be5e05d5,12.71,16.17,14.33,1641.38,fragile_liquid,2,2816.91
fbb3c2c4-72e1-432a-9bb8-baa7f7060dcb,24.74,7.23,9.92,370.11,electronics,2,1551.49
52c94042-9992-4b7f-a788-646cdb07ecc3,47.86,36.85,8.59,652.11,apparel,0,16073.78
0db641ca-e76a-4c5d-9b4b-9b139afb93f3,31.18,15.59,7.61,602.46,standard,0,4359.71
d3380fd2-eec0-40d6-a380-1b654c406908,30.81,24.16,17.54,2088.21,standard,0,10792.71
e5b05326-6a89-4c2c-ad67-f6ce53c4e689,29.99,25.26,16.46,479.21,apparel,0,11465.68
c8d68ad2-8246-4dc7-94b0-2eb6014922df,18.09,36.4,19.11,500.33,apparel,0,13878.29
54502030-7aa1-4783-a0c2-50eb1f8d64f7,4.46,12.37,20.46,649.74,fragile_liquid,3,1052.03
265c8527-f1ad-4dbf-862b-0d016ffc9d52,44.23,24.12,8.0,388.45,apparel,0,9385.65
70e876db-64e3-4bba-94e7-68bd06f17dfe,25.04,17.66,8.55,756.81,electronics,2,3753.26
821d7b30-841a-42cc-a202-060eca864f6c,7.89,14.04,14.58,990.9,fragile_liquid,3,1969.63
7ee39259-b848-42ff-88f2-b0aa928429fb,34.49,23.95,15.02,2005.26,standard,0,10706.6
459e5aaa-cb0f-4b53-a67e-15bdc5f9de72,53.27,19.19,15.83,652.46,apparel,0,16057.25
f8876039-e79c-40cc-b7bb-7333a4d8d380,39.0,18.87,23.09,2513.63,standard,0,17605.65
4bd54bc1-e708-43b6-87a1-494b58c86a9b,47.92,26.13,23.84,4439.36,standard,0,34961.84
cf1f887d-09d8-4566-90d9-ee7366199e7c,15.05,4.25,1.73,10.0,standard,0,91.41
0ec5aeec-25aa-46ea-912e-2dd03bcb76d7,12.54,8.31,5.99,311.78,glass,2,637.49
22bc9340-cf0d-4bdc-88dc-46d1da59bebd,33.22,24.34,11.52,2317.86,electronics,1,9384.83
2606c56d-1332-4a87-b46a-1774ba2628c1,31.87,25.53,13.85,480.86,apparel,0,10935.42
3b247950-9763-4884-a829-187cfecbebb0,15.31,4.92,8.63,345.92,glass,3,686.44
72c9c163-2963-4e79-a3fa-953f90f89c05,28.87,29.05,7.37,1467.43,electronics,2,6799.38
3fd87f47-de04-47dd-a870-52a5975627d6,59.98,26.51,12.22,776.27,apparel,0,19131.04
04663cda-8e15-4c61-82b6-fd3b6d298ff6,10.66,13.05,1.0,43.73,electronics,1,132.75
a5720b4b-1913-4a65-a28b-b65fbc8adbaa,9.01,10.6,6.69,399.51,glass,2,584.52
fe83e129-384f-47aa-9e46-4bde653350c3,30.58,14.26,7.98,697.64,electronics,1,3227.91
dfadfcb2-6d89-4f57-96ce-0e7159fcc18f,29.49,28.95,8.02,1634.22,electronics,2,8689.99
062a4073-c5b8-4700-98dc-6c321f904afe,42.07,29.98,3.16,229.56,apparel,0,4018.59
c527d08d-037d-4588-a437-e69e40afa586,27.35,17.38,17.07,2117.48,electronics,2,7823.07
04420af0-6712-44e6-a3b0-c90b88e65bee,42.87,28.15,8.97,474.73,apparel,0,11177.6
445cca63-6cde-45bf-b27d-6461e8dcde49,16.41,26.03,9.37,206.79,apparel,0,3666.17
b71aed4a-9e62-4556-858a-8bae1e41a168,33.0,2.1,16.33,175.41,standard,0,1081.3
11147890-b94a-4325-b723-ef0fa433b515,1.0,22.48,14.82,10.0,standard,0,348.38
66053276-cb4e-420e-aef0-b87cc7a3d751,13.38,8.16,6.77,439.8,glass,2,679.59
a4f86422-6d58-44ee-8540-2cc0d41e454b,36.49,22.18,11.36,1284.36,standard,0,9333.91
0e6c5715-a92b-43fc-9cd0-332a4d3750ab,19.78,8.67,23.84,2164.77,fragile_liquid,3,3794.61
acdacbbb-23c6-44f9-bba7-b609a23b6cb2,14.07,11.42,12.8,1142.03,fragile_liquid,3,1899.33
c5255276-c9c5-4e72-bebc-a38f3b5ee8c7,28.27,11.73,8.54,664.37,electronics,1,2999.53
d0574110-8fd3-45ba-8728-93c8e779eebd,30.16,13.19,11.68,138.94,apparel,0,5007.03
b0279a08-4c06-4d18-9d1e-7b7455b55776,50.5,10.78,29.14,2419.97,standard,0,16518.79
8b9c9fab-086d-4959-adfb-c616d7dda054,12.59,16.82,6.45,365.75,electronics,2,1108.14
1f076682-7ab9-41df-898e-705bfce81d48,36.83,24.02,9.71,344.65,apparel,0,7921.52
083e8723-9682-4750-8bbb-a3e9f7b1a09e,15.62,15.47,17.02,2232.99,fragile_liquid,2,4032.26
504ff0dc-4c50-4439-84bb-b7d16033d0d9,18.26,10.58,11.17,581.24,electronics,1,2478.03
1a9c72a0-8672-421d-9b52-d48cebacc9b7,31.08,14.72,1.0,81.64,standard,0,456.15
7fd4eac0-550b-445a-ac7e-aefca6ab82f6,13.45,7.38,4.31,180.04,electronics,0,462.13
16258ed8-fe6b-4a68-952c-99a19afa67fc,18.66,30.63,5.67,471.72,standard,0,3272.99
d91737cb-9fa5-4ffd-b242-a09955bac691,39.8,19.2,11.33,343.36,apparel,0,9805.98
010ffa39-0704-4775-91dd-a11d4e84a77f,14.41,9.09,8.08,658.1,glass,3,1230.33
ccd7cdbd-7a29-4541-8751-e721a1240523,33.49,43.84,24.0,1405.26,apparel,0,30710.63
7faa59e1-f8f3-4dd2-bc19-4364afcde2e0,11.69,12.54,5.94,551.61,glass,3,796.36
ffe52f75-6247-47e2-ba99-aee047726d12,23.76,16.2,16.19,1039.11,standard,0,5598.28
7e83958d-40a8-4a40-a67a-2fe6b9785b84,9.81,10.62,9.79,500.99,glass,1,929.55
9ae56872-5a03-4156-ada3-a2b9d2ca514a,11.1,9.79,6.74,510.57,glass,3,721.54
c9690a09-02b7-46ea-82ed-4a30df4d5e86,29.83,13.45,9.44,104.72,apparel,0,3834.15
0998d112-5260-4153-82c0-9ecdee9159d9,20.56,19.57,3.29,215.43,electronics,0,1494.55
f07f7319-2bae-4516-8c41-376e2f6624a9,59.19,36.64,10.23,852.59,apparel,0,23412.69
e268c8ea-31c4-4e92-86ce-1c48d469ce61,24.58,32.29,15.75,488.05,apparel,0,13466.89
f9bf2266-6938-4018-9fe9-16b46ea3db4c,41.82,37.46,9.88,568.93,apparel,0,14846.95
54fccf1b-bba2-48bd-a71f-dbf77de536ee,30.04,33.32,7.18,268.31,apparel,0,6710.0
7180d29b-2e4b-4e46-98b1-e7c874d91888,13.12,9.59,11.69,937.89,glass,2,1538.3
73b7778f-28a4-431f-9d0b-f035e656f7e4,29.56,42.94,6.67,312.71,apparel,0,5937.91
a579510d-bc3f-4d15-9739-dafee4298f92,36.92,26.47,12.95,486.27,apparel,0,14610.53
67732591-db91-4eed-af68-2e07100a3f31,40.48,28.05,17.63,808.39,apparel,1,18757.3
98537db3-2d19-4de1-899d-48fdb71b2944,22.88,23.51,15.38,2230.59,electronics,2,7564.02
74dff461-38c8-4545-8783-44b20a64c173,8.29,16.17,17.85,1281.28,fragile_liquid,2,2412.55
c223ec91-93d4-42cd-b7cb-93183ba1f033,14.27,31.15,4.19,556.83,electronics,1,1902.38
fcaaf931-4271-4295-90d9-34d5b9cd62bd,42.08,29.49,6.67,332.22,apparel,0,7710.85
dee550d1-adeb-450b-b606-b67245a268b8,14.83,10.15,16.39,1374.69,fragile_liquid,3,2564.84
062fd6d1-32a3-401b-9604-a7e1d572ade0,25.75,17.81,10.53,1188.43,electronics,1,4424.42
06cc4b06-b459-4c45-8063-96dafcacb537,19.54,23.59,7.73,824.82,electronics,2,3585.33
3612b60a-49c6-4c80-8bbe-b9feefd71658,18.18,21.29,10.3,188.72,apparel,0,3647.94
07f32b9a-7435-4a36-b5d9-30d4f95c96c8,8.43,13.98,8.83,663.53,glass,3,1091.39
8a5dbc6a-0b8b-424b-a381-b00162c2b5d2,35.97,30.74,8.55,436.96,apparel,0,9975.52
130da39f-b622-49b2-a4b8-ea6271d88df8,19.51,13.08,22.47,3189.98,fragile_liquid,1,5169.36
a36992ce-b002-4a96-9dc0-17a44f4f3b9c,41.8,25.48,20.67,797.76,apparel,0,24861.87
8c3a75c2-4454-48e2-8202-15ec265aaec6,37.98,12.37,1.0,130.75,standard,1,508.54
fcf38aed-aded-412f-87cb-38487804fb8e,9.54,14.5,9.35,741.0,glass,2,1231.16
3af78cd4-8638-451b-a2a0-b25cfbc9a7ad,27.08,30.12,9.95,269.07,apparel,0,8203.97
46929f33-902f-4c8e-9b10-8be798bc90e4,38.19,26.35,7.5,305.03,apparel,0,7275.98
b91a1a23-86f4-421c-81e4-8c7d418c4bd9,15.71,9.12,21.49,1748.04,fragile_liquid,3,3376.86
6121b217-16ba-458a-a619-ee42219ac6fb,34.3,25.25,11.81,467.98,apparel,0,11314.88
610d521d-b145-41b1-864c-7be4e5ffa0e6,34.34,16.01,9.16,1432.53,electronics,1,5543.59
439a48ef-098d-4880-a46e-53e4210444cb,33.63,23.02,23.02,2586.62,standard,0,15378.05
1dc8291b-fdf8-458f-974a-5c54e0b9d330,25.19,24.46,1.0,60.72,apparel,0,684.7
b7b68a0d-8971-4af4-a717-53b86663ee94,49.46,30.0,20.21,4642.35,standard,0,24148.73
a23c5fd5-1d18-4950-b183-6c2d679f3856,4.21,21.45,22.58,479.29,standard,0,2179.48
6dc83542-2ca7-44a3-8cc7-04eecf7847ed,38.36,39.42,15.1,901.62,apparel,0,18104.1
a33e9db4-5cd4-43f5-b217-e749327dc096,35.02,19.52,11.09,1985.05,electronics,1,7201.01
42700c02-ea40-4ab3-821f-0ecbaac97081,19.87,9.12,8.13,299.89,electronics,2,1264.24
fae7f839-fac2-4b6e-b1e8-e119eed77285,12.91,8.58,10.5,623.88,glass,3,1190.0
0568f7ec-f440-49c2-b9a4-9b7a80374085,18.39,18.35,14.23,1198.39,electronics,0,5077.62
bd959dcf-5d19-40e5-8f43-247c17259849,36.03,17.37,1.0,10.0,standard,1,699.13
6c820401-da79-4d38-adf7-df141a2eb2ff,13.24,6.32,7.62,458.85,glass,2,744.99
8aa77a50-eac4-41c7-8f92-fe59a788d6b6,26.66,13.25,4.33,387.46,electronics,1,1405.11
547e01f8-7e3c-4c1b-a941-b245ac495cfd,31.59,27.74,11.52,2496.05,electronics,1,9594.88
5cdd5443-49a9-4c75-b925-dee7be0edcbe,14.73,9.91,5.29,512.83,glass,2,770.74
17a82697-6042-41d2-b6ea-6337ea35cf62,45.56,9.09,16.21,305.33,apparel,1,8476.47
a3b742e3-b347-4f2c-a8d2-105ddce207d5,14.02,11.62,23.43,2074.95,fragile_liquid,2,3954.28
e64b92ba-2f2e-4b73-8a97-b0aa6ad9151e,17.32,27.72,7.29,965.86,electronics,1,3276.61
5c2bea24-c25b-415a-ac17-57908306dfab,34.52,34.32,12.39,581.96,apparel,1,15975.79
00dd11df-2d01-49dd-b969-02fa0b1957c4,20.0,13.37,8.16,505.52,electronics,1,2304.82
e1109671-f600-40f3-9aa8-5883fa6295c9,59.55,25.68,12.66,2887.4,standard,0,21516.7
bb219269-ded8-46c1-aec7-2f529dbfdf3a,30.6,31.41,13.31,514.58,apparel,0,11699.42
7f13acda-1dfe-44b1-ad89-476a28b94cf2,9.86,8.97,8.05,391.35,glass,3,698.08
879355ea-6569-4f3d-8f73-04a788358558,23.31,9.98,10.45,245.75,standard,0,2445.85
c74b2a48-bcd4-49a8-8926-6f53d9d27575,37.21,18.24,17.29,1812.12,standard,3,13343.99
2df43787-6d3d-4f01-9598-c36b89966a58,5.89,24.56,10.26,125.87,standard,1,1500.54
ab085db1-4077-4d29-a378-826225e4064b,43.9,35.82,26.25,1644.3,apparel,0,48295.83
683b8e6a-4255-403f-ba9e-3d5873b7c048,45.3,19.15,11.94,1643.03,standard,0,12277.72
e26032a4-f337-44f6-b2d3-8035d9473aad,27.12,12.12,5.32,46.96,apparel,0,1617.47
f5887be6-9e27-4504-8950-f6ee5f221a1f,31.76,19.84,9.42,1461.36,electronics,2,5790.58
8739e41e-215f-4777-8cea-dc3eb83a8d17,28.73,24.47,8.8,1561.73,electronics,1,5907.39
c1970b66-6714-4343-88a5-815c45f47dac,25.77,21.59,19.55,1385.37,standard,0,8022.66
9faf96e2-8e21-4523-8178-be3bdbd95bed,14.97,11.21,10.27,1063.06,glass,3,1564.84
5b82c438-3455-4d6a-acef-01e642e3e709,15.16,19.46,7.25,466.17,electronics,1,2292.78
fc040ca5-8135-4529-a941-6ad7d3e8a8a5,14.56,18.02,10.04,741.29,electronics,2,2661.28
23db9975-2250-44ff-97e3-9192283af7ef,7.53,14.39,22.75,1290.44,fragile_liquid,3,2150.21
ebf21f9f-227c-4578-9f9b-92a484e8feb8,28.78,29.49,5.31,862.44,standard,1,4476.37
0266c277-fb41-4ab3-b936-f8138fdf13ff,31.38,15.16,8.51,1110.62,electronics,1,3405.7
8d5b6c62-1f00-42f4-8b98-ac83d02aaa89,10.76,9.95,7.81,469.7,glass,2,722.33
43ca0a5b-ca13-47c0-9dea-98d88178d39f,57.14,34.79,16.72,1334.7,apparel,0,31768.52
5381dd42-3d97-43bd-aa5e-e7e14db840de,26.49,34.04,16.34,608.22,apparel,0,14994.73
383065e3-81e1-44ae-a165-464440affb91,28.72,10.64,9.35,852.42,electronics,2,2788.0
da997f41-44b7-4130-8a89-14266b7f3c1f,30.56,18.85,15.91,1288.45,standard,0,6926.05
465b06d8-cf8f-425f-aa0d-72a7ff3afa0f,15.72,14.58,15.82,216.06,standard,0,4016.58
e9d457a0-92f4-4c0f-a560-ffcbafe5ab55,31.63,40.15,10.26,522.59,apparel,0,13648.61
7537d550-9d26-49eb-bd49-32715d0ebb6c,14.32,12.24,14.97,1503.55,fragile_liquid,3,2910.02
2ca87d3a-7cbb-412e-b0f4-cf25394adb48,28.58,20.48,16.42,1455.35,standard,0,10128.36
f62f8d6e-1260-4f5f-9c73-ea10f6113a07,25.86,14.19,8.06,734.52,electronics,1,2731.81
00091436-7490-460e-ac89-e677bac57c30,12.42,9.79,15.84,1032.51,fragile_liquid,3,1991.86
4856c10f-ac22-47ac-8f9c-490748592a15,12.85,14.84,14.55,1481.22,fragile_liquid,3,2448.72
47af78aa-a183-42ac-81cb-419a806fed94,29.55,27.89,1.0,96.56,apparel,0,942.26
29eac3b4-0793-4109-a92c-9a3019608fdf,13.2,27.74,21.85,1141.39,standard,0,7979.98
dfd491b4-be40-42a1-a455-be657fe2e07e,20.48,35.54,11.18,2018.69,electronics,1,10551.68
3c6fd1e7-a20f-487c-8bc7-fc71e30a738e,23.13,11.64,22.87,3288.16,fragile_liquid,3,5774.8
c2880de9-6793-4327-8c5d-23e257a35599,6.73,11.27,8.52,382.14,glass,3,614.35
f125660d-112c-473f-bad6-c99a7890a039,37.43,34.62,11.16,543.23,apparel,0,13947.21
bad6ed24-625e-4767-856b-2cd08346246b,39.2,22.83,9.46,2020.06,electronics,0,7552.03
be8a0a3c-cc17-4aaf-8ac6-b9a35587e6b1,25.25,26.64,7.25,235.93,apparel,0,3433.1
9d9af187-0b9a-42e3-a4d7-8e045630d2e6,54.32,21.21,11.16,1889.49,standard,0,12535.93
a570730c-1a40-4566-90dc-8effcb343b6d,35.68,27.74,8.32,1995.72,electronics,3,7999.92
aeeedeb5-27cc-4b64-a3e3-78878b46247b,15.38,12.77,15.54,416.56,standard,1,3326.73
5970e7cf-f6a0-4a76-8c0e-73e0fe75a3ed,20.92,10.0,11.35,517.89,electronics,1,2322.26
98f3ef2c-a394-4510-afd6-2df984620bd3,14.35,10.38,21.3,1831.94,fragile_liquid,3,3118.1
47f12362-1b20-48ef-ab7a-6c394a36c00e,26.2,42.94,18.01,3198.18,standard,2,18569.75
e2b64112-e254-4589-a5a1-82418bff339d,52.04,27.05,6.4,323.88,apparel,0,8534.76
e08b229c-e140-4ef9-a1ef-ef478de65373,20.65,27.27,10.08,992.47,standard,0,6500.75
7ac3f742-82aa-487b-be10-a08a8ee31c2e,5.31,8.68,14.22,387.18,fragile_liquid,2,662.63
87ba1357-58a2-468e-a458-51ff626218cc,14.35,13.46,11.0,1076.41,fragile_liquid,2,1981.84
7ddd7420-d6f9-4332-8a5c-da7635b529e9,7.2,10.91,6.98,303.57,glass,3,624.29
a99663df-9c60-45c6-849b-b27053bdf1f8,20.57,47.84,11.15,1667.48,standard,0,10485.95
3edef5a0-5753-401f-a365-4f62c15f1e52,13.32,1.0,23.44,111.59,fragile_liquid,3,250.98
889d868c-cb1f-40be-a6f0-d196b3fc2ee2,32.24,34.28,18.17,855.96,apparel,0,17301.14
fd7ae981-c73c-4722-8779-0eaf2891edc7,25.19,21.56,10.99,1426.45,electronics,1,6030.51
f02a1e4f-a9e2-465d-b2ae-04007a4bfb04,14.33,10.66,14.41,1236.39,fragile_liquid,2,1965.95
6dc80b4a-12c0-4a67-a358-ff11c65200b8,35.39,28.37,12.35,1915.27,standard,0,12347.62
37dee633-7614-4198-b0b4-2b1fa734f4fd,42.4,17.35,9.63,1099.21,standard,1,7127.31
a4394e1f-31b8-4c3a-a4a9-3ece65779ac0,27.48,8.99,10.68,71.71,apparel,3,2481.12
2d75c266-3922-41ef-a85d-30f25e2f8d4b,34.62,18.43,12.08,1957.32,electronics,1,8784.61
7bc51d03-8d0a-44ad-a0de-d88b195f03c6,22.5,12.12,18.53,2842.33,fragile_liquid,2,4999.79
11188449-3f08-4f77-a3d9-6583ff55ccc9,29.53,13.61,7.74,825.59,electronics,1,2995.58
d7e27486-b96e-4481-a3b6-2469e18c1049,33.28,18.05,20.1,1799.2,standard,0,12346.82
ab69b68c-b558-42a8-9359-e0835016dad5,17.86,12.44,17.4,2108.08,fragile_liquid,0,3962.33
6bdb369d-f8c9-41bc-b12c-4cc14004f980,45.39,24.43,1.0,17.05,apparel,0,1181.22
b481633b-3917-4838-adec-bbc07dd2731f,20.01,43.71,10.23,333.42,apparel,0,7687.91
15937850-e42e-4d25-a568-9f5952efdf2f,17.07,13.02,9.11,383.11,electronics,3,2096.14
22281808-89be-43d7-9ac1-d71341b700f8,27.18,16.55,5.81,604.93,electronics,1,2826.87
978836a5-618a-4815-9fbd-ce49af576af8,10.71,9.75,21.25,1153.91,fragile_liquid,3,1880.73
a566f4f5-8e84-4895-bacf-914f23e709ee,32.66,25.19,9.48,362.22,apparel,0,8320.13
55a04768-ddb5-48ba-8c82-9f03e19d970a,33.8,17.45,10.63,1545.19,electronics,3,5029.41
09bd0e3f-4d0f-431a-947a-8b1f8393fd2d,31.76,42.86,21.99,1200.15,apparel,0,32370.51
7772ed3d-f488-4066-8224-86b0ea6692e0,40.28,8.96,17.09,240.05,apparel,0,5040.5
18e48adc-80c8-43eb-a59a-72a2950637fd,15.62,6.4,9.74,471.61,glass,3,1148.64
41aa60e4-abd6-4c95-9bb8-d25d0c2d9a41,6.32,26.89,16.54,535.41,standard,1,2532.79
e80cfc35-d32c-4f74-830f-5f29a4d5beb7,35.36,30.32,15.61,690.7,apparel,0,16783.3
88f710a2-ed03-497c-90bd-06cf7bb487b6,24.32,13.88,20.74,3855.2,fragile_liquid,3,6745.12
d8d6840c-226a-4c75-931a-0e801eb1b450,22.57,19.58,18.29,1080.2,standard,0,6647.36
cdbd7bc9-f243-41f2-a6ac-b5f2b2cbcd8f,38.75,8.96,13.15,1064.6,electronics,1,4624.44
032a4e2a-01b9-40c2-9cea-55739cb5a71c,17.06,31.08,14.41,994.16,standard,0,7836.08
45f8a312-03a9-40bc-85b8-484bfed86a16,16.96,12.86,17.83,2091.54,fragile_liquid,2,4231.74
eed4ff62-207c-4e64-800e-ecb6b3e8d841,17.6,14.17,11.12,754.96,electronics,2,2460.33
04a87f68-ef53-40c3-8a9e-4e07077114ad,20.24,39.07,1.0,10.0,standard,1,647.19
7d9836f4-7e57-4324-8e81-6bf4c868a4b7,20.56,22.87,26.02,1872.04,standard,0,11223.85
128a28fd-53b1-4617-9236-e336e6b3ec54,30.82,17.48,6.34,108.31,apparel,0,3558.07
651389bd-9b55-4101-9332-57133241c980,20.53,14.74,15.13,1308.91,electronics,2,4473.56
512610c6-19be-4020-9c87-286f2134562a,30.35,19.72,3.37,445.86,electronics,1,1900.93
f2e74cf1-1acd-4f35-8dbd-d35bab29bbe0,19.19,9.97,17.76,1873.24,fragile_liquid,2,4101.74
ef9eb85f-a2f6-42b0-8eb7-05c7a50220fa,24.39,19.0,16.72,1781.52,electronics,2,7130.47
aa8ee89b-b098-4e4a-a39a-f6a24c52fd7d,11.83,8.04,9.75,484.04,glass,3,987.99
83d51302-7a19-4c86-9fe1-97f873626400,50.09,20.4,18.36,714.44,apparel,0,15475.1
f698a5da-4131-4602-bda8-e98e1710016f,26.35,19.25,11.37,1457.7,electronics,2,5053.87
018521f7-acbd-4f7c-b7bb-c60ee1790cd8,51.85,34.59,17.81,1235.26,apparel,0,32211.74
3c001ea4-1f43-4704-bae7-a0e0a725a74a,17.43,12.0,11.88,529.81,standard,0,2706.54
c3a51020-064e-47b3-9868-d372dde48d00,30.2,19.36,5.59,89.9,apparel,0,3563.25
1ff75bdb-776d-450f-bcf4-7a2490a72c47,16.83,10.98,13.59,388.68,standard,0,2507.74
9875572e-a875-4837-ab0a-d63761a19c59,33.23,35.9,14.22,674.14,apparel,0,20385.26
85dcc6db-d4f7-46a5-89f7-62a614cacc5c,13.66,12.25,28.65,2609.63,fragile_liquid,3,4672.65
e73ea05b-a1e6-4848-8dd7-40c40e0fa483,14.85,25.75,6.34,300.61,standard,1,2483.53
63bd3f5d-04ff-47af-aa92-dfb4e303b9bf,26.86,42.19,1.0,38.1,apparel,0,1175.53
09dcb565-6860-4294-a920-d1661ca86ea2,18.49,15.86,9.27,520.77,electronics,2,2647.35
aa4aa1d3-f593-42c8-ae35-471467ef346f,23.97,31.41,18.29,1903.8,standard,0,13218.9
701489c8-e53a-4df2-83bd-d6a656812620,18.84,10.76,10.24,1254.18,glass,2,1932.44
03a0a181-9601-4448-8b89-74ea202b505e,33.16,11.16,11.43,1020.64,electronics,2,4371.99
e6af2499-6d22-43aa-a031-e1b75d339e13,13.03,3.09,7.56,232.26,glass,3,300.99
ad74baab-4d58-4d93-987a-16e745915653,10.95,8.38,8.91,534.48,glass,3,660.9
274150a4-d61e-4967-bb3f-562d018f17ae,11.93,9.99,11.89,803.55,fragile_liquid,3,1312.96
34e0a69b-0f9e-4557-9e34-aa6a4557393e,23.82,23.75,21.09,534.89,apparel,0,13289.46
acfdc2d7-fe26-439f-b16b-aa5499c7d71e,19.19,13.56,17.24,2407.17,fragile_liquid,3,4174.78
81b217eb-a94d-4b23-8c32-e012e239c764,29.1,12.66,8.6,170.67,apparel,3,3249.62
9dfe141f-2ad0-4f56-a10f-df5f6e44f055,24.08,22.34,6.52,895.3,electronics,2,3493.8
08c7ec05-7a54-4e89-8834-ab39a3c76195,40.01,17.28,4.12,419.94,standard,0,3169.21
250703ca-cc50-4da9-95e8-c240b3e19cbb,22.63,12.93,9.48,511.95,standard,0,2951.85
436a73e7-5cca-4443-b731-81c30fe00a7b,33.39,10.37,11.08,1029.5,electronics,2,3861.18
d2c214b1-1aa6-4634-97dc-e5dd89dad205,20.02,1.0,15.29,10.0,standard,0,283.03
7bde0b74-59ed-4b78-a1d4-bd3af463c854,31.69,19.43,9.4,945.84,standard,0,5448.13
376f1938-5918-45f0-8e70-06a5349c1d57,13.42,14.1,8.19,853.95,glass,3,1798.82
ed2cd7c8-460c-4686-933a-2719ff7b108f,30.87,20.73,9.85,1511.3,electronics,2,6080.27
112ebd20-0b2d-4375-9f0e-c239f48b2260,13.56,10.51,11.7,1019.55,glass,3,1839.73
e3b15aae-3c5c-4d8d-96f0-77b78115130d,17.57,11.82,24.47,2785.25,fragile_liquid,3,5776.56
8c9b14c0-4370-4f9f-9d2d-a770b20e8426,27.11,19.36,14.59,2002.98,electronics,1,7652.88
7ec2cac0-f333-47a7-aec5-0d7c186bb8fe,35.72,36.45,11.86,621.45,apparel,0,15057.71
7c66cbbb-5b5b-4097-b453-bbc0b8a6ad00,10.45,15.36,10.29,820.02,fragile_liquid,3,1571.22
adb40516-9daa-481e-90e2-14b89d817207,14.84,11.37,20.86,2013.2,fragile_liquid,2,3564.72
1b23ed2a-801d-4acf-9648-74b330bdd811,32.63,19.41,11.31,1838.17,electronics,2,6839.69
5262575f-096b-4f6c-8e0e-30f9301c0ef4,22.97,1.0,25.35,92.14,standard,0,550.02
9a81e0ea-2543-45a6-a8b0-74ea5f2b6737,22.7,11.22,5.36,408.73,electronics,3,1269.71
e78ad8fb-e098-4a66-a633-545733284087,29.43,14.5,13.91,293.72,apparel,0,5046.11
8068cd28-3a96-4bf3-bff4-c90d140243b9,50.01,18.52,17.53,3969.97,electronics,2,15211.51
ed7c55fa-ce97-4555-8f78-46c173860127,6.35,13.23,4.2,120.35,electronics,1,373.0
349c422a-f28c-4985-b735-7480d1f1ce08,27.9,27.8,5.53,175.56,apparel,0,4334.8
ddb14ae2-3fd7-4e30-8f13-0c9b23ea614a,16.72,12.4,1.0,113.64,fragile_liquid,2,217.8
62562ebf-8f39-4f40-99c9-75609e6c00bc,33.61,10.36,15.23,1465.39,electronics,1,4210.78
430802a0-a03b-4da7-a621-f9a25d0263f1,17.6,6.76,16.11,1060.6,fragile_liquid,1,1942.14
18cb6723-3a4d-4736-916f-c38f791771fb,7.28,12.15,9.17,464.37,glass,2,801.8
1b2a2819-3ca3-4adb-a6a3-7a844b45b2ec,18.82,29.9,16.08,1378.3,standard,0,8897.39
fae8a427-efcb-4420-a6fe-8940dd5225ea,11.35,7.47,6.08,279.5,glass,2,575.21
e3107df6-a512-4254-ba22-766e6b9614b0,21.89,19.74,19.08,2016.59,electronics,1,7823.95
af0e0efd-5ef0-4fbb-9ded-a3d2e3ec075e,20.93,19.26,9.68,1089.12,electronics,1,3811.59
d5989cd6-ed35-464b-aadd-721a75096e32,29.99,19.9,5.84,551.28,standard,0,3319.39
83f60ea7-dd54-4ecf-9d88-9fab2aaa5cfe,13.32,5.07,9.3,356.89,glass,2,703.62
e191d754-8461-48f2-ad22-2dd1d1097f7f,12.67,10.82,8.47,720.23,glass,2,1025.24
c2048cc8-a8c9-47f3-9426-f2a58f78b6eb,13.79,9.89,15.57,499.89,electronics,1,2077.23
a5e4c679-5b05-4cca-98af-8735657089bd,39.68,34.74,10.81,572.62,apparel,0,13840.98
46088d69-3807-4e0e-96c9-5b661ed1b147,17.77,22.83,4.44,515.44,electronics,1,1891.1
85fd988a-6335-4a6d-97ba-96955c24a3e7,37.84,31.23,9.31,458.3,apparel,0,11132.63
ee47ee12-8965-44e0-82b4-13c21dcfbaa0,23.11,22.6,19.83,1577.01,standard,0,12762.2
e3cb022f-6e2a-4928-816a-c0ad1239deed,30.36,10.97,14.06,1164.55,electronics,2,3718.03
e59b9fb2-fa81-4c8c-8463-68f58a748672,25.74,37.89,14.57,550.32,apparel,0,11865.67
1bf24d66-8b3d-45f9-bb86-8676bc1689d3,20.29,23.6,12.7,195.82,apparel,0,6646.69
f4b72f6b-f1ef-4feb-9989-d42057fd9aac,17.33,14.99,18.13,2534.43,fragile_liquid,2,4824.56
ea656c07-bd46-477e-add4-e6302bc294c7,12.25,11.52,9.85,758.75,glass,3,1650.46
1f31e477-1183-4a6b-ac54-c53957718823,29.21,21.61,13.45,2162.2,electronics,1,9332.77
b28c411b-2e88-4fef-8682-e0c65fffb06c,19.77,7.85,10.41,891.2,fragile_liquid,3,1720.24
59e64160-92f5-40d8-b88a-aec9c752da46,27.4,10.01,8.5,568.28,electronics,0,2460.74
1b3a79a7-7ee5-452f-b461-5131004cee5a,16.54,9.64,12.87,1152.43,fragile_liquid,3,1933.12
717a4fe5-9eba-48fb-ac60-f42b7de7073d,31.29,14.61,13.82,1543.61,electronics,2,5861.97
7bd0cb98-5e61-46b6-98a9-0f35b65bfea1,40.92,29.77,13.87,2719.73,standard,0,18332.71
7a4aaed2-7ef8-43c7-a315-d7b2d3781e2d,43.36,29.01,10.55,566.31,apparel,0,15335.74
74a637eb-8a2c-4a76-97ca-650587645d80,43.86,16.38,16.97,3002.5,electronics,2,10401.58
b20f0ff3-e2e1-4159-8dd2-cdb053acaec2,17.65,11.92,11.01,1173.5,fragile_liquid,3,2610.88
ad482967-6ecf-4ec2-886c-0781a204be20,20.18,30.77,11.43,280.45,apparel,0,7627.27
e23647f3-1609-4f19-957d-1eccc25f28a0,19.0,12.01,19.72,2470.25,fragile_liquid,2,5127.15
3b22c3f9-bbb6-4088-b008-d584da63d783,33.91,21.42,17.64,476.51,apparel,0,12730.27
79611e86-ebc9-4090-8f49-c3bdf6ac0f5b,60.53,24.74,19.67,4277.74,standard,0,32489.49
0908c222-2954-4a7f-bdd1-12e26504a4f3,30.83,2.98,26.91,411.75,standard,0,2050.91
ee14a972-93ed-42bd-9428-108b4ec996bf,27.1,9.73,10.99,773.08,electronics,1,3135.57
68de20d9-4b45-4c6a-b4fb-e0795d047f2a,19.12,7.78,17.16,1335.97,fragile_liquid,1,2605.63
86b042a7-f405-49d3-b4b9-980af82f1819,12.28,13.49,17.03,1525.57,fragile_liquid,1,3124.4
ab60ad79-b300-493f-834f-ac3774091c1d,47.02,26.55,4.35,258.14,apparel,0,5342.12
a5af0524-2d88-4f27-ba89-fe6eb2f0999b,14.33,9.9,7.02,554.03,glass,3,1174.89
e1592604-1c68-441b-a898-bc6e584ea038,28.05,14.34,10.85,1060.12,electronics,2,3728.02
ae66b2bf-ed69-42e6-9ec9-424517cf58dd,11.56,13.22,31.54,2632.76,fragile_liquid,2,5489.69
824fd8f5-614f-45cb-b434-9f3fd3580a2f,15.8,7.62,24.84,1728.01,fragile_liquid,3,2842.61
ec0b062e-c49c-4721-8280-e2324e941850,41.02,15.63,23.87,2381.85,standard,0,18317.97
de8609ce-2e2f-4db0-8c07-94c951eff69e,8.09,5.04,4.23,202.23,glass,2,199.29
8306429f-a37d-452b-85ee-f460fa65ed18,17.68,15.32,21.75,3257.17,fragile_liquid,3,5671.93
78ba63c6-6d5f-46ad-84ed-1a2c95181d61,32.75,20.95,3.63,253.06,standard,0,2160.54
6af3e089-95e0-4fa2-b075-7b34753237d5,27.85,45.98,11.99,602.65,apparel,0,16646.91
e6a1b48a-83bd-4245-8871-9c147dcfb43e,38.38,32.17,13.36,691.62,apparel,0,14405.37
300158ef-87c1-48a2-980f-d2e3c71751f4,22.22,29.08,6.18,179.85,apparel,0,3815.17
bf1e5082-4409-4d4b-926d-03c58b7bcfee,47.99,19.69,11.43,1519.93,standard,1,12315.76
ee9e140d-388b-46cd-85ba-9b6895e5edd0,29.18,16.24,15.14,1892.44,electronics,1,6940.75
fd5f9c0a-ae89-4f14-b641-809f41fa725d,6.97,11.43,17.73,697.45,fragile_liquid,3,1405.5
572b824f-3e56-4461-b1a6-269be09d3671,21.7,16.19,11.34,841.83,electronics,1,3988.71
5b6c6db9-94be-4666-b333-80ab70343e9f,18.65,31.16,2.18,185.9,standard,0,1190.94
dac887e8-de9e-4528-be34-d9362fc31edd,20.09,11.22,17.11,2202.99,fragile_liquid,3,4216.06
118a814f-039f-439d-89d4-84aaa742c924,11.21,7.53,6.47,403.71,glass,3,554.32
b786a975-9cc1-4512-a018-4d26a00ac02f,13.95,12.06,10.32,1036.49,glass,2,2059.6
7da65121-7594-40df-b63b-f0a25b6ad65c,11.38,14.33,13.27,1229.24,fragile_liquid,3,2199.87
b600229c-79fa-4f38-8d5e-0f36c79e37cf,47.77,19.95,12.7,491.14,apparel,0,10574.37
f80e1996-65de-4a52-a0ea-2528da951b1d,32.23,25.54,9.92,302.53,apparel,0,8638.96
ca2b175a-9f23-49d8-96b5-06770245d5a3,12.11,10.41,15.41,1040.2,fragile_liquid,3,2024.12
9048156d-7d69-4b9f-9de9-f3388fd012fe,11.34,21.7,11.31,752.13,electronics,2,2871.97
f6f28970-eba3-4841-9bb7-482f47367eb5,8.6,9.45,8.42,492.48,glass,2,592.84
7ffbbf19-3125-44ed-aeb5-e3617e953fcd,7.12,14.04,18.4,1056.14,fragile_liquid,3,1769.38
afc2dbe6-e20f-4c17-82b1-6f175a9f6060,14.62,13.81,11.96,1303.46,fragile_liquid,1,2434.91
b1c5ea5d-0202-4c02-804c-9da25e89d7d2,20.78,20.34,17.46,1057.17,standard,2,7970.77
33edfd08-0724-4656-805b-8db785866d92,51.55,11.59,15.86,388.86,apparel,0,9418.61
ad51de22-4e07-403a-bf58-efacedcedeba,49.66,26.98,14.32,792.26,apparel,0,23017.9
e8e1d1f1-165a-4c4f-81c4-10b946d981d5,29.96,16.17,26.74,1936.58,standard,0,14710.73
e1a0f2af-79de-4ec3-8047-9565ba824fcf,32.84,15.18,8.29,954.6,electronics,1,4361.94
ce429628-b5cf-4372-822b-e5f8a1d9e8ea,47.58,32.89,19.8,4656.9,standard,0,31774.26
3af9eeb7-c71c-490c-8cca-89023cdc3b05,29.64,29.78,8.87,1333.55,standard,0,7943.65
a43ee391-1ae0-4663-9ad3-88df7fcbd9b6,12.63,10.18,8.23,634.58,glass,3,970.22
4575262a-6dd6-43e8-8978-0c7022bbfa8e,12.12,9.23,7.9,550.26,glass,3,1018.36
393ba4b5-8651-4f9b-be0c-39ca5d6be09f,32.19,32.64,11.79,506.11,apparel,0,13636.04
5beec940-a3f1-4163-9881-31874a05f68b,34.24,17.78,10.88,1747.68,electronics,2,6624.86
30e6ff53-5f5c-447d-863a-f3ec6e1223cf,39.08,26.38,17.31,725.65,apparel,0,17829.1
d39dc71b-00a9-4b7f-8862-0ce6c47ade76,34.01,17.41,9.02,1331.93,electronics,2,6212.07
455e2dc2-3888-4177-92e5-e1b1b9fa21b9,13.91,23.93,12.32,956.2,electronics,2,4225.24
0f0946da-7516-4d42-a554-3748f8ed4cc4,33.99,38.92,13.08,685.15,apparel,0,16479.12
5ab7a683-6646-4c8d-abc1-87899a56459e,19.23,24.58,6.7,848.78,electronics,2,3309.4
56a2815f-9804-44b9-9aa6-c5f1af0db723,14.72,9.9,14.47,1178.62,fragile_liquid,3,2171.64
ba5600f2-4fc7-43bb-914c-9a9c9e80a1ce,25.42,19.85,11.28,148.24,apparel,0,6088.98
5e57cfc2-5f8b-4a4b-90de-7ea698cb8326,36.95,22.26,13.82,531.97,apparel,0,12145.64
29037e14-4ccf-4dd6-9898-ef166af171e9,15.41,21.19,12.02,966.77,electronics,2,3496.91
dac5b140-7e3e-4fee-909a-907dd177840a,36.22,34.63,12.01,597.93,apparel,0,15298.23
a01914f5-86fa-4fd7-b689-bf39a9aca588,20.46,30.51,17.58,492.46,apparel,0,10472.78
241c26b5-ebe9-4ef7-9787-c3f8129b918d,11.45,16.0,17.0,1697.35,fragile_liquid,2,2977.56
e5d9e2c6-3c3a-47ad-8dc1-2cb57931e49d,7.87,10.97,9.14,465.02,glass,3,860.58
91ad5915-3c39-4d52-b9ec-9c6075dcda00,25.05,13.96,1.0,215.1,standard,0,352.67
1b584bbc-567a-4ed7-bc82-93bb94a1b34a,34.17,14.02,4.64,595.81,electronics,1,2284.54
e52760fb-5d5b-443d-bcae-0f85dce4f7dd,30.73,9.09,6.04,286.17,electronics,1,1864.43
f41bfd3a-c268-4b91-8dcb-5e875147afe9,37.51,27.92,11.0,463.55,apparel,0,10491.22
18fbc3a3-e639-49e5-b4e9-f0de31f0b5bc,5.52,11.87,15.86,540.87,fragile_liquid,3,1079.81
5b89c757-1bba-4eb3-ae93-719e422ef0e0,15.73,12.6,7.56,881.91,glass,3,1554.48
39bcaa69-cd71-426a-9f70-886b55b915db,41.29,10.12,9.63,434.65,standard,1,3692.1
9a99f113-ee1d-4f7e-b329-a32584dc22b7,39.42,22.0,20.7,2750.95,standard,3,17552.16
3a5e4b9d-37ba-4186-bace-33bf8ed476d3,14.37,13.98,8.71,1067.71,glass,3,1412.86
96a1c2c7-1246-4781-8490-8df579f81959,36.16,18.21,13.33,1455.83,standard,0,8337.59
e9c68a59-82b5-4d99-af95-992ea03abcad,16.4,10.26,20.32,1859.57,fragile_liquid,2,3006.82
3ee9b68a-399d-4aaf-82c5-4902b55981c2,27.93,20.68,19.47,2673.27,electronics,1,12061.31
35ba16fa-f124-4cb9-bef7-b80eb37dbf6d,27.78,31.28,15.57,528.44,apparel,0,13958.0
163549b9-bb11-4d95-8a72-8e602bbc8229,34.21,32.69,7.36,309.87,apparel,0,7342.5
a0f9767a-617b-4049-8fde-7331c93f5ba3,20.82,14.85,6.21,282.92,electronics,1,1787.73
e011ea3a-3e74-4f70-962e-1d8c48340116,13.49,9.97,9.54,791.75,glass,2,1320.33
505ffe9b-d75d-4711-bddc-cfdee01c00a7,8.33,10.62,6.55,272.69,glass,2,583.33
dadec9ab-a0ac-43b2-b860-a10141b5b43f,11.01,8.98,9.95,639.04,glass,3,877.67
0aeb33d5-2a57-453f-b269-b35b405b99c2,11.12,7.12,8.16,392.2,glass,2,655.82
da64d1f4-fe16-43cd-ad86-768d2a0e4ee8,41.52,42.4,8.76,599.69,apparel,0,15704.5
f1f6e41b-a1bc-44dd-8f93-5054126239d4,18.92,13.9,18.15,781.36,standard,0,4726.81
8b6aa8f7-b99c-4f2e-af50-cb4c91a6aad9,28.06,27.01,10.52,343.37,apparel,1,7035.74
804eacc9-91f7-45e2-be9c-2afb11b17f2f,16.08,7.27,5.31,428.17,glass,3,749.91
43d120be-ea4c-4dd5-b29b-ee815b44f27a,47.81,28.65,15.69,854.25,apparel,0,21559.53
ed8066cf-cf97-4ed2-ba33-9570135ab815,30.58,23.13,7.28,1232.48,electronics,1,4745.16
7dea607a-da0b-4499-aecf-0eacf7bedfa0,21.82,11.34,17.03,635.72,standard,1,3975.18
04bd425a-5618-48b9-9ac7-47f9c4b0e0f8,14.06,11.39,3.09,121.9,electronics,1,490.23
b10b044e-8239-4a5c-bdb5-a3c0e465756e,41.51,30.05,2.46,298.78,standard,0,3480.58
9dfd726b-0b7d-46c8-b0e4-e5b9570115ad,34.87,27.36,18.28,684.29,apparel,0,15562.0
6dd718d6-1847-4f76-a18e-5ebf906a1739,40.34,32.15,7.08,372.8,apparel,0,10591.49
542abb21-3dd5-40e4-a67b-0781af71c690,28.45,14.05,17.0,1576.37,electronics,3,7194.58
da12d940-f8a3-4b2a-9c43-da676c4a04d0,28.29,14.64,7.74,129.7,apparel,0,3365.72
ad8a6318-2c87-4775-b2ae-a1c517fcc049,45.1,32.65,9.25,1842.86,standard,0,13846.44
bfe95a49-c862-4f16-87e0-0b1efd0faeaf,14.01,11.0,8.29,753.78,fragile_liquid,3,1415.73
e73cea61-6599-47ae-b0f6-1acdd8cfd0f6,46.91,29.28,6.67,397.3,apparel,0,8322.33
2c77d331-2549-4943-b1d2-84bb52c71bc7,12.69,24.64,5.25,326.7,electronics,1,1582.17
6fdfd1fd-6c02-431d-b817-684559561665,47.44,27.18,7.48,378.78,apparel,0,10049.69
0c6d0fc1-2fbd-4c5f-b3ce-97167e352577,12.77,8.11,14.29,858.72,fragile_liquid,3,1510.16
55f1640f-7e49-4300-857e-c238852ab5a2,45.27,10.89,10.1,769.24,standard,1,5475.63
3c4fbda3-f830-4212-bbea-71a2509dab5e,49.28,37.19,4.67,339.79,apparel,0,8243.1
71e43568-2b67-4d5f-80b2-dcff6f24f280,24.39,18.72,9.45,1058.46,electronics,2,4107.08
7bd07442-e246-4dd4-bdf4-353ec5ea1b0f,46.59,16.53,16.3,497.81,apparel,0,13881.29
f2f23b62-42c0-4e3d-be54-d69c37a4a878,15.47,13.7,5.84,802.49,glass,2,1392.82
a739ed3c-96bd-4cef-802d-fe60e67edcc7,42.44,22.87,14.77,542.25,apparel,0,13837.81
2678abc0-6d11-4805-9f59-89d59536e9a4,31.69,10.13,14.09,1130.13,electronics,2,4354.85
f81e865e-4c72-448f-99c4-8f080bbb2e5d,17.95,19.8,10.42,932.8,electronics,2,4087.44
ca847fd6-8de5-4036-850f-523e26a3db9b,40.79,14.45,13.15,1686.7,electronics,2,8028.31
bc5fe4c9-dc14-4861-88c5-5606387d9d08,24.78,13.84,10.5,872.06,electronics,2,3558.57
8bcefb51-3020-46fa-971e-67b700918189,25.17,33.94,8.62,281.36,apparel,0,6887.91
8a24702d-a4e0-480e-849f-1a1260146a71,24.98,25.34,4.29,584.83,electronics,1,2650.19
9cc130e6-0d85-494f-b400-b468307971e8,6.43,9.33,18.01,599.75,fragile_liquid,2,1025.06
1fef0339-901a-49ad-b42a-fdd96de17644,40.23,30.88,19.8,3728.77,standard,0,26237.32
7a60a017-fcdb-4893-bdc2-74e76e435a66,16.79,22.04,21.02,312.25,apparel,2,8308.09
8e6a05b3-3b48-43f7-8411-23be401d43c3,15.83,13.08,10.72,544.82,electronics,0,2179.86
d6e92392-ed59-435c-9fb8-e26765ddc4f8,11.82,7.65,8.83,504.28,glass,3,833.04
bcab6d4a-947d-4ae5-980d-0068beddaf52,28.53,31.04,11.67,2589.43,electronics,1,9875.79
8d494440-3e0e-4cd6-b5fd-5e62b81e4241,12.41,18.21,1.53,71.42,standard,2,387.32
24707a3e-6a31-4edb-8f9e-e64f8b806605,12.56,14.24,9.1,839.49,glass,2,1464.04
744e3130-c4a5-4f2b-aafa-975003c1619e,27.42,25.49,9.13,1667.28,electronics,1,6723.12
00dc9297-dfca-44bc-81ed-da1da848cfa3,29.04,22.64,17.09,2883.3,electronics,1,11298.38
52f69899-aea4-4fd6-aba9-424802baef8a,48.9,40.84,9.81,838.88,apparel,0,20704.68
53e82cec-057b-4f18-9a0d-b74dbaeeb3e8,23.97,17.93,10.32,1205.14,electronics,3,4907.75
bd0b938a-7fed-417d-b466-315f472058e1,11.27,7.96,7.57,441.12,glass,2,626.69
d7c4effd-aa81-4e1e-92eb-75becbe7db4a,8.95,8.21,18.33,711.67,fragile_liquid,3,1422.36
51a6a8d1-015a-4d53-aa90-7c8cd8d6ec62,12.24,15.94,28.52,3080.0,fragile_liquid,2,5646.03
bceb14e8-c382-4db0-9900-bf72bac298d7,20.63,19.19,8.67,799.02,electronics,2,3201.1
142cae8b-5981-478f-baab-ba8241c6b147,41.61,23.21,5.03,703.05,standard,0,4721.99
b6af5dc7-812b-4ab7-9c35-606148dca41a,23.68,28.3,10.43,1886.63,electronics,2,5475.81
eee33a4e-5987-4d71-b3ed-26d5740fc613,20.97,16.62,23.46,1324.44,standard,0,8542.95
9ecf91b5-dfc7-461c-94f3-c4dbbd53dc2e,36.51,39.73,9.81,562.9,apparel,0,12839.82
c4ce1799-c9f2-446e-8d07-00af7a2a0611,26.65,25.64,14.3,1477.86,standard,0,9595.17
606f56ca-df8a-46a8-aec8-e3c032c61cb8,32.2,41.29,16.92,868.43,apparel,0,21714.35
9bd3a7be-ed51-42d9-8f1f-00f3fc4d04df,20.54,11.65,11.92,712.77,electronics,1,3399.23
c6beee38-ae66-4b11-8b57-1afe2914f27d,40.81,40.11,18.17,1156.74,apparel,0,29005.62
0dc25f85-2f4c-44d9-bb95-42fe95b5f813,19.23,33.29,13.67,1275.14,standard,0,9445.6
7c20d089-901b-4b42-a7a7-f6b412732843,13.66,7.34,7.98,428.22,glass,2,747.58
35f5d448-5fc3-426a-b5bb-bb0746f4fef6,24.98,12.81,9.77,772.25,electronics,3,3569.51
8fb01c14-7813-447d-b444-2c4221e2a575,12.83,7.69,8.14,450.93,glass,3,851.61
d66b789d-83a1-47f5-8dbd-c1c5ef567465,26.5,28.24,11.31,1238.63,standard,0,7306.38
d24879c4-edd3-442c-9912-1fe6786b0037,14.19,9.92,13.43,328.36,electronics,1,1783.78
cffb1214-2bae-48d6-a1d9-a42499594ef3,7.96,32.14,11.95,411.19,standard,0,3707.53
e295cec2-87be-4169-a445-a2e262c2aedc,29.32,8.15,5.47,349.78,electronics,1,1305.95
d58f319c-a5ff-489a-b476-a8f62d323aaa,30.24,18.61,5.24,661.68,electronics,1,3122.07
b2bc79ce-a948-4083-b13c-d16fe2e429ae,16.94,9.4,21.99,2055.02,fragile_liquid,1,3403.06
08ec0714-8615-44b3-8df7-c5af5dc26d7d,31.63,17.64,11.65,1471.55,electronics,2,6339.46
924cdce8-2ec6-46fb-99bd-6fdc9b28a172,38.07,9.64,29.92,1603.37,standard,3,11241.29
22620086-7be0-4852-a958-3f1124f38d5b,22.95,19.52,9.45,885.67,electronics,1,3907.29
1231bf2d-4083-4eed-98b9-dbb396e3ef30,14.84,11.98,10.81,1119.92,glass,3,1877.76
e9acf29b-c3b1-443a-8dd7-9ef311b5de40,25.72,32.2,16.61,572.31,apparel,0,13014.16
b5dff581-8292-4541-816a-830eae0df7a3,9.4,9.3,7.37,326.36,glass,2,552.29
8c89ddf7-2d83-465f-bbb7-517209154841,43.87,35.75,14.82,922.67,apparel,1,24296.24
80e4b35e-cade-46bc-bdcb-6341323a0025,24.47,12.86,3.05,157.34,electronics,0,928.63
62f26937-eeac-4242-8a72-7636e51b6a74,53.36,26.16,14.62,2981.72,standard,0,22409.69
affccc6d-b0b8-473c-9107-3e8d7805c5fb,11.99,5.39,6.74,292.93,glass,2,404.78
120d0c15-0a31-494e-8a41-c18d3ee4d376,16.41,21.4,6.24,580.91,electronics,2,2028.44
e107d7b8-716b-4e93-8185-62b3858273ef,36.95,15.12,18.61,1442.11,standard,0,10057.65
05cb6fc1-9a54-421d-96ee-7f469e6030f5,34.13,35.85,15.76,734.91,apparel,0,21530.22
e149dfab-56e0-486a-b331-d54b6acc1363,37.57,19.16,8.84,218.16,apparel,1,6853.58
940795a2-0456-42d6-8e2c-d1dcd8924120,47.11,23.99,16.35,691.92,apparel,0,18001.39
6e602fbd-e6cf-4669-beab-b13bba22450a,17.22,11.88,11.02,1368.4,glass,3,2567.46
d52e2543-2839-41ef-af11-268173a5d455,44.73,15.74,9.18,255.61,apparel,0,7042.25
3eb4c464-8e32-4459-9110-b001e8c2fa82,49.69,23.28,15.86,730.31,apparel,0,21210.41
790487ec-4246-4381-a22b-d891fa00cd48,16.99,8.68,12.94,1001.95,fragile_liquid,2,2115.56
0fa64aeb-e333-4191-ba92-2728030ca445,31.36,10.13,11.55,875.44,electronics,2,3004.23
ea8b00dc-f796-4eac-871a-bdb50b8bdccc,12.53,8.66,7.74,471.16,glass,2,682.08
ba874ecd-aa3d-4ddb-a64b-1c2301a19576,9.32,6.86,14.36,489.88,fragile_liquid,2,923.19
81c5fcb1-c299-4bdc-9f56-a290b4c21a5e,12.61,22.05,5.33,537.24,electronics,1,1544.56
2f2b85b8-91bf-4778-8685-57694e520968,34.94,17.12,21.07,1966.9,standard,0,12032.1
8f440eb2-f169-44fc-bb04-358643acc3d8,8.64,15.48,13.68,1092.47,fragile_liquid,2,1818.11
ff574a3c-7009-4e58-b293-736d348fba11,18.42,27.18,28.35,2160.42,standard,0,13010.92
d04ecaf9-6093-4792-8345-27a825416ef9,13.32,9.98,8.28,658.14,glass,3,1160.75
d8dcf606-9c0e-4b1e-88f9-86a4e4769f6b,37.85,31.66,11.98,602.7,apparel,0,15880.16
baf0c2d4-f878-44df-be0e-e96f73fee4b1,33.08,22.09,4.6,887.7,electronics,1,3543.44
eebca78c-7ca7-4f08-b73b-c22a2ae84052,15.36,13.66,23.68,2773.43,fragile_liquid,2,4759.82
4a6a5398-0176-444d-8355-61a1685ff990,35.62,19.25,23.13,2407.38,standard,0,16135.56
777b3708-a3d5-4f47-a95b-abbe886d6156,20.0,19.08,13.36,1302.02,electronics,2,5288.4
0b1a8c34-124b-48df-a1af-6a928347630b,33.37,11.84,9.85,491.5,standard,0,4379.02
7c52992e-42b6-49bf-8c29-c817cd7d07c6,27.75,19.24,19.14,2634.33,electronics,1,9975.31
2d9222f2-77f1-4c02-baa6-b19eaab6bf96,24.97,14.25,16.2,1508.4,electronics,2,6173.38
aba0ea83-47ad-4053-9958-226fe93877f6,26.48,19.56,16.56,1509.63,standard,0,8335.37
e7535019-aa08-4c57-9b7d-9a375853ea2d,24.25,33.42,18.46,641.69,apparel,0,16476.91
003ce6e6-69d8-444b-9850-bf1cba8d1db2,17.09,14.04,12.05,1611.13,fragile_liquid,3,2832.53
cb86ab0d-3876-496c-a6a3-5f733b558c72,16.86,7.97,23.38,314.33,standard,0,3387.37
6595e8cb-fd05-4b30-ade1-9eba73b29b30,26.36,28.43,11.49,373.75,apparel,0,9534.76
fcf8e5cd-ae44-469f-96e3-420718a8175f,23.42,22.3,10.84,1374.84,electronics,2,5500.64
2597aeb1-662d-4255-b956-145d4c97e784,51.91,37.65,14.18,1099.17,apparel,0,23262.2
acdd178c-7668-4179-b4cd-daab92a07363,26.85,28.71,4.01,141.07,apparel,0,3206.22
110467d9-acc7-42bd-8c71-519d1df985e0,8.97,11.24,10.1,558.96,glass,3,1191.05
86b9aa0d-8703-4d5c-a970-2d139ccd1f36,21.69,18.01,18.67,1062.24,standard,0,6945.01
4ab3ee3c-8572-40b1-983a-7f997e874827,33.4,25.69,12.48,464.61,apparel,1,10119.04
bc66c45c-0133-4418-b058-a0abcce142e6,14.15,13.95,11.91,653.04,electronics,1,2376.18
315da5ee-228d-41d1-9034-551dbfe96390,24.72,8.63,8.51,418.61,electronics,2,1999.84
82bb2eba-8de8-4b96-aca6-6df69336f6da,35.21,29.59,11.99,480.23,apparel,0,12933.28
a8f51e83-2c6f-4232-b96f-7c98e5da935c,10.43,5.98,8.81,119.01,electronics,0,531.35
d1444157-d1a3-48f7-8f04-ed75ebc41b57,14.61,5.55,8.97,301.71,glass,2,791.13
97cc3a09-af7f-447a-9f69-dd642d39c63e,21.5,7.65,18.36,1646.57,fragile_liquid,3,3232.54
9dc35170-cb6d-40ee-9121-01738d792a0e,10.42,11.83,7.03,543.94,glass,2,871.12
f9c9bf43-346f-4321-beb9-a9cc7591d125,12.46,28.54,18.89,280.89,apparel,0,6876.12
37401ae9-2a61-492e-8e61-53e22b98002d,19.51,20.44,6.08,86.92,apparel,0,2537.19
143aada6-b63b-4ba8-b79f-c0f67d05aa65,14.51,15.4,8.03,1032.01,fragile_liquid,2,1624.18
0eea615a-3c1c-486a-9489-5fcd5b9d5911,28.49,15.4,15.86,1791.16,electronics,2,5826.17
f53e80af-4c84-45a8-8c55-8bd25c234de9,13.38,31.15,15.26,955.81,standard,0,6226.47
100512d3-c085-49c5-b519-9691d05d249b,43.6,22.62,29.77,4396.25,standard,1,29269.86
a24639cd-6fd0-429c-98ff-b00eb016d9d1,10.27,10.7,7.39,435.32,glass,3,774.17
d3162d82-39ef-4ad2-bbe6-4aaada42c3d2,42.55,27.74,21.51,1044.03,apparel,0,20806.7
a15e4a6d-85b4-4e51-9271-9046dd032d5a,13.39,8.34,6.15,471.66,glass,2,713.44
2a377c4e-c8b2-466b-bb00-636397b02c9e,23.1,15.65,13.44,177.71,apparel,0,5696.95
69264283-3183-4a6b-96d1-9b83bba86a42,34.47,32.21,19.35,868.86,apparel,2,23140.56
0b21ac88-2c46-4716-bac2-5bf6a515559b,18.14,15.63,13.05,922.07,electronics,0,3764.58
c6f2e5eb-7808-4102-8482-3f092264c2df,10.89,12.62,7.7,364.12,electronics,1,1280.8
c42b53d9-7699-41cb-b097-184dc4ea573e,33.87,13.62,13.71,1505.54,electronics,2,6806.42
f1211bbd-ee87-4c68-946d-6a7be821b72e,14.04,11.38,9.78,943.81,glass,2,1691.35
b9727439-c57d-4168-8a09-98a530f6dc66,16.61,12.42,5.46,735.71,glass,3,1189.62
444a4aad-edad-4610-8257-35e8435373c3,22.09,18.47,8.89,767.57,electronics,1,3296.72
a8dfa344-0635-4518-b0eb-c70b26ee1682,16.48,9.24,15.33,1286.98,fragile_liquid,1,2154.91
e17cc078-eed6-416b-9b49-f32b77bd35c5,8.33,11.26,14.88,765.12,fragile_liquid,2,1343.47
c049669d-409b-4e79-bd7d-93e62978fef8,43.05,35.03,13.72,811.77,apparel,0,22692.83
bfde1a55-85cc-48ef-a3c2-4471364855e6,27.75,25.36,19.52,532.68,apparel,0,12569.1
b08108ed-769c-4eef-8557-d13038f40e99,7.49,10.63,5.62,289.93,glass,3,481.44
2029e823-bd48-4d12-9d20-63416ce90702,22.16,12.74,4.16,103.48,standard,0,1088.88
569ed1dd-7a43-4d27-b903-7195aa573cbf,10.43,8.15,4.53,282.08,glass,3,381.1
ab08c107-82bd-4771-a918-cac1ea9857f9,45.2,32.73,16.05,907.58,apparel,0,22069.55
b58afbfd-db42-408b-ab42-f426efaf84fc,16.5,16.82,35.16,1483.07,standard,0,12178.81
83da8267-9667-4f47-9cf7-286800b2c3eb,30.23,19.91,11.57,1725.29,electronics,1,6789.16
331a073b-5db1-40e0-b499-36f52b61e565,53.31,14.54,16.12,469.05,apparel,0,12269.07
8808b59c-7cdc-474d-81ba-fe4736f16b76,20.69,30.16,1.0,148.44,standard,0,605.24
9e8dc063-2224-4488-90ef-e3b2b1fe4e95,53.62,25.08,9.12,1997.91,standard,0,11715.02
18acd584-8b5c-465e-9833-901e84a0919b,62.61,26.0,10.62,664.65,apparel,0,15884.11
41584e37-4f5b-401b-8372-7bc3b3691fa1,27.32,21.09,21.65,478.53,apparel,0,13991.87
c5a55a48-94a1-41ed-b3c0-74b1fb678afd,49.23,24.8,14.63,774.3,apparel,0,17849.26
fe553b32-98a1-47bb-83a5-057e7be4563c,13.19,7.74,6.07,391.05,glass,2,604.8
ce563361-2dea-4ce7-b365-1d8a20e3bb90,13.27,23.39,7.32,582.59,electronics,1,2539.55
388d9e7e-854a-4cb8-8454-937977434a3b,45.29,36.21,15.43,3826.56,standard,0,23492.95
cee0065d-6fda-4f6d-821d-cade06adf6ea,13.06,24.05,10.83,192.94,apparel,0,3554.07
dfc13062-5b1f-4172-a21f-c908fbb155c4,35.18,31.47,3.61,135.46,apparel,0,3364.88
8c98ff42-957d-4710-867d-19701318b4e4,14.26,8.55,28.22,1771.83,fragile_liquid,2,3068.81
403ae2de-7db2-49f1-93ce-041c12c7f161,13.31,11.25,8.12,679.55,glass,2,1337.66
8d0e0455-0e6d-48b5-97b2-9a79b339f954,15.38,9.65,13.17,1172.52,fragile_liquid,3,1588.67
3d9f934d-5a91-4b8b-94bb-c2d1a1921463,18.39,11.68,8.97,1146.33,glass,3,2225.0
111f7792-a8d8-487b-a96f-1e760a74f191,8.97,11.51,18.38,1088.53,fragile_liquid,3,1817.32
fff828dc-7eb1-4722-bab0-948ec70009cf,18.21,7.82,8.88,360.69,electronics,1,1298.91
b2a5b10a-321f-4c96-b576-461e742869bf,29.04,16.83,24.08,1770.46,standard,1,10884.28
6ea398e8-ce80-44eb-b026-bdfc1f0eb96b,12.82,13.22,8.75,928.47,glass,3,1661.97
a6f1e374-648c-41c6-9d88-e368de0b37be,7.59,10.71,6.95,354.31,glass,3,605.95
65536ebf-99a5-48bc-9893-9409f9118b39,10.36,7.91,13.81,652.16,fragile_liquid,2,1202.97
ffbb21e5-d528-42b3-9b65-5eaeb2d30ed1,42.3,30.68,7.95,1592.8,standard,2,9638.4
67acc954-b653-424d-8286-381c3631c667,40.13,22.28,12.88,1715.38,standard,0,11108.92
b1a3ac26-894f-427d-b8ad-e2bd9c6c6d09,13.71,11.52,20.28,1743.63,fragile_liquid,3,3347.64
5680ab91-89c2-4f1b-8457-b5a0bcd98eac,29.46,36.09,21.44,954.85,apparel,0,22501.39
73a50e52-0f7a-48bb-8467-dc0b4b5253ec,44.01,30.45,17.81,3604.64,standard,0,20528.4
b2619f84-a3f7-4679-9968-5b08a8ee1ecd,44.2,13.89,18.19,455.73,apparel,0,12459.78
cd99314e-0a14-4685-8ca1-22ca59bf36c1,24.18,13.58,9.71,865.57,electronics,0,3202.02
346be013-2603-454d-884f-8fadad308907,11.32,10.73,4.81,271.31,glass,2,524.34
27f2998f-e55e-4287-bb85-f6216b149afa,13.19,14.72,8.92,1015.32,glass,3,1715.02
7d6990eb-ebbd-4561-9050-128f14f78d7b,30.04,13.73,14.14,1400.38,electronics,2,4774.22
46f78845-a5b1-4cd8-b1b3-d219e3349090,15.04,9.64,8.79,782.93,glass,3,1128.07
76934379-f819-40ff-9358-e5babfcd52d4,15.05,13.65,19.2,2238.93,fragile_liquid,2,4349.18
8ddb8879-123d-4598-b3b4-ee3662881208,23.13,18.21,1.83,85.7,electronics,1,691.07
6dc28137-ccc2-4704-87e5-8bb755878d11,29.35,19.62,10.93,1654.48,electronics,1,4840.76
0c50b573-47a6-45e5-9f35-f1a58754cc8a,18.54,14.54,22.69,3423.75,fragile_liquid,3,6791.46
ddea32a5-49dc-463e-82d8-831cfc4cce15,10.16,9.7,9.67,569.26,glass,3,904.6
382538c9-abb2-470a-8cb4-d8de9dda08c7,38.14,34.77,2.09,44.49,apparel,0,2706.63
3eae6e19-32d9-43bb-bf1b-63501fcc335e,42.29,27.32,13.66,582.83,apparel,0,17703.92
9ca89a14-f1fe-44cf-adb9-3c509fa3ca76,12.52,15.51,18.41,1997.97,fragile_liquid,3,3028.51
e744021b-d137-4197-8037-ed821ee22d95,22.34,13.95,16.37,667.06,standard,0,5324.79
692afe12-6bfa-4033-8319-d46f31d9dd13,35.89,23.4,20.08,684.6,apparel,1,16063.12
b6bd4c7a-2696-4c38-aeb4-9a1740980e5a,28.17,23.56,15.42,1501.33,standard,0,10154.76
ff83cd34-b002-4e47-a3e3-fbb1bf3d2036,9.28,21.87,15.02,858.92,electronics,2,3167.32
71e4bcc1-f595-4a91-9da2-a6f05f30e9be,23.98,26.33,8.42,1305.18,electronics,2,5603.06
1ba64171-d084-41a3-89f6-8a1d59d3243b,25.89,18.26,9.13,1075.99,electronics,0,4265.51
02702206-04b6-4838-87a6-ecc0831b7a74,23.67,16.68,7.5,804.81,electronics,1,2508.28
41a7994c-5db8-405a-9c9f-7205748a8a7f,39.79,20.48,8.94,334.41,apparel,0,6649.58
08b8c431-399a-46c3-9940-cdf024a49bb4,33.29,23.78,14.93,481.02,apparel,0,11326.76
c64e02f1-70af-40b8-b9cb-9af201dd7936,29.11,27.3,15.62,1858.85,standard,1,13733.27
ba43bdf6-6d90-4d4a-90b2-cfb46cbbb0d4,17.05,8.86,9.5,823.38,glass,3,1234.38
15de4f9c-5180-41eb-83b2-755eea0d1027,11.92,15.45,19.12,867.53,electronics,1,3344.65
16afd9e1-39d4-4c2c-a99f-5122b03ab8cd,28.96,19.8,12.05,1715.31,electronics,1,6217.54
9594e8c5-4f11-41bc-b0e2-1d014504e52f,15.89,19.11,14.73,1053.08,electronics,2,4588.46
f3f85ceb-d2b6-4236-a33d-ff88e116bb9c,42.14,1.0,18.7,10.0,standard,1,773.26
061efe95-14c7-4598-b04d-b4b29d6e7fbf,16.82,22.11,10.75,991.49,electronics,0,3859.01
86865b93-5513-4919-9512-3d94a1dc231f,57.79,28.82,6.75,453.8,apparel,0,11543.72
8000fceb-e735-4929-a5df-18843062579f,26.13,16.19,12.78,1339.4,electronics,2,5297.77
b6729060-99c6-401b-95ef-721b4bcc84d4,26.86,31.13,12.35,1641.84,standard,0,10600.53
3d9367d9-2587-43ba-833f-d372e2c5aad9,16.35,11.44,5.83,684.07,glass,0,1164.72
52304c0d-db92-4362-bca1-cd175bbf5667,12.95,9.46,5.85,542.13,glass,2,709.57
6671a1ce-1085-4546-9075-182250569447,11.16,18.95,17.08,1971.23,fragile_liquid,3,3646.64
f1978f1e-73dc-4d27-ba31-96dd077c2974,12.32,24.16,7.39,100.47,apparel,0,2508.54
4fb72bc5-a0ef-4abf-9cd0-c1bf8cede193,40.53,34.25,10.45,562.31,apparel,0,16070.66
fa97b7c4-1ff6-4264-8650-6a3e4c423b18,43.87,28.69,9.91,519.16,apparel,0,13780.76
016882f2-f958-42a7-a0a3-2aff822bfc7c,18.49,4.13,20.7,834.37,fragile_liquid,3,1668.6
8478e364-1855-44d4-87ee-c34f07477d9a,12.21,4.07,5.92,122.19,glass,3,295.65
048a1d7f-575f-4ce6-a73a-41ff350701a8,12.86,11.74,16.91,1391.65,fragile_liquid,3,2474.93
3c123a6d-2bf9-4741-a57f-3acd31da9f68,13.33,11.38,4.43,414.68,glass,2,775.02
3a1c5992-0b53-4818-ba02-3b506e8a42a6,26.45,30.1,6.7,1357.17,electronics,2,4642.21
86d20cfb-ac54-4a24-84fa-b359f73d16ea,32.96,16.09,14.61,274.71,apparel,0,8260.22
f76725db-c8d7-4d33-9dce-d4a3ed8d713b,26.83,37.72,12.32,2127.3,standard,0,11027.81
c0e64d1e-123a-48d4-959d-810f2dbfc06e,24.93,22.3,8.36,854.27,standard,0,4606.94
ca8bd707-d37b-4306-b753-be28b24fc11f,51.4,25.34,23.95,4534.1,standard,0,28977.84
0a3f6f49-0c4e-41de-b3a4-1a6ac6383852,3.21,28.46,7.56,160.55,electronics,1,738.95
d5d027e2-c297-478b-8d6f-663699a5027f,12.04,4.53,4.26,182.81,glass,2,232.61
9fb7cb6a-3936-4f4a-9ae8-3d10073dbf05,23.26,26.32,20.31,1835.88,standard,0,11230.41
3f8bb7a1-0772-4518-ac76-02b2fd035077,23.33,17.49,7.69,808.44,electronics,1,2866.6
e0a91991-1ff4-45ea-980e-6566a1e5d2e2,38.17,16.58,2.19,486.07,electronics,0,1274.78
57bcf491-f7d3-4516-b069-44097facd2f8,13.35,10.86,9.43,671.16,fragile_liquid,2,1194.49
7c351c56-8a19-44b6-a621-0b09ee019363,21.13,13.27,18.62,744.95,standard,0,4849.52
173a4564-5e30-46b6-a77b-4f4ec353a8cd,23.55,23.96,6.41,1012.61,electronics,2,2897.7
d0113a5c-621c-42d6-bba5-be454d9abe71,23.28,23.47,8.01,1058.62,electronics,1,4401.67
71c75922-f585-4db4-8ae3-1e60151b0c0d,11.33,9.96,6.75,398.34,glass,3,650.02
9da64e65-a9eb-4208-8f8b-59fc3f4cfb7a,25.36,23.75,12.29,960.13,standard,0,7313.48
e2785075-5dda-4f00-81e4-bd73c3c2e915,42.9,21.08,20.52,742.37,apparel,0,20345.19
ae59ecd1-026b-434a-bcb8-c86a213a8dc2,43.69,13.49,15.91,2423.32,electronics,2,9229.63
5ba3effa-4dea-4bae-9033-891e1c9ca41d,35.09,19.19,14.64,2409.1,electronics,1,10471.74
fed4c81c-d670-4f88-9ee5-7bb9383f3ef3,25.65,3.43,10.12,204.74,electronics,1,816.21
7f2eb3ef-5196-489c-8276-ad6064f91601,13.87,11.9,5.9,536.52,fragile_liquid,2,961.29
088cd1b0-de9f-49a0-8388-c3d0ef4e448b,41.58,20.97,20.0,2724.53,standard,0,17975.14
278a6dca-6769-4a8a-8a92-538e0827e8d3,7.07,8.4,9.91,385.44,fragile_liquid,3,540.96
077005f3-c1c3-4113-866b-bb5789a84e9c,34.06,23.12,8.08,1556.64,electronics,0,5340.29
ec7d31db-b56f-4d16-83a4-d27762cb13e1,11.44,13.96,7.25,796.66,glass,2,998.82
72dac786-38cd-4c0c-939b-9def981ef89b,35.76,30.42,18.14,814.33,apparel,0,19832.77
a0849f4a-075a-4f46-8076-020100281382,39.2,15.4,11.09,1557.01,electronics,2,7675.93
cb107596-75c7-4861-9e8d-d0ee449b7872,17.2,12.4,7.11,906.82,glass,2,1297.36
0b27cc64-fde4-44e3-8b3c-fe795643b1ac,23.52,24.54,1.29,219.15,electronics,2,681.89
09d4e364-c860-489d-a2cc-61e286b99086,21.03,23.5,7.24,697.67,standard,0,3749.38
0a672b63-d969-43bd-a217-2d6ff63cae87,21.9,24.78,7.64,167.91,apparel,0,4041.88
c129660c-64c1-4a88-832a-32360c4cdf6a,10.59,11.7,14.64,1046.23,fragile_liquid,3,1692.15
64f72c62-3a0c-4d50-b022-168706b1176a,21.08,14.86,6.6,543.85,electronics,1,2072.18
cb120ebd-e93e-4849-ac48-42e543d0d49b,32.08,24.24,16.97,2020.8,standard,1,13186.4
abdf3011-bff4-4044-a855-7b1b0ea0b099,24.86,13.18,10.71,939.72,electronics,1,4211.09
67bd1692-1664-485b-9594-ba4b398ea68b,13.49,11.12,19.94,1615.68,fragile_liquid,2,2484.82
53efe9ad-8a72-4e62-bb6d-90a8c9f7ebd4,33.5,27.69,16.46,600.57,apparel,0,17403.02
52ac9cb9-e65e-4464-b848-1c8a58515445,17.33,10.24,12.18,688.45,electronics,2,2454.16
35999200-57af-48b2-906d-b14630c95455,8.46,9.16,7.0,256.31,glass,3,445.29
036b2c94-cf1e-4ca5-b53f-b9f4cb6325c6,21.8,18.52,13.98,1347.34,electronics,1,6180.55
e2e0631a-1695-4f52-9212-cce4777a62fc,9.41,10.98,5.96,343.19,glass,2,686.73
c1656125-a2f4-4ae9-bdfc-66c44338f463,36.31,24.42,8.4,308.76,apparel,0,7460.5
a1880023-ed74-4a40-80c1-44305c120155,14.29,7.07,23.76,1241.26,fragile_liquid,2,2308.95
cd040175-dcf7-444f-822a-ab5a6accb9ad,40.81,22.07,5.45,893.55,standard,0,4893.48
c17b32f6-dccc-43cd-abb5-382d5ccdf087,14.87,27.29,29.47,1774.36,standard,1,14222.02
b2beb7c5-13f6-41b9-9fb0-cd9085880c9a,37.3,30.63,12.97,595.02,apparel,0,13999.32
c37a24e3-7303-448a-99ed-2e21c71dc02b,11.09,13.44,10.39,880.65,glass,3,1447.16
b8dd4402-9377-43e5-8b99-cf655e5ceff8,26.53,30.28,6.96,898.94,standard,0,5831.27
dcd9a72c-927e-47f7-9604-2067511d4d4e,27.25,29.26,19.01,606.58,apparel,0,13301.35
c98eff4c-34f8-4a2a-a21b-c185eaf377f5,30.56,48.87,21.94,1354.43,apparel,2,32766.93
53298cb4-604e-47ea-b2c8-b9d010488946,12.81,12.61,6.95,641.54,glass,3,1205.33
4fb44135-8172-420a-bc39-601c59668dc8,11.52,12.41,9.43,703.5,glass,3,1506.94
657b8148-257a-4243-9a79-da963cd3248c,11.62,10.72,8.97,627.58,glass,3,1059.95
87dd6bd4-3b7c-43d1-a96c-9b307603591a,11.09,8.24,13.35,741.4,fragile_liquid,2,1180.57
59e257c7-1563-43f5-bf0a-0d145dcbce18,28.68,13.1,10.54,968.38,electronics,1,3419.81
1a20b1cd-9176-4883-b295-7679c39a627a,10.91,13.27,11.12,1024.7,glass,3,1564.22
9473164f-e81e-4762-8275-5ac75abec193,14.69,11.45,8.03,750.89,glass,2,1406.67
1f8da78c-c090-461a-95f9-a29ffc7a2089,26.56,29.7,16.92,3376.41,electronics,1,13656.2
57e2eaa8-5c43-4848-b19c-550cfdfe983e,33.76,16.17,7.29,142.06,apparel,0,4155.03
67d1bdad-7a69-4b67-be40-61769cc07bca,9.71,9.89,6.07,346.73,glass,2,558.51
2c1470f3-b9ce-494b-812f-e0d7fbd4b1da,18.58,27.75,7.66,1009.13,electronics,2,3743.53
69047fd4-a44f-4ee7-9462-395ff86013d8,30.94,27.75,9.61,357.07,apparel,0,8273.7
a7d13f2a-e2b1-46cd-a985-031f0901180d,9.9,7.21,4.23,126.71,glass,3,294.31
e3af115d-6840-415f-bc41-85979564c166,25.59,15.65,6.31,641.27,electronics,1,2719.72
5879017f-609b-43c7-b6a2-ae5597a1e7e9,54.39,25.6,17.94,3764.3,standard,1,27917.27
565de839-97d3-4b30-bead-1a6f20cc1713,40.8,25.32,15.59,2371.56,standard,0,15054.14
5a47f36b-9f49-47d9-be8f-47e0ffee3a99,13.68,16.56,14.36,424.79,standard,0,2884.35
6671cfd2-81c3-4aa8-a8e2-717881822f51,37.93,30.19,16.45,769.3,apparel,0,16596.65
fc9e473e-bf49-45f2-8430-d6378e2661db,31.64,20.1,18.54,1704.41,standard,0,11483.15
ef7161b2-6022-4257-8b0d-8e7e743ed031,3.11,26.55,36.2,533.52,standard,0,3418.15
76dbf14b-9ca9-478f-bfb7-f67ea3548dc0,16.3,16.02,14.19,136.26,apparel,0,3640.26
42385b92-c05d-4409-ba34-48467ab59223,40.55,26.95,4.5,222.95,apparel,0,4706.1
d3202ba6-0377-40aa-815d-3bbb4fd2c961,7.04,12.05,8.9,452.94,glass,2,846.7
50d3eea8-5218-4cf8-adb5-8f6500ce0735,36.27,44.64,19.2,1284.71,apparel,0,28639.97
41632c89-7907-4731-97a2-83fb35e8347b,48.75,1.0,1.06,10.0,standard,0,56.79
c27ea3b3-aa16-4381-8a8b-c130e2e61180,16.42,9.05,8.75,788.3,glass,2,1065.37
d7cd9b02-49bd-4fb1-ab03-6f79a7b381c0,21.21,8.07,21.05,2049.0,fragile_liquid,3,3596.17
8fa3c924-937c-45bf-93eb-6a9988406560,53.31,34.11,12.75,935.44,apparel,1,19287.64
12e95ba6-d9e2-41ca-9db0-40ae94de238f,42.5,11.11,16.4,1902.91,electronics,2,8974.97
562dd284-8697-4ae8-823c-fc77660a6b55,11.57,12.13,22.55,1832.79,fragile_liquid,3,3191.2
c5d4d31b-002b-48b5-8a3a-b8651bdff265,13.05,9.9,17.61,1166.88,fragile_liquid,2,2206.87
c1f1d176-92e8-4d88-bc91-c1add3ba8e19,7.46,5.39,4.89,126.81,glass,3,210.08
c8991879-bf29-49d3-8fde-23a571152234,59.63,25.45,16.02,3619.74,standard,1,25571.95
5c7436c2-79d5-4ef8-a070-863a39121599,9.65,5.36,6.42,246.13,glass,2,296.03
1ecac9c0-ebff-4a9c-9ace-f50b8681a9ca,18.42,12.4,11.33,469.52,standard,1,2322.98
e753efb8-35b6-4025-a5c0-736e6bc62de4,12.87,10.57,5.84,385.78,glass,2,881.49
f81f7ad3-c6ee-4749-bcd6-a22c57c140d5,32.4,12.86,11.37,1168.03,electronics,3,4848.42
8997d57b-a655-4e1e-9e01-abf0999e9909,28.68,31.54,12.85,469.7,apparel,0,10768.1
70f5efd4-b287-4152-bff0-4578f96a68e8,20.7,24.2,12.69,1541.99,electronics,1,6435.37
58bf8f8b-c7ff-4b7b-a6c8-97556ea12fe5,38.1,42.16,7.56,460.92,apparel,0,12846.9
1ff0c64f-7251-4546-baee-5581babd95ae,14.85,14.79,20.95,2576.54,fragile_liquid,2,4310.53
649ae956-1119-4cdc-a658-149bc737ec76,16.53,26.73,7.03,103.33,apparel,0,3347.26
4675d1e7-8239-4eae-b81f-76aa0ef4b2a2,30.23,19.39,12.24,1897.71,electronics,2,6577.0
73639878-34f2-43e5-b908-bd088bd4ae17,22.04,31.42,14.38,371.71,apparel,1,10808.75
db55360c-3f52-4a54-a682-0c14e52725cb,38.28,20.12,5.0,943.7,electronics,1,3437.41
29e2adf6-93e5-474f-b067-222736acdf17,31.54,25.57,19.61,2383.76,standard,1,18028.72
634737ae-d0f8-4154-a0ae-1e4c7f58f4b9,25.16,18.25,20.53,1577.31,standard,0,8475.85
227e3b3c-8f1c-43b2-bde5-7d68e3e2e1f3,16.08,8.22,12.26,951.51,fragile_liquid,3,1608.12
cfb38d16-d40b-47ad-8592-a54d8e90791e,48.03,30.06,17.01,1022.72,apparel,0,23430.78
e61f65d2-b60f-45ef-9206-33b193604c21,14.32,26.59,16.93,1076.48,standard,0,5021.63
b92f6efc-ff83-4339-ab59-9c5792aa9f11,25.97,22.89,12.39,1037.9,standard,0,8632.67
abf29a2d-b192-42bc-9b03-6ad992fc470b,14.2,8.12,12.63,385.33,electronics,1,1486.1
0239a90f-892a-4373-860f-e945778b1dc0,29.82,17.77,11.64,1543.55,electronics,3,6934.39
f0af3752-4788-4a1a-8ced-f187c6c09eec,12.01,13.04,10.86,1024.39,glass,2,1571.68
4e0db516-3511-4c99-848f-473f82971770,29.65,38.95,18.16,852.77,apparel,0,21493.38
85097146-7287-42c2-8de1-523e37e3175c,36.36,23.33,14.6,452.38,apparel,1,12360.6
d68a56ec-fc10-40a0-bdc9-ffebb9dfb58e,40.25,29.76,15.13,716.8,apparel,0,19980.04
2036ed8b-c1a2-4c04-90bd-e2800af229a8,30.26,17.77,12.66,1665.87,electronics,2,6865.52
00c488dc-7a1a-4757-baa0-eaa281fcd320,13.37,16.38,20.66,2453.78,fragile_liquid,3,4293.6
4615b0d9-6b8c-41c4-aaf4-339f2afbed1b,12.36,11.25,21.41,1631.0,fragile_liquid,2,3216.71
ecda5563-776f-4407-a8e7-5d1fc5406535,13.88,12.68,21.06,1971.23,fragile_liquid,2,3850.73
1a1e09d4-7320-4796-953b-d6c13b9eb278,35.42,17.78,1.0,17.76,apparel,0,602.08
cec60297-c2ce-4003-9358-2eb6f0b046f1,33.71,22.96,11.19,378.19,apparel,0,9236.44
38f8f0ad-c29f-4bc7-9ae7-52396e9ffe34,36.66,28.18,3.23,128.5,apparel,0,3115.64
4ab80f25-a679-4920-b231-b9054d6760eb,46.59,28.02,17.49,913.39,apparel,1,20993.61
5b2d523e-b3af-4707-9c10-e49ebd69cce6,24.04,15.45,7.76,742.3,electronics,0,2719.11
81902772-810e-400f-98d0-352d4f146d90,32.53,29.85,11.57,410.9,apparel,0,9630.21
6a71f165-fd74-45b4-85c6-734d23f8a794,6.63,32.75,7.13,216.39,standard,0,1640.1
ba0f9a9e-95e4-4130-8b33-19f436c92c91,26.71,41.14,7.97,1292.75,standard,0,8402.89
8e7f39ce-0e92-44d2-a52c-f2a68c3d8db6,10.96,6.56,3.24,89.35,glass,3,226.64
4a2dc9d6-45e1-492c-ace7-039cdabb5292,26.23,20.29,14.27,1173.34,standard,0,7080.08
cdf52429-c1c2-4237-8b4e-4a8b0e045af3,13.07,12.83,9.11,936.39,glass,3,1306.41
b376810e-e8d7-4e2c-9b7a-dc67967c2d3c,18.01,16.24,15.32,530.47,standard,0,4783.31
5103b2e6-8916-4ced-9ef3-a272d9146448,40.26,22.46,17.66,662.34,apparel,0,16790.96
5654b25d-6077-4b5e-8030-6aeea54f08fb,58.18,35.66,25.28,7856.24,standard,0,55157.31
016c892c-d6f5-4c7e-a4c7-03a98bd82e60,29.38,29.87,4.78,173.01,apparel,0,4654.17
22032568-385d-4c5f-9476-3d18210d0476,12.22,8.3,8.57,494.42,glass,3,908.11
47290548-9aaf-4907-ba55-9cba10dec0d1,25.39,18.08,9.36,736.32,standard,0,4226.44
8f937754-ff4a-4ded-b44e-7495d5baedc5,41.5,10.43,1.0,104.1,standard,0,522.47
0d6ab7f3-8d75-43e4-943e-c8c437403221,44.71,35.17,17.84,1178.05,apparel,0,25777.69
93239900-5868-4dc5-986d-e4882f6347e0,22.7,31.1,13.04,1341.48,standard,0,9522.69
3454d5ac-3318-4c26-9367-290c597e6b5d,24.48,16.66,9.37,996.69,electronics,2,4198.56
2c5cc542-0f3b-4d53-bad5-a398ad1b4942,11.57,14.34,16.76,1570.64,fragile_liquid,2,2968.9
dbc63600-374d-4b5c-bf5e-7c1888c5b6e8,15.91,38.12,8.43,795.58,standard,0,4740.51
6e64ff7b-1112-43b2-8aa5-ed0b5bbd81fa,34.33,24.3,15.04,2016.55,standard,1,13341.1
64fc7990-891d-4ea1-a7cd-500906625a05,20.94,17.42,7.84,675.61,electronics,1,3112.24
6adc461c-3290-4169-a3d7-f8b7260339d3,10.47,21.56,17.39,421.68,standard,0,4396.58
f9503776-b232-448b-aae0-7b83287b4783,27.31,18.55,26.04,2022.09,standard,1,12948.7
9c4a94db-5bc3-4a65-9e9e-c2980f5b59b5,19.2,14.51,10.9,698.16,electronics,1,2596.1
b6135e79-86bd-4a3b-b1c8-8e81470904b4,16.3,25.53,12.86,754.66,standard,1,5742.5
13b4d6ba-edc7-4c80-b93c-757b557d5fbd,35.39,15.64,8.49,179.83,apparel,0,4915.16
a6a499da-f1b4-49d1-89e1-6d4cada096e8,11.44,9.81,9.11,632.73,glass,2,1040.81
2b43ba2b-4558-4ac4-8046-918a7a24d89a,5.0,11.27,3.96,158.78,glass,2,224.55
4aa32cac-95ee-4c3d-b97d-f2819a069221,14.98,33.27,2.82,47.38,apparel,0,1380.14
cc2fa4f0-0ad9-4830-acc7-3736533ee2d3,38.17,14.12,10.41,915.05,standard,3,5417.82
cce8beff-2f30-4635-ba20-13c4356589d4,21.69,14.59,15.64,1237.62,electronics,1,5851.78
9cc782f7-0c27-4c4c-bdf3-15dc3313c881,19.42,34.45,6.59,686.39,standard,0,3942.33
0ec81fef-a1dc-486b-b6f3-4036319ebead,11.87,25.88,12.06,1015.85,electronics,3,3247.46
c263c768-77d1-467f-b359-cb98ad914a3d,38.83,38.84,10.8,624.83,apparel,0,16882.83
929c3ab8-4a6a-4546-b305-3b9bfb1bc310,8.0,10.69,20.21,950.85,fragile_liquid,2,2270.86
13e4eb17-5eb9-4abc-bec1-5cdff35256ce,52.9,37.12,18.25,1451.3,apparel,0,40875.71
9a121762-9609-4b5f-aaf3-17a398eaf87a,38.45,29.23,13.77,553.43,apparel,0,18264.85
f521a15f-a9f7-4c75-8775-f50321b2e1e6,26.66,19.68,15.11,2053.97,electronics,1,7893.86
05a09ac1-68cc-4367-89d6-aef921bfd40d,39.06,37.02,13.49,783.15,apparel,0,19912.08
bbb6e6af-a438-413e-b736-ee85cf85a5df,5.85,10.59,8.86,365.56,glass,3,545.36
5fd9baff-c591-4708-b462-e286bdc728bf,25.32,28.66,15.72,442.39,apparel,0,8870.59
21a229cb-20c9-4d3a-925f-a5ef1113da13,34.92,22.62,15.58,3170.7,electronics,1,12059.37
514e8a25-0ba9-4c29-867b-b09303862dd4,15.25,12.53,11.05,1104.97,fragile_liquid,3,2237.59
f46a206f-b4ec-46fc-b4bd-1351770460bf,43.23,28.96,10.49,566.03,apparel,0,11871.87
913b5bc8-5c04-4b9e-a2f6-6bb3046aa332,36.3,15.23,7.94,1148.82,electronics,1,4867.51
11a6b589-9af1-4925-a0af-e7fe2fd01c46,41.28,30.72,8.57,1618.44,standard,0,9346.23
96aa21e1-fbe2-478e-a805-931123ca68d5,21.09,40.94,9.0,284.9,apparel,0,7339.48
1dd5f61c-4da8-4db2-83e0-91cfa7bc5b9f,17.6,23.39,10.91,1208.82,electronics,1,4284.92
93f2455a-a447-425c-a87d-db34bd2ae536,15.65,17.0,7.28,484.41,electronics,2,2163.33
01c5ad83-b8a0-4fbb-98c0-7334efdb346f,33.1,7.66,8.59,509.4,electronics,3,2400.83
a94f18f7-b6d2-4298-98dc-9d6684e52a61,34.11,26.85,13.56,463.22,apparel,0,14180.18
443e6e1b-b7b1-4875-b34a-f87ef1236cfa,39.82,21.14,14.13,1702.64,standard,0,14258.41
8d5f8e8f-7ac0-4e37-a079-750983d62164,9.5,5.1,5.57,242.06,glass,2,241.38
279a6d25-ee16-4602-b4bb-8b8bcf8cf63e,36.07,11.24,7.15,726.49,electronics,0,3217.5
1f7cf886-de86-495f-8ce9-f008d164a4a4,22.78,4.44,11.43,84.78,standard,0,1126.98
a4de9e4f-abf8-4f3d-9168-02c1b270e3e4,17.38,11.91,7.39,908.01,glass,3,1488.18
a92738c3-e580-4a9f-af2a-f2d29448866d,54.79,24.94,18.88,3977.91,standard,3,28571.93
e5868fb5-5b9d-4795-9fc3-4ebb8777cac0,21.1,13.83,14.0,1149.81,electronics,1,4519.69
c9dded57-546f-40e1-a20b-995841f38876,20.74,30.07,17.53,2681.31,electronics,1,13038.2
43db023a-c34f-4c35-9173-f9ff44f58084,32.31,42.03,9.07,470.15,apparel,0,14870.57
fef98b06-e396-43e0-ba67-59e9c75a5e4a,30.95,13.8,14.45,1001.68,standard,0,6206.78
3c25a119-1af6-44b6-82e8-73e145a4d2ca,8.13,11.89,13.7,715.18,fragile_liquid,3,1319.29
572ff822-ff66-4087-b5c3-25c16ad8fc5f,25.06,11.23,11.44,740.61,electronics,2,2892.72
c8357d36-86ce-4608-8a34-ac3bc5cab765,21.29,13.72,11.63,801.52,electronics,1,3339.27
080864de-19c9-4335-9cfc-014a01406dde,49.22,40.17,8.05,624.11,apparel,0,15548.2
6243704c-a5b8-4e66-bf73-b89aa5bc2253,10.64,10.34,9.95,684.49,glass,3,1060.0
eb5a63d5-b74b-4ddd-9ef1-8610ed63ecd9,41.1,14.46,6.51,166.92,apparel,0,3862.11
d0a3f1e1-9e5b-4a06-8846-edb27794b7e6,8.69,7.31,9.44,427.45,glass,2,533.97
3f6927b5-5e9b-4f10-a06c-3c8c568603e4,36.06,16.29,4.19,480.36,electronics,1,2610.72
f836182a-836d-490c-89b3-762af225552b,22.87,20.21,9.03,987.45,electronics,2,4758.44
2f927af5-6593-4789-80ac-27c339f02680,10.95,15.68,15.82,1457.36,fragile_liquid,2,2695.44
45073d25-c280-485c-9dc8-9e604128f7cf,38.21,34.5,16.09,3037.43,standard,0,17778.33
b2392902-ad1a-48ce-a989-1e86add9c296,34.06,7.45,13.27,940.36,electronics,0,3725.79
a9f91086-acbb-417b-9ecc-c7d7cbe86f8b,10.68,10.62,19.18,1339.52,fragile_liquid,3,2097.04
45c89b84-3266-4259-93d7-7f5b67b22e72,12.29,13.39,17.14,1522.39,fragile_liquid,3,2332.73
7d1807cb-cf5b-4f64-9cea-00dfb5efa029,28.48,35.55,14.79,575.61,apparel,0,15851.41
2b73aca0-b79d-4030-8f73-165f83823cb0,7.06,20.06,5.85,283.25,electronics,2,780.17
a2cdcc28-62f9-4115-9d7e-96d2e2515290,12.0,12.61,8.32,697.94,glass,3,1106.68
c0cf2f5d-13e5-4558-97d4-69f2ae8eb807,16.61,15.02,21.11,2907.91,fragile_liquid,3,4984.81
1b27e488-90e2-4f74-80c6-6603d08904a6,27.65,13.82,3.43,369.14,electronics,2,1417.28
651bc088-5f4e-4e3b-9217-c1bce7047bd7,11.74,10.69,8.94,669.19,glass,2,1060.23
faf77fa6-d61f-48fa-bd37-3a829dcd3d7a,22.14,16.38,14.21,1262.84,electronics,2,5229.08
1b169591-5128-44f4-afd8-a15dc76c75bc,30.77,36.08,16.1,685.15,apparel,0,17499.16
4b25e7a2-5e81-4ddf-a99c-31a4e378c73f,13.14,9.23,10.33,773.16,glass,2,1231.11
506e3801-14d9-4041-ba00-761a04bb94eb,23.89,33.77,8.66,330.19,apparel,0,6741.34
1ad6d7e2-292e-4170-b7c0-64fd69b1c7d3,10.55,12.49,6.48,419.43,glass,2,824.88
38d10fd7-2cb5-4994-a2a0-60eaa1fc1690,20.72,31.96,5.15,1017.74,electronics,2,3376.07
b9a410f4-cf27-41d0-905a-549068015fee,38.63,23.24,13.87,467.93,apparel,0,12913.86
61a5b72e-e32f-4e84-aaa5-6a57bea390fd,13.78,8.3,10.1,267.69,electronics,3,1119.06
1c186e3a-45ca-4c27-a697-cbc2f4a507d4,25.01,19.9,12.05,1470.7,electronics,2,6434.04
c1235d14-0585-42f6-a217-c797f9a1bfce,43.08,15.86,14.91,456.46,apparel,0,8612.58
5270dc3f-442f-42d8-b97f-d80cd0725c04,38.81,30.15,16.14,769.53,apparel,0,17255.86
308e2974-be49-4d60-8625-9c3d9f771862,43.32,23.48,11.48,450.46,apparel,0,11174.76
428f04b8-490e-4374-b8c8-2b7c92ca27f4,33.1,38.57,14.49,743.83,apparel,0,19893.93
feee30cf-751c-4b15-8ce9-04190e5d44f6,9.4,12.95,9.06,648.79,glass,3,1260.8
0cd5bdfb-a736-435c-b07a-e6983f1d83ae,19.63,10.82,11.3,513.15,electronics,1,2224.93
b57ad12a-e87b-48bc-8918-214ebdb74959,9.54,10.25,9.39,538.58,fragile_liquid,3,841.08
64f2672e-38f3-4b62-9ddb-d366e38ea33f,40.72,33.27,8.68,477.97,apparel,0,13138.16
848e544d-553b-45f6-8310-956bbe829c69,13.85,11.46,11.4,1066.55,glass,2,1757.56
2913daf8-cc1c-477a-b47b-d746a1d036f4,16.58,11.49,18.26,1805.44,fragile_liquid,2,3317.86
8e86296d-f757-4a0e-bf39-a07758b436d4,34.7,22.86,3.91,348.37,standard,0,3457.6
a4e8b96a-f14a-4a2f-8efb-092af4faa802,26.17,19.4,8.0,1009.34,electronics,1,4416.33
27d9c6d1-ef69-4854-8ea1-71e705fbc356,19.48,13.86,14.28,694.88,standard,0,4649.63
e9e65a06-b756-44c2-b395-5b7d80032661,8.74,10.35,9.22,599.49,glass,3,851.54
08afcb74-ae76-4d34-9dee-41321b9c84f2,16.45,30.48,20.87,427.05,apparel,0,11166.84
05676b45-f3ba-4811-8a2c-14e6dfd438e4,21.72,9.81,10.8,727.68,electronics,2,2329.23
05543893-aa43-4da0-9da0-09a451c2c63a,19.11,32.61,29.86,2696.99,standard,2,19100.56
8bdd91a0-6dbb-4c51-a570-46c10871738d,18.23,26.31,6.71,787.57,electronics,0,3062.63
2e585ac5-2b2c-4e25-a794-a4c7d2bbe0a1,33.24,27.84,8.51,285.07,apparel,0,9560.58
4087b28d-39f2-4316-9247-0ef3c6d6c297,11.51,10.51,7.16,520.28,glass,2,878.31
91d2084f-a643-482b-97b5-ef5d0b95bf7f,13.09,8.31,21.45,1273.04,fragile_liquid,3,1873.52
5df8592a-7c52-4652-bd7a-9bc45c6ce5c8,30.39,12.58,5.51,563.41,electronics,1,2288.1
6ef2414f-976e-4f71-b506-3c6e34cf86f7,40.05,10.2,9.22,599.99,standard,0,4418.42
cbef6809-c8d8-4263-9292-74388198b6e9,10.16,13.78,12.36,930.86,fragile_liquid,3,1449.04
86e2dd78-f743-4145-8dfb-2ea894b4d51a,34.15,9.14,4.51,10.0,standard,0,1233.93
38270dba-8b7a-4122-86f5-936843bd8817,28.08,3.32,14.45,108.05,standard,3,1137.27
e5e8aaba-e5e3-468c-afe5-28b00ea34f35,20.61,18.54,10.06,881.8,electronics,1,4928.54
4b9291cc-b0ce-4751-b9c3-8da8fd54954f,14.89,6.83,8.76,514.02,glass,2,922.06
bf8191fd-d588-4813-be7c-762fcc0b9bdf,34.79,36.14,13.71,2621.55,standard,0,14305.61
55b9bd77-0904-4514-86ca-d7d2e3f6e29e,26.2,28.75,6.43,801.11,standard,0,4676.44
f80fa018-ba67-4a41-95fa-dc4ea4b0fb2d,36.46,24.02,10.08,2197.08,electronics,1,8516.59
cb8d5296-4468-45e3-b98f-6ac138b090ee,34.6,25.84,6.92,943.39,standard,0,5283.16
11428aae-fa6d-4c46-90c7-70ca6dca8706,18.3,15.54,11.49,836.15,electronics,1,3110.94
c283ebfb-2565-420d-8b22-9b508849360b,5.73,7.53,11.74,201.48,fragile_liquid,3,429.57
9596e23e-c719-4a78-a63c-2640dcee43ef,48.9,24.04,10.46,1676.47,standard,0,13104.57
557af59e-ec04-4dac-aebb-44c08821a664,41.77,35.87,25.96,5898.94,standard,1,34870.1
73e389ba-bf6f-41c7-9220-ae21903e0e6b,45.19,32.27,9.71,574.7,apparel,1,12892.05
9c71b712-989c-46f1-b576-25e964c469c4,33.83,27.44,12.8,2950.62,electronics,1,10796.27
f18c50f6-150a-4ba6-afab-a131dca465cb,14.75,11.97,8.81,961.73,glass,2,1638.22
ec3ba5e6-87de-4ab2-9d87-74678edbfb11,32.28,25.11,27.45,3428.74,standard,0,22584.76
089ab477-75b2-428b-9c85-117ae3f52e57,13.33,12.04,18.49,1616.77,fragile_liquid,2,2841.29
5bad3e79-14fc-4cb2-a873-0ba3ee1cdd83,17.35,22.71,21.17,1333.33,standard,0,9986.27
7fff995d-bc54-4882-940e-0ba94c1ffd53,10.63,5.93,7.44,226.74,glass,2,466.77
4d9ed41c-2b75-4cf6-a533-38d590404459,27.46,19.51,14.46,1193.06,standard,0,7714.25
a5f72010-b48e-49cd-a5dc-7bb6d60be240,47.22,15.33,17.33,1708.84,standard,1,15095.35
be4e14a4-ceec-4d1f-b913-72ba9604f7bc,6.52,8.26,19.83,462.6,fragile_liquid,2,1163.2
614f8cbf-7304-4a01-ac01-8cfad79d4739,41.58,19.05,13.49,1486.28,standard,2,12166.87
4f0ce409-83e9-4652-89a1-1cc21e155b02,12.33,8.92,8.8,608.31,glass,3,1017.65
65ae0887-44c6-45bd-ab7c-23e6eba6c85d,4.75,7.24,16.63,289.98,fragile_liquid,3,637.39
d1629fc5-e01d-40c7-86e3-e136bc6c489e,37.11,34.26,17.27,868.13,apparel,0,20662.29
ba8693c8-4324-479c-a5d2-38c8adf9b621,14.0,16.66,5.66,349.46,electronics,2,1253.06
5829465e-396c-406b-a337-ad343b69cce0,20.27,25.4,11.32,217.06,apparel,0,6517.58
9e0dff98-f83f-4559-aa1a-1fd846360d76,7.54,11.88,6.1,350.29,glass,3,495.99
cd73a40e-a57a-4cca-baa7-156174187c48,15.71,22.82,6.57,98.1,apparel,0,2555.16
4f07ff6f-2b87-4573-81d8-1b557b48a589,18.15,4.05,9.52,493.18,glass,3,740.69
a8d9f649-994f-4c68-8aa7-c31360d900b1,12.89,14.6,16.77,1752.67,fragile_liquid,3,3561.86
721e1eed-e354-4dff-adf3-eab9ff55cbe9,60.05,31.7,9.92,2863.22,standard,0,17458.58
d4df089f-287e-41dc-8ce2-b33d9062e214,21.02,37.01,3.83,408.0,standard,0,3737.92
5abcb091-b865-44fb-901a-8b2239a4143e,10.61,15.02,15.16,263.08,standard,0,2686.09
75df972c-e55b-43bf-971f-94797ec0b833,17.24,22.68,10.22,1053.74,electronics,2,3832.59
6b1c4f7f-0da2-49be-b227-799f906f2a62,45.83,21.63,11.24,440.16,apparel,0,11337.56
fc4549fa-892e-4377-ad90-20ed620cf7a5,31.04,37.88,19.4,942.27,apparel,0,28144.1
26fc5af0-eca4-47b7-a4f3-2112f4febe30,31.82,22.22,9.58,1784.69,electronics,3,5742.98
6263c8f9-cbe0-44c6-8ee8-d8bbfab17846,29.22,18.78,10.07,1413.65,electronics,1,4780.14
5f494302-a77c-472f-b1a3-b533315282ac,14.98,20.18,12.16,144.93,apparel,0,3896.69
ea59f67c-4720-41ca-b653-bbb338dcc660,21.27,27.88,10.79,1800.39,electronics,1,6911.11
c4d52bc5-4dc9-45db-b17d-43b345e08446,12.31,5.36,6.38,291.06,glass,2,357.97
94e2bf1f-3ffa-45c5-8559-88a3c8c7ed50,35.83,24.07,10.96,338.47,apparel,0,8400.56
3eb96416-8fd7-4a47-ab78-4b39676f111d,48.25,28.84,14.1,764.73,apparel,0,18699.85
cca7461a-ce45-4d05-9e26-432824eda111,10.91,8.25,5.34,300.82,glass,3,491.65
eb1a08ad-8079-4b87-b4a6-616eddd18fb3,24.41,16.68,14.25,1500.52,electronics,0,4903.83
2dec367b-8e4a-420a-a266-953199d1490b,1.98,18.58,14.96,290.16,electronics,1,570.69
ebbd2f7b-42f2-4db5-a5ad-22fb1dd3b528,11.0,11.19,8.97,761.22,glass,3,909.45
cd4ae522-d987-41e8-9668-e1251f473169,20.74,9.49,11.94,1380.47,glass,3,2691.63
a7cce8e0-27e1-4eb6-8eee-75270e9ed5b7,21.22,23.75,11.54,1524.81,electronics,1,6101.66
a4d2d364-bfdf-4167-8f2f-6606d5ff146b,30.58,17.76,12.81,287.75,apparel,0,7036.95
9d7d5bcd-da60-440b-ae9b-68b5e4b1e238,27.83,24.36,5.12,466.31,standard,0,3443.97
52f44b5b-277a-4f63-8c10-1ea5ff310a20,40.71,31.9,12.87,670.2,apparel,0,15081.18
7faafa12-ba2b-4857-807f-dd6ee6f6de39,16.01,10.32,7.38,711.35,glass,3,1349.63
ec21f835-ad40-42f9-bb5e-10e51c17deea,36.57,33.62,5.02,1222.21,standard,1,5839.44
631eb32a-a891-426f-8621-8a24a9ba14f6,32.48,18.5,13.93,2281.27,electronics,3,8886.23
b1c5397f-594b-4935-a457-75deb0028a0c,34.06,24.44,14.93,3027.71,electronics,1,13935.34
4f1e6fdb-685c-4a91-9ab0-b36688f68a9c,36.72,22.99,16.29,537.92,apparel,0,14546.78
e5dafd5b-d6b9-4b5c-ae05-490ec5deabbf,36.33,34.05,11.03,584.18,apparel,0,11648.24
a583cbae-8137-4a5f-ae6b-3274bcddff75,28.3,15.66,16.68,1007.24,standard,0,7023.18
a4d535e6-ad0c-4f51-bfc8-542ee12989b7,26.12,15.81,6.16,774.28,electronics,3,2577.71
cc7cc34e-dd35-4cf7-be6e-6e99cc45eb86,44.36,20.75,14.93,631.79,apparel,0,14861.41
9742d6e7-0e13-4c27-9775-09d313f30feb,41.05,26.02,6.99,344.71,apparel,0,6968.14
2ebab52c-6645-4641-ab99-b9c87a3c9d30,10.47,33.55,16.81,169.81,apparel,0,4793.33
c9b1a994-8428-4705-8235-76c7e9beac01,21.57,9.73,14.87,871.74,electronics,2,3416.45
28d29664-c206-4ebf-8472-bbcdb0d922df,57.23,30.72,20.64,1440.94,apparel,0,37311.45
bc62e916-8a0d-4a77-9d8c-763244ca6dcf,18.25,11.86,10.65,1238.36,fragile_liquid,3,2264.86
a1630a2a-e41f-4da3-a5ad-cef179c75be7,26.04,37.99,12.51,465.56,apparel,0,12215.48
1e7a6be8-40a1-489a-8c2c-dfd9f8ebcee4,22.19,22.67,11.85,229.54,apparel,0,6305.02
f5078c87-14b2-44bc-9abf-ffeed02cc3f5,24.77,19.11,8.91,1122.31,electronics,1,4493.15
533d368b-34e4-4c2a-8087-213815346b18,38.95,14.48,21.11,1983.85,standard,1,12339.39
65eb4b7d-39f3-46b6-b251-1211140418f0,12.69,10.02,6.13,373.42,glass,3,882.78
26cfe6ba-15d0-464d-b527-0db613be0842,26.2,19.77,8.26,974.42,electronics,2,4532.82
3a6b9581-a665-40ca-823b-8242823c047e,35.3,20.7,13.5,1654.64,standard,1,9617.23
4b12712e-a519-45c6-9449-126490e0d93c,37.35,24.82,10.19,381.01,apparel,0,10576.96
9c02949f-1ead-4ca9-89c3-24b7ba5efeaa,25.62,16.36,9.07,976.64,electronics,1,3570.91
587dcdfe-53be-487d-859b-bf5ea62b40e0,31.0,25.99,16.82,511.57,apparel,0,14637.14
8a8c89a4-92df-4744-b44f-30738b5963fa,44.0,18.55,21.96,708.04,apparel,0,20657.36
5964a3f2-dd8e-4666-bf45-200e0cb61745,24.72,41.39,18.39,719.03,apparel,0,19051.05
e17275ba-50de-4812-a060-64b8236be978,25.31,16.36,11.94,188.98,apparel,0,4575.3
d0a750ff-04ca-445f-9cf7-2b7dbe522a6f,10.45,7.75,15.34,652.95,fragile_liquid,3,1205.19
e98075b8-e610-417d-9fa2-43dd4af34f07,24.6,19.52,17.23,329.54,apparel,0,9136.25
075c5b49-72a4-4e82-bb11-7663174ee340,22.57,24.88,16.39,1431.55,standard,1,9771.82
1fca90f9-0ec8-4a05-826c-0c2f175a0e27,14.55,18.92,16.84,751.91,standard,0,4471.89
c86aca80-672b-43ce-9800-2bc81b650677,47.93,47.42,10.26,901.52,apparel,0,20518.58
b9cbadd8-a345-4aba-8115-208d04894fbf,17.39,15.82,13.19,2070.65,fragile_liquid,3,3438.6
ac48c3d8-1970-47d9-9cc1-77bad17794b3,16.29,18.19,17.19,684.74,standard,0,4186.33
bb82206c-1958-4111-ab61-d3404242607a,19.76,11.35,9.03,497.08,electronics,2,1842.27
59b00918-305d-4c8f-93de-1fb2eac66312,37.09,31.6,19.66,949.63,apparel,3,25085.75
a82d0038-0c2e-474d-9180-fbd33dab2de4,44.72,17.6,21.49,2374.92,standard,1,16572.2
6db50a7d-b802-4bc6-b880-4ba2a676d8af,35.38,30.22,9.03,2349.42,electronics,1,9436.92
7f2ea95a-d0ef-4f0c-b4c4-ee8397cf36e3,18.33,10.57,16.71,1778.15,fragile_liquid,3,3138.55
c5ae8edc-0b0c-4985-af55-8d5be8607571,16.81,13.56,6.07,856.66,glass,2,1428.95
e07399ab-bbd7-4e64-b648-fb109f270d86,33.45,33.43,12.62,2219.96,standard,0,14813.54
1aa9174a-cb1d-46e6-8757-14f9d08e6e32,17.38,8.58,19.04,1611.79,fragile_liquid,3,3332.41
05af720b-829f-4b6c-b78c-5a8d2d5959c5,50.9,34.41,10.0,691.66,apparel,0,20611.67
f5eeb642-71b3-4ca5-9490-249c1fcc05f1,30.52,20.76,10.09,306.04,apparel,0,6309.66
ff36e0da-4a1f-4c76-9f13-0957d2a5b727,14.32,14.46,19.36,2138.5,fragile_liquid,1,3940.09
a0ff6002-facc-40ee-b797-bda5186d2e69,32.03,26.48,17.71,2217.24,standard,0,16072.79
ea606694-c569-49b6-9a76-d53233b4cba6,10.42,9.56,6.55,409.36,glass,2,622.52
68dfc3fd-5d5a-4572-a032-a9697bb17679,25.94,21.38,13.06,1854.88,electronics,1,8695.52
236cc1ba-23f5-42bd-95be-e2c713464953,63.11,27.51,15.97,1144.5,apparel,0,27935.64
c914c7b5-f919-46a6-868b-37e582963d6f,36.12,28.44,8.12,1256.28,standard,1,8517.18
c0e7ecde-ad2f-464b-82a3-a78884752529,16.09,8.69,6.15,584.39,glass,2,838.0
218cea2e-c717-4143-b297-2095d76d7796,21.91,17.24,6.27,570.44,electronics,1,2083.38
956eefbc-01e1-4ae1-9673-573e9420da9d,30.84,14.97,13.58,264.24,apparel,0,7133.23
68474923-d660-4a6c-a8fd-55cf48b32fc7,14.91,18.82,24.65,3780.8,fragile_liquid,3,5376.59
98aaea80-0563-4e1f-b2ac-d25014486115,49.93,15.73,5.21,160.2,apparel,0,4504.96
fc52bf5a-2b0b-4499-84ac-2b55764f6ab5,18.73,13.31,14.42,2007.41,fragile_liquid,3,3921.97
474a225a-4b38-4343-9da4-bbe94a2fa211,23.65,21.31,10.07,1347.29,electronics,3,4222.5
8a6b5ffa-ee75-49b1-9a75-5ab87ffec6f4,14.34,27.44,25.71,1369.77,standard,1,12365.18
3d17b20d-2798-4ba6-af49-c429f21e24f1,10.07,12.83,8.36,609.62,glass,2,1251.07
9c4b58a3-57dc-4e25-91e6-884a87405b14,10.84,9.8,23.24,1305.65,fragile_liquid,1,2360.87
28c16d50-c844-45bb-a508-1dacc619c24f,15.79,14.93,24.94,3217.84,fragile_liquid,3,5412.72
712bbf50-474d-4881-86f5-e55f947851ca,38.55,32.4,25.21,1244.23,apparel,0,21299.06
6417485a-9872-448a-b41e-242fc56bade3,26.08,34.93,8.79,346.2,apparel,0,8022.55
7a9aa5c2-239d-4cfe-881e-43284581c1a1,9.93,17.08,24.32,649.56,standard,0,4864.14
e8dc0915-bac0-4775-abcd-8be778e76d63,29.25,8.0,8.8,572.13,electronics,1,1860.3
8e720a96-e03e-45d7-9bed-8ab9f96bf6d6,15.41,7.04,7.01,393.48,glass,2,797.62
6e250bed-42e2-4dea-9049-eb18fb51ccf4,30.79,11.57,7.23,548.33,electronics,2,2784.88
257990a3-62c9-42e3-8128-4ce2c261dd36,31.5,20.11,11.1,291.63,apparel,0,7610.96
3814ffc8-01fb-4cad-9359-c0589d5d55a9,12.59,15.7,14.27,1615.74,fragile_liquid,3,2841.3
382a193d-07dd-45e6-87a8-6be924e72817,7.68,5.08,20.45,410.7,fragile_liquid,3,803.21
e02958c3-5c96-4800-8968-94fc6a9b89ff,33.93,20.29,4.67,132.26,apparel,0,3447.1
85e57d61-1385-474b-aed7-0a2dd0bc7db6,13.71,35.89,38.16,2715.75,standard,0,16688.03
c8f04b95-2335-4129-8182-7ac2ec461067,5.09,32.54,11.22,95.1,standard,1,1759.55
d1a0e8ce-1143-4ed3-a660-b75d5e4f9397,29.04,34.72,5.87,287.01,apparel,0,6173.09
d1ec16ef-62c1-4650-a6f7-b9de3b9c3617,26.69,26.04,9.58,328.91,apparel,0,6332.64
d4cdc48b-5d18-4790-855d-de972d207c07,38.08,18.87,15.12,411.42,apparel,0,11204.77
5192abcd-b665-4dc2-9ec4-3f5523ad1bd4,21.62,9.45,12.35,663.75,electronics,0,2647.02
5f92ad4d-9a86-4a8e-939b-9fbe9aab36c1,45.45,41.81,4.65,350.26,apparel,0,7722.59
f63eaefd-92f4-44fd-9140-b2b2343ecc99,15.82,8.22,5.22,459.34,glass,2,722.26
7295750d-f8b7-4084-a02c-b41634a69ad8,37.65,23.8,17.19,559.17,apparel,0,15539.63
69d9e8c1-80e1-495a-b258-0bd26e119e5d,30.46,32.43,3.42,132.57,apparel,0,3984.61
7c60ea96-63fc-47d2-89f2-7b741b670da4,9.98,11.26,20.64,1231.45,fragile_liquid,2,2021.93
ce9005b7-d1d1-4553-ba00-9eea1934ed9f,11.92,10.42,17.25,1181.91,fragile_liquid,3,2310.83
78c7ae63-d57a-4f5b-9f91-e59f3e6de205,29.06,28.09,6.85,195.71,apparel,0,5648.51
677cd365-6052-4f94-b743-111bce872007,42.54,18.26,9.91,290.0,apparel,0,8448.14
a9501683-260a-4a45-a98d-924126cd339b,26.48,21.35,10.06,280.45,apparel,0,5719.54
401ba2c2-872c-441d-aeb4-b3611a2bf98e,22.22,19.96,1.82,74.25,apparel,1,747.12
93a198b1-5a91-478b-ae00-b90e87440e5f,7.96,23.81,20.11,714.37,standard,0,4170.73
52b5d145-80b0-49c3-bf9c-c9f45680d1bf,38.18,46.1,9.06,702.4,apparel,0,15650.3
04ad8152-89e6-4482-9351-406947ac485d,8.48,10.67,13.85,814.17,fragile_liquid,2,1548.37
e53a9963-e65b-4b8a-be9c-93636b997c95,30.37,18.26,8.99,165.01,apparel,0,5196.47
92b81836-bc29-4856-8859-4c8a9113ad42,11.66,11.87,8.28,641.79,glass,2,1111.14
ab62cdc8-9ac2-4b04-a6c6-21550dd57e7e,13.29,14.33,26.94,2854.93,fragile_liquid,2,5411.27
1503f174-95ec-46e9-8b77-d03751d4ea88,27.8,9.63,9.39,664.76,electronics,2,2308.41
532e743f-900b-4d56-81e8-264404db10de,25.21,25.8,7.77,1159.32,electronics,1,5191.89
cf70d1ca-877a-414c-a6df-44e61c1744b8,26.05,16.43,5.74,692.1,electronics,2,2095.28
f741a78f-70e3-4934-9cb9-8cc3d2aa1331,31.74,14.22,7.77,868.14,electronics,2,3736.29
20510810-dab6-4981-8a4e-f02d21d5816d,28.95,22.44,15.09,396.99,apparel,0,8454.2
f6b2e0eb-2594-4802-88d6-9cada857e4b9,7.88,10.18,7.33,324.9,glass,3,529.29
b8af4151-56f2-4bcb-a64e-e75bb1a5c9ce,24.79,30.65,10.51,1101.26,standard,3,7569.51
03175086-d4e5-4de2-bde9-9d1919a6f679,19.29,17.27,25.97,1574.77,standard,0,8842.31
e362fc7e-7546-4f87-aab4-de8bcf2a94ae,32.58,23.06,14.06,2710.19,electronics,2,10983.05
14d4aaf8-d77c-471c-b0a6-280328365363,23.73,13.09,6.24,473.44,electronics,3,2029.86
81b1a9ab-a1af-4fe9-8e56-485c88befcd9,37.26,16.18,22.67,2039.59,standard,0,13186.19
f5c298b6-eedd-473f-99da-6d97c8978e74,19.7,20.84,16.44,251.52,apparel,0,6612.63
54f216d0-8e83-4483-a2fc-7895419a9a4d,45.2,22.99,20.73,856.4,apparel,0,23078.86
23e15775-affc-41a9-8944-ef14ced499f3,15.62,23.41,21.33,991.74,standard,1,9110.83
4e6bf9e7-f8b4-4e14-8482-657f768be615,14.04,23.63,16.08,744.14,standard,0,4870.71
46ec40ad-21fa-427c-8909-847e1d09cbf0,24.56,6.69,12.51,548.19,electronics,1,2257.24
2cb7bb9c-6ef8-4631-ac80-376dd10fd372,30.05,27.56,14.65,1851.38,standard,1,12591.22
1cf9a430-8564-49c6-81c9-5a31c3b3e49b,17.11,13.12,12.66,1506.26,fragile_liquid,2,2248.09
e592d22a-d573-4de9-951e-431b0bd9140d,44.35,14.16,10.72,1089.97,standard,1,6141.43
d1b36c3b-3be0-4e23-88ef-d3e63a346026,23.15,13.24,9.39,1497.73,fragile_liquid,2,2486.06
1adfe707-05f9-45a4-98cf-bf2b60047c0f,23.42,28.36,21.11,503.7,apparel,0,10626.21
91438ef6-52bb-4f8a-969c-07061a636e30,17.83,32.8,16.38,391.83,apparel,0,10428.14
31a50ca1-22da-49a3-82af-72a71d1c33b4,40.86,30.66,9.85,464.81,apparel,1,14749.52
04452a81-55c6-4d84-bc6c-51ffac519537,8.14,18.74,11.44,151.89,standard,1,1723.44
4ae3258b-8ffb-48b1-8bad-dc07f963b79e,4.76,12.67,9.26,339.35,glass,3,522.24
5a4ab790-2ee8-4973-9dce-9f4f7f762213,19.9,8.71,9.99,309.59,electronics,1,1431.48
0482b800-3b9a-4488-a84c-0db2e14b4834,54.09,32.7,7.01,504.85,apparel,0,12130.94
819696a8-4e0f-4681-9eee-a075d0b2abdf,37.93,19.49,13.0,369.28,apparel,0,9555.5
7627b5b3-c6aa-45f9-91bf-f6ec0f4955d4,30.26,25.64,10.36,307.53,apparel,0,9122.38
a5598523-e92a-4e44-b342-b0ea87a45192,17.45,28.67,14.39,1083.05,standard,0,7756.65
a2e188de-3247-4875-8703-2b121e376a3c,34.71,28.28,13.23,506.77,apparel,0,12223.82
4eb5d771-fedb-4556-b62a-fd11459c74d0,27.46,33.83,21.76,3122.55,standard,0,19386.49
331c2539-8291-4dc8-9a6d-a9df8a8f87f8,35.83,17.91,8.83,239.33,apparel,0,5964.88
c4f91d47-b68d-4185-a9a7-ece8f5484b5a,16.6,14.7,12.81,688.64,electronics,1,3215.34
2e87d2de-6e55-4678-9e0c-f14209f486aa,40.96,24.15,16.07,630.06,apparel,0,16859.95
e8769448-acc3-4ff8-a65a-67036e78bd84,24.38,24.17,20.66,1806.55,standard,1,13816.49
4304ff1d-841d-4a45-b40c-4089cb614029,30.24,44.0,13.27,666.75,apparel,0,18469.97
acaf2668-7960-4b77-b0c4-45b1596f13d1,38.55,35.15,3.48,179.08,apparel,0,4580.53
64b7436b-adfe-421f-ad34-b6db2a56a06d,30.34,23.31,13.48,2367.54,electronics,1,10470.4
432b0241-476b-4ed2-8924-5b60d5d46103,32.21,24.05,11.93,348.0,apparel,0,9502.02
5899a68d-cfc8-4a82-91d4-0738e40111b1,22.66,18.03,16.07,3625.32,fragile_liquid,3,6193.17
d72d0265-8563-4c8a-9597-937a4c2b00cd,1.0,23.95,18.83,56.57,standard,0,400.95
affbc85e-f622-4f5b-ad32-86a6e2a9c202,55.88,24.47,20.76,4248.07,standard,0,27559.31
9ad364e8-f492-4789-9bd5-a6690c37dfe5,12.09,7.98,23.81,1263.0,fragile_liquid,3,2324.41
b7743994-a3cf-40eb-adca-fbdee89d087d,38.89,40.78,5.66,1204.77,standard,2,8594.27
284c2d3d-8cfa-4b54-95f9-4c99076f6bcd,18.77,33.63,19.68,1954.16,standard,1,13239.8
bdc56944-a952-45ec-9b4b-568227eab319,11.97,12.02,5.84,285.86,electronics,3,1008.5
3c2f1b1f-db62-496d-94ef-f2ce4611a51b,40.97,25.33,9.94,399.55,apparel,0,9755.32
f847b5f9-0bfa-45f0-a1cf-9a613e41d3b2,15.34,25.17,15.8,1437.73,electronics,2,6065.4
f5ddb879-b56b-4854-bed5-93e03f4a957b,35.48,21.66,5.46,905.74,electronics,3,3741.36
79b1e8e4-6b1a-41f6-a8a5-df59798f173c,44.18,13.58,5.1,703.66,electronics,2,3258.55
7ec2c2ec-eaa2-45cf-82ee-d97be9f46593,27.06,6.45,12.3,568.34,electronics,1,2530.08
c3ed0f0d-5650-414b-9ee5-ec0eb94c9050,33.8,42.13,17.44,1007.81,apparel,0,23855.88
e16eab7d-7805-4978-8de5-749869675b50,15.52,18.99,23.06,3763.82,fragile_liquid,3,5938.93
d524bb0d-f4e4-43a9-bab0-ca3a5bf99579,13.86,6.65,5.38,275.21,glass,3,409.65
a6db4de3-ce9e-4e18-a367-c3577e5ec641,36.34,20.42,16.47,1872.58,standard,0,10721.56
54bbd64c-83b6-4ce4-a740-9d28a109435b,17.51,8.66,7.89,697.73,glass,2,1195.41
2b12b4ab-cac1-45b3-8dd6-9c15e8d47a10,34.25,15.15,9.16,156.55,apparel,0,4293.63
40556902-f82d-4d14-9ab1-efe90113cb52,39.43,22.12,7.17,1655.02,electronics,2,6035.43
5a8f11c3-36b6-490f-8828-6bbd10f7e80a,32.59,26.96,7.28,776.36,standard,0,6789.6
038bf63f-7efe-48ad-9990-a18eb1e1bdd7,34.77,18.42,10.98,1654.61,electronics,1,5978.13
72c83322-95c6-4255-92c6-4a18b4605ed2,10.01,14.11,8.67,641.98,glass,3,1117.88
f3b63a21-a690-414e-a01e-4192f2d8a595,16.17,17.07,21.03,3120.27,fragile_liquid,3,5480.92
a18d7a3f-c2de-40e5-8bbc-a1880f5640e9,37.56,25.66,15.22,598.98,apparel,0,15574.71
daa192bf-a858-412c-8ccb-9a15c3cda4c0,35.25,19.7,12.41,2135.75,electronics,1,8202.52
c8173522-858c-4fea-9987-c1a3001d4246,31.02,30.16,16.83,617.0,apparel,0,15393.22
dd56675d-6a19-4b68-bedc-7dd7f315e41f,41.25,17.99,15.86,475.2,apparel,0,10831.56
0164f16f-5d64-44a1-970c-c8804f7bb2d5,8.63,6.75,9.41,330.31,glass,3,606.04
fef2d56d-8371-4751-9f23-45c4136e3d9b,13.14,10.84,19.58,1518.57,fragile_liquid,3,2993.57
e2e221e7-21d8-4b87-acaa-9fdb9b8f1deb,30.61,30.14,20.05,2775.78,standard,1,18062.12
288a84af-3483-4d44-a94e-a930d4fc9274,24.11,18.88,14.53,291.77,apparel,0,6795.55
993b4f19-f201-4e3c-807b-4b94784db39d,18.38,14.28,6.09,343.06,electronics,2,1746.52
952047aa-86b5-4ea6-a860-c4319168f6b1,27.48,25.84,2.96,67.14,apparel,0,2538.26
f05874fa-d5f6-4d67-b097-6ae39e2e5927,24.94,25.97,18.1,446.65,apparel,0,10915.69
2a7a3e51-3db8-4319-afe3-26458825697f,18.93,18.37,2.61,169.98,standard,0,972.27
725fa798-5915-40f1-acc7-269edc872a76,19.84,16.08,14.92,2703.18,fragile_liquid,3,5155.56
3ad74e44-3702-4801-9068-2b7a8a1f201e,41.49,18.94,18.02,599.92,apparel,0,13632.19
08bec61a-4f38-44ff-9eab-2b6e862a404b,22.82,14.88,16.38,3075.21,fragile_liquid,1,4810.28
74aa3db9-96b0-485d-848b-28efd247b4bd,30.85,25.95,13.62,459.98,apparel,0,9927.5
e085a132-2706-4c97-8216-3e00b8c755e5,6.75,23.46,35.38,805.41,standard,0,5377.3
30c75060-8c7f-4298-95e7-6825392f651c,16.99,9.82,9.27,356.53,electronics,2,1504.08
0331935a-c622-4bd9-a77d-1756219844ac,39.91,33.71,13.79,792.58,apparel,0,20230.28
95322f7e-dfab-44fc-90a1-9a8602b416e6,28.14,21.31,3.85,544.16,electronics,2,2005.0
9a1a2033-1753-46e3-944f-0371f55af431,8.68,11.73,28.06,1499.43,fragile_liquid,1,3472.17
c25a04d0-7ebc-46a2-b900-bf59a209bab8,21.96,7.37,21.78,1939.45,fragile_liquid,2,3337.38
e82d77d8-06fd-4160-b7e7-d25f3c0162d7,8.39,13.02,8.78,62.92,electronics,1,1003.4
59b20e80-5577-4788-a9fa-f172cba5d480,13.29,14.27,17.69,1822.28,fragile_liquid,2,3329.62
afb396c4-c15e-45c5-a15e-7e0aa89f01d0,17.47,8.35,18.74,505.11,standard,1,2416.81
0d659a21-2cb9-4bae-900d-ede539d6a025,40.52,30.29,7.08,325.47,apparel,0,7887.59
494ad92e-dcfa-4822-9461-f68c6e8dbf7d,8.66,10.53,3.78,141.53,glass,2,401.42
97a43f60-d0a8-48a4-a6c9-a52a000ee3ab,12.1,10.11,6.74,423.81,glass,2,735.04
673fc412-993f-472e-a50e-eeb8186714bf,12.55,6.47,18.77,818.75,fragile_liquid,1,1490.91
d238c6de-aaa2-403d-8e0d-c6e309a3f6cf,38.14,22.3,2.97,94.46,apparel,0,2593.9
756739d0-f985-4c8d-bdcf-a6a086d1e29d,24.47,18.44,11.59,180.36,apparel,0,5322.89
e6bb8644-4fc0-47c2-b3fc-f7335b0bf8aa,20.43,7.59,7.04,631.07,glass,2,1054.88
1b3c3a33-4252-4f75-8b73-09ad851ab222,49.58,20.95,23.87,987.31,apparel,0,22312.45
8087fcae-bba8-47ce-8cfe-84b505d7933e,23.62,37.04,9.05,278.8,apparel,0,7685.93
b07a9f51-d37a-478b-a4fb-37a29bdc004d,30.33,21.66,6.97,203.1,apparel,0,4575.22
63703b07-287d-4056-b90f-c508a9f1a024,19.48,36.41,11.71,1087.44,standard,2,8724.44
e486b9d3-2245-4761-81e0-c1ef56de3250,14.03,15.89,15.76,852.63,electronics,1,3569.65
93ab0563-9af6-4b4a-a6e8-c54229c69083,13.73,7.84,5.97,407.44,glass,1,593.79
38c068fc-6901-4339-b5af-c5f5d67f5cfa,25.52,34.02,12.96,406.11,apparel,1,9633.85
c5aa197f-f702-436c-b623-a9ef028285a4,30.87,34.07,9.21,391.41,apparel,0,10081.7
7a7e7a8f-b9b2-4896-8619-c6005b92543f,34.35,19.36,7.78,1295.57,electronics,1,5152.71
3f3b829b-62e1-4760-b403-7f2241b0e0b1,17.12,24.89,15.77,983.31,standard,0,7089.02
29917275-3b87-47a6-b1fc-87e4966a4ab1,3.11,6.49,8.32,112.38,glass,3,170.48
0b222a93-5f92-4cd0-bc39-8cf76955bea3,10.42,14.85,12.87,1063.24,fragile_liquid,3,1778.67
c21a06c1-ec53-4a42-b136-8ad04efef12b,11.54,13.31,17.34,1486.31,fragile_liquid,1,2502.03
233cec03-145e-4640-b207-45b8e9cbfb61,44.0,17.07,26.64,3153.94,standard,0,20318.76
160f0e0c-f0a9-4740-974c-9901a2c2ab71,14.68,10.69,10.7,1053.62,glass,2,1938.43
a3e243da-4074-4256-bd94-ac797d0c6667,42.4,26.47,5.26,211.75,apparel,0,5508.12
cc1aff39-f2fa-4208-885b-74a980b5dcbd,32.02,27.51,16.18,539.57,apparel,0,16202.46
99b2454b-2987-478f-aab6-74a90cdb6112,30.64,13.06,15.07,1452.5,electronics,2,6153.69
b187fd97-63cc-429c-89e4-e75d0f18c92d,23.44,18.14,8.27,987.33,electronics,1,3215.49
c6f2c6b5-e609-403c-a9ed-6e61d445d6d8,52.01,36.43,11.83,910.86,apparel,1,20275.58
1fde9e60-3979-497b-a3e5-7b3aa04d0042,14.42,11.54,6.61,688.21,glass,3,1220.75
cce06ed2-6053-4a7d-a3b9-c3784171b771,32.29,18.69,14.02,2031.23,electronics,2,10113.28
135aef9b-e413-427d-b035-379e67a0eec5,10.36,10.52,14.62,915.94,fragile_liquid,3,1566.38
834d9a94-a41c-4df4-b4be-9b807ac27a2a,22.85,19.99,9.38,1044.86,electronics,2,4144.16
978baed8-b60e-4630-994a-43dddd9620e0,10.98,10.49,8.26,635.99,glass,3,1184.72
c7fe831d-f7af-4de1-8eb9-ad3405c956e8,11.44,14.16,14.22,1152.85,fragile_liquid,2,2361.37
d223f30c-e753-44f8-9d14-ce294888274e,26.77,16.68,13.34,1609.26,electronics,1,6522.49
40ed5ae9-3ea9-41c2-8374-b7cd8ed317c3,7.23,8.91,19.71,727.68,fragile_liquid,2,923.02
c933ca57-7d8e-43d3-8e03-e4f254cd15fd,19.97,20.62,27.41,1767.75,standard,0,12075.91
87a82be8-34f0-4379-afe1-e72973663e30,15.56,7.99,6.48,448.59,glass,3,924.6
61c96abf-5fef-44ae-9820-fe3f50123dac,8.22,6.91,19.35,558.75,fragile_liquid,3,982.74
56b0ea1c-e89d-43cf-a324-9b9473391699,39.89,33.39,16.29,829.3,apparel,0,23452.66
5bccd0d8-1b0a-4a6a-be2d-901229fbd559,35.35,24.43,6.34,179.51,apparel,1,5522.29
ea578abf-cd16-4ba4-b811-686931beade6,18.04,14.39,18.71,2567.33,fragile_liquid,2,4756.06
2e422297-fcad-417a-8bd1-2296f0d0b40d,46.27,20.14,9.82,326.59,apparel,0,9551.47
7a489a58-91d4-48c2-835f-695dd4da972b,28.14,17.86,17.04,1261.26,standard,0,8846.72
2545d21c-4c75-4449-ae6e-482e5b371eb9,9.04,18.9,13.19,597.8,electronics,0,2267.24
c5b16696-72a1-4ec5-894a-d86b060a06b7,14.78,16.08,13.68,812.16,electronics,0,3312.78
e77d850b-cbbc-4fe5-a609-006b4a4dea14,43.24,24.15,17.57,2849.53,standard,1,15659.26
770ea689-e26b-4659-a27c-d06eef9aa838,36.84,34.01,3.64,702.1,standard,0,4461.61
bad4df9f-aaca-45f0-9ca2-1d5cd31f9081,23.06,18.06,5.84,640.22,electronics,2,2269.81
5904d629-c54f-4e85-a5b5-68b90a247adb,8.66,12.14,20.87,1231.12,fragile_liquid,2,2360.77
c58b6607-bd20-4344-9f03-dac6fbde6f2f,19.25,16.92,9.76,658.38,standard,0,3083.22
65821082-d985-443c-a708-2a60e4c89ad9,41.94,35.95,3.17,220.45,apparel,0,4285.31
4a7a7b49-7413-4002-b033-c1b818d49a9d,9.61,14.9,24.13,1957.4,fragile_liquid,3,3497.15
d06b3328-e1b4-468a-baa3-24c036c109dc,40.62,21.74,13.72,448.91,apparel,0,11807.77
c537527c-86c2-40f0-9d17-44650cb40b36,17.39,23.05,14.5,826.67,standard,0,6361.45
83a4df6d-f976-4aea-a2de-aa94de2ceb35,21.16,20.94,8.48,732.44,electronics,1,3281.41
45631b5a-3cd4-4f63-b368-c4cedef8227a,26.75,26.22,4.48,160.4,apparel,0,3005.44
6144be51-2e8d-499f-b12e-ba5f115032eb,34.49,18.64,13.19,323.8,apparel,0,9122.24
a6854a51-740b-42e8-bd7d-d3d4c591c4ff,30.46,30.63,8.71,322.39,apparel,0,8436.13
0eca2167-591b-4fc4-bc78-c1c96a65babe,41.85,19.37,3.22,207.39,standard,0,2570.64
dcfab2ff-f794-4872-ac12-c121e061be85,7.5,8.49,9.39,368.79,fragile_liquid,3,648.35
52731fde-3d89-4856-afd6-ddb0adfb6e8a,10.53,11.77,8.6,482.99,glass,2,945.7
553802d5-a182-4396-bb8a-bc672a4a998c,39.18,24.4,4.56,141.74,apparel,0,4368.45
8ee48111-dd1f-43d0-9229-0e75ce0cc630,44.65,33.3,13.36,777.67,apparel,0,20957.37
706e1bdc-0a90-4f95-8708-b70185656b09,14.21,6.45,10.11,583.31,glass,3,1087.02
35fe65cf-04d5-48f0-8adc-7d3fdac868d9,11.87,10.44,11.25,843.5,glass,3,1483.8
143a1329-20aa-4f92-9b42-800978235c69,26.68,42.6,14.63,674.3,apparel,0,18596.55
342d87bb-6c27-40ec-85ad-80c932def5d5,30.01,20.36,14.94,1345.63,standard,0,10277.3
529f3f2e-adec-4827-9e66-0ee95fe0ab58,23.3,13.08,9.44,653.9,electronics,1,2794.79
31e8018b-7c00-4714-bc9b-c8b901e08706,22.65,16.04,12.94,2624.18,fragile_liquid,3,5258.44
409c5db1-f975-4953-b1ce-c376898d953d,13.26,11.27,9.22,896.52,glass,3,1323.25
e236cfeb-0677-4465-965f-ce7eabce4ccb,35.31,18.2,6.48,180.0,apparel,0,3815.89
cbe1d794-3cac-4373-ad61-a88fc2c91009,16.41,13.44,19.14,2338.47,fragile_liquid,3,4400.69
05120c47-4331-4c5b-8623-58c6181a122f,23.38,22.79,27.18,2172.84,standard,0,11740.33
6b95c85b-b34a-4fee-80be-8dd67d348e01,39.29,29.99,15.17,722.8,apparel,0,21352.44
8a94cb16-8b9e-4ed6-864b-f5ed7624ccb5,16.79,10.13,10.15,960.18,fragile_liquid,3,1985.64
6f103b91-345b-4f14-a9c3-3341a39882ef,40.23,32.34,18.34,981.3,apparel,0,23809.79
65607418-2ec7-4d6f-b3e7-6fd823d5e38f,12.7,8.42,8.66,570.92,glass,3,896.6
f11af879-eaec-4ea1-b489-c77f0c5ec718,14.35,10.45,5.62,664.08,glass,2,826.41
fa7d4166-bfe2-49bc-8e01-0a650efb7621,24.5,13.92,4.12,433.98,electronics,1,1410.1
3e87a270-c6db-4035-8357-8a309667be13,11.02,7.47,10.03,466.17,glass,3,888.41
de9eafec-c8fb-462b-bc8f-57cf01b44715,18.33,24.86,15.95,266.92,apparel,0,7816.74
33e90d5e-a846-4f70-8f7a-7810222c9cc2,10.96,9.27,21.28,1165.0,fragile_liquid,3,2138.2
fc347577-1281-4bd4-933c-9ebcf98cac4a,16.63,26.04,16.01,287.11,apparel,0,5870.37
94301c3d-66f2-418a-9981-3b23a7d4ebf4,34.66,13.62,9.99,1189.45,electronics,2,5450.87
bc22c741-19ca-4cd7-a725-e6bb04073cd4,15.87,13.22,9.09,1184.03,glass,2,1894.45
0e69cfee-b740-4abe-81fa-3f6c7adf824b,40.42,24.82,11.09,432.54,apparel,0,11175.7
70aa75c9-2905-4e55-8d02-a7f7741707d8,5.09,27.83,9.73,136.5,standard,1,1448.18
fbddd02b-ac16-42d2-9e76-4426d2c501bd,26.82,29.14,1.0,45.78,standard,0,700.7
731029f3-ccfa-4761-99dc-234a49d4b84a,18.42,11.39,7.8,1027.48,glass,3,1693.49
d628465b-306a-4a83-98b9-6d39ab293001,28.89,26.48,1.0,84.79,apparel,1,747.79
4ca25fbb-26ef-403c-986c-44127eab30aa,39.71,23.67,8.7,2056.35,electronics,1,9125.4
5ba74569-92b8-43d2-b826-37e2c3750630,12.3,11.23,13.6,1179.64,glass,1,1976.77
fc8af670-7247-4989-b5b7-9c670193acf0,15.41,7.36,11.37,681.97,fragile_liquid,3,1218.27
68a34c2d-679d-4571-808f-e39e83647405,37.96,18.97,11.68,2087.32,electronics,2,9891.24
0d629709-9333-4689-b99a-f86b32141cc5,15.02,7.42,9.64,627.39,glass,2,959.72
6aa59e66-eb7c-4b81-8cba-2e6ad96f3a3e,8.58,15.46,8.56,700.13,glass,3,1344.38
dcb536f4-ab0f-471c-b7c3-b2cccf14e7d3,14.79,8.45,7.27,551.93,glass,3,938.13
df60cc97-b7de-461d-acbf-e04fdc5c55aa,46.84,21.7,6.85,278.89,apparel,0,6490.04
dcceda40-8e76-4651-8a75-54e4dc42a486,39.93,26.5,17.58,2859.34,standard,1,18922.23
055bf7e9-351e-41e0-b15a-dc2b026c5ec1,40.68,34.52,17.71,977.14,apparel,0,24110.76
13fc5cc1-ce9f-4f67-89fb-0769e2c8fdef,11.25,7.86,8.02,409.92,glass,2,705.94
bc9d9395-42b5-44d6-bc9a-a56de974d070,6.73,24.13,3.18,141.11,electronics,1,443.68
a86fafc3-90e8-455f-9122-4bb0b4e6a820,11.04,13.23,7.8,751.35,glass,2,1228.32
65e53c09-8bb4-4664-b3c6-0825242c28ec,22.77,19.68,15.36,1128.41,standard,0,7049.63
dda1bb50-ab83-4eb9-900a-c8ecf0f948ee,27.75,21.83,8.81,1256.98,electronics,2,4989.77
98ca86b8-d799-42cf-9e4d-81df4d2e4c3f,19.28,13.48,22.17,3161.56,fragile_liquid,2,5385.38
6bd5deeb-0a29-4681-adda-3473b9906bee,12.76,7.16,15.69,831.41,fragile_liquid,3,1160.5
62e93e9a-a1ca-490d-ab5d-0a6ae74de907,36.71,46.91,16.76,1126.03,apparel,0,31031.78
8d39c02c-f290-4f32-bdbe-b7b5bf70fc66,16.96,24.89,6.93,341.61,standard,1,3340.24
2d039a5f-a08e-4cd6-8a15-24ede2b9864f,26.28,9.51,8.62,560.0,electronics,1,2218.1
a5841e46-bb81-43fb-a462-0195edf8c6a2,27.82,12.13,24.97,1229.82,standard,3,8430.26
c962c6c6-a56e-4909-9ae9-a4552d475539,11.81,7.77,17.79,956.84,fragile_liquid,2,1630.43
ef36d34b-f053-4b91-8880-e4c0aca99b19,1.0,18.15,4.09,48.35,electronics,2,84.32
91fc1e62-6c25-4486-af18-e7356a1032f1,34.5,12.65,17.07,311.83,apparel,0,6628.89
7b9e5ef3-95bc-4b3a-b5e1-14fc605f32f6,28.6,18.75,11.45,1422.66,electronics,2,7347.12
fc626670-0a2f-4f96-9ca7-087717608a89,22.48,16.37,13.22,1161.99,electronics,2,4840.79
677b2667-c78d-4a80-9559-995933685086,13.81,11.89,15.36,1369.74,fragile_liquid,3,2509.12
e590b59c-db21-46a3-ad7a-c945420a639a,11.53,7.04,10.62,212.45,electronics,1,692.41
a668e7ca-228e-4f46-a9a4-5fcf41f8ff17,13.83,12.32,18.36,1726.07,fragile_liquid,3,2830.91
c41ae806-9276-49bc-a862-2daea1d4e40d,30.14,34.67,10.36,466.71,apparel,0,10924.99
5d6553ed-a401-4ede-b4cf-2678b3dbba7b,17.17,13.72,5.91,194.33,electronics,0,1502.01
0a325563-3a4f-4c32-87ac-c9dc15c5a68f,29.98,23.61,11.99,2137.92,electronics,2,8274.45
484eac12-28ac-4f98-b9e3-c751505c0208,9.85,11.52,4.96,395.58,fragile_liquid,3,454.69
872e12af-ef53-4464-9a1d-3bd3c911056e,37.45,4.84,10.81,411.13,electronics,1,2120.9
f027e712-1d29-4216-b36b-b7de4a2252e2,15.59,34.83,17.05,1507.48,standard,0,8087.66
35a737b8-815f-4e50-9db3-56539c4396ad,34.61,36.73,7.92,433.09,apparel,0,9765.73
f91f54d9-714d-4d62-a55c-378c0b533478,21.75,27.45,12.48,1867.64,electronics,2,7685.63
73aaeae1-f5e8-45c5-8ffa-5914f1beffac,23.93,14.89,16.71,1596.43,electronics,1,5239.58
37a8a8cb-0f18-4ad7-9805-9358e21dc1d9,13.68,14.99,8.0,523.82,electronics,1,1684.44
95f9b822-ce37-4fd7-ae56-189ff1e3c6ec,32.14,25.66,10.19,2332.39,electronics,3,6987.48
026020a9-24f8-4bfa-8808-fef6ef879a08,16.81,15.35,8.57,666.68,electronics,2,2208.74
be22b7bc-bb52-442b-907c-bafb40a75256,8.65,24.88,11.34,99.28,apparel,0,2206.03
eb2a08ab-f1c4-46a9-bdb5-a699ea21c84c,5.56,6.58,10.19,184.62,glass,3,366.42
f77e65fb-f46b-4c0a-8062-87e085aaf1ce,12.75,9.21,10.65,704.34,fragile_liquid,2,1242.19
c59a8437-22d4-49ab-923a-e6ac450486ee,32.35,19.35,12.24,1922.34,electronics,0,7367.19
1ab0ca37-7272-4417-ba14-766d1b537900,13.09,4.39,3.59,179.58,glass,2,191.75
baf25867-5581-4c1f-b6a4-a4f0ca448f6d,6.07,25.67,16.79,382.17,standard,0,2693.92
3a6eb0ef-65d5-4385-9088-6b9dce8b02db,14.67,7.69,18.73,1236.17,fragile_liquid,2,2197.58
9e0e6507-1855-4806-9446-9e09093d832c,29.24,17.13,12.28,1498.25,electronics,2,6708.3
9d319340-3c34-4f48-9a44-d82b54626476,12.39,3.5,5.35,130.63,glass,2,240.62
0c383659-69bc-4029-9983-c535c26383a3,12.24,8.3,6.78,393.91,glass,2,681.18
685ca106-6330-4e75-abc8-21777d2c33fa,41.31,22.45,13.84,543.91,apparel,0,13419.8
f8ce39e3-b740-4fd1-b21f-55d862d90f3a,36.01,15.54,18.8,1728.47,standard,0,9410.52
d99ad446-a48f-4e1d-a3c6-dec2122cf7b5,33.71,23.01,26.57,3230.55,standard,0,19975.69
ab1e0dfa-b468-46f0-8fb2-b13cbdb9a3f2,15.24,12.51,17.92,1933.9,fragile_liquid,2,3864.99
6d3fda88-c1af-4745-8a9c-260307ebb134,9.28,16.23,15.0,1174.58,fragile_liquid,2,2481.36
504d0aa6-8d43-443b-b52f-9ab117b3cf12,22.54,19.17,11.85,1404.72,electronics,2,4704.57
452010bb-0fa2-46f7-bf06-5f26f3f50ca9,22.86,24.99,9.99,1472.34,electronics,1,6180.97
20b8145a-0723-4793-b162-ad9634b42759,30.75,28.88,11.62,1526.87,standard,1,9405.01
5a3db627-01f9-4165-9ceb-a325e2e271d6,12.67,10.43,7.0,584.3,glass,3,905.03
8abe4795-0e11-4411-ae12-4add42730185,23.2,15.92,7.75,753.9,electronics,1,2803.83
ee327d71-023b-4728-9913-eb00302ab0c2,27.49,18.17,9.75,1193.64,electronics,0,5026.52
4302f191-f248-44b5-8d5b-f6fd9e574182,54.63,20.91,14.77,677.45,apparel,0,16116.22
61f7a0c5-44fc-4f0d-ad6b-4081032ca755,18.18,14.45,14.7,2119.77,fragile_liquid,3,3969.56
67233505-3624-4ef3-a892-1b54344e9fec,36.31,12.83,10.54,1345.39,electronics,1,4419.42
af59fa2d-f28d-4a91-9936-24ccbff33bc2,20.72,21.41,17.22,1265.43,standard,0,6891.87
69788177-5a97-494c-a315-0d3f099f4acd,15.58,24.14,7.07,70.34,apparel,1,2724.13
89a99536-5f8b-4aae-82e7-85d5eea0101f,57.99,19.76,11.75,2050.53,standard,0,13586.93
096adfca-0185-4104-b58c-b46130f01dff,13.37,11.41,13.7,1083.24,fragile_liquid,3,2345.68
b4b785ac-7356-48ff-b7bb-a04e8bed8a8e,14.94,34.45,22.06,1728.24,standard,1,9432.5
a8b752b2-5452-4a07-8e50-114ad731d94c,31.34,32.74,23.56,3577.46,standard,0,24371.49
f5bd7d9d-88e2-4b28-858f-4b380088964d,19.94,21.55,12.09,1434.29,electronics,1,5724.47
32ee57c3-ac9e-4179-bd1b-acbd3d34c7a3,19.21,17.46,3.82,194.54,electronics,2,1137.99
838b6c85-4cd7-4bb4-b429-f4b73d6a4d8a,11.15,8.85,4.87,273.59,glass,2,490.8
4677f8ee-9c40-4503-be29-01773ea2ca4d,12.86,12.07,10.5,996.97,fragile_liquid,2,1598.98
746f9f48-5718-47a1-88c5-33743a726875,44.52,38.24,16.29,4062.3,standard,0,31657.98
8be6ff43-6997-4b77-b58d-90d7ef258d2d,12.64,14.03,21.84,2192.24,fragile_liquid,2,4018.3
4a5af1c4-029c-4ce6-a809-ca13b47f7a8d,26.36,12.18,11.26,638.5,standard,1,3520.69
740de693-447e-4ed2-9d8d-1bec8eabb268,43.58,33.93,16.3,1025.18,apparel,0,25408.75
287c3bf6-1654-4b2e-8c61-19c0808bb660,37.06,28.7,14.87,2365.29,standard,1,19382.28
287ad62a-46e1-45fb-8ce3-7b971c198e3c,12.67,9.32,24.83,1647.86,fragile_liquid,2,2700.98
16e3d04a-cd61-434a-99e4-55edbe771f60,13.62,7.22,12.71,664.48,fragile_liquid,3,1297.23
7b074d9a-690e-4031-a4ab-b556f89b8bb7,13.13,27.26,5.66,289.21,standard,0,2190.07
e32173bf-72da-437c-8f50-979cf5832372,44.71,25.6,9.69,429.93,apparel,0,11144.66
21f013b2-6a34-46a3-aa80-29d2ed9d6571,24.93,16.32,7.03,716.94,electronics,1,2547.58
245d01af-c6a6-4583-b08e-6480b2b0b5ab,2.39,10.75,24.02,486.57,fragile_liquid,2,682.4
7a367f47-42d9-464d-bc67-088938e4e9b7,9.42,8.78,7.7,465.88,glass,2,646.27
c59005ff-bd08-451a-a10f-ca2d850fb5d3,27.18,18.34,7.32,798.92,electronics,1,4451.43
19ded27a-4ac5-4b4c-9e03-44a89cc07e1d,55.92,21.77,13.13,610.27,apparel,0,16630.01
d41a41d9-f63d-4d4c-a481-112261e87130,44.27,36.68,8.26,544.4,apparel,0,13206.2
b3bc7763-d899-44db-aa26-e9dda1c7e9d8,12.84,13.97,17.38,1763.18,fragile_liquid,2,2427.02
0d2b1b01-07dc-451c-a4a2-4834e465c72b,26.96,48.26,13.1,631.06,apparel,0,16789.09
710da1aa-379c-4106-8a42-b1263745b5bb,46.29,28.21,10.46,578.85,apparel,0,14172.52
abbd7a71-6d95-499f-bb6d-fde4ae206910,27.3,12.39,9.63,743.93,electronics,2,3498.11
b7b8753f-8b7d-41ea-8a98-1954f4d23c57,28.62,14.1,11.92,1244.38,electronics,2,5112.52
54a65595-c6ee-443e-a752-142776ef8dcd,18.57,40.61,5.32,176.77,apparel,0,3334.96
cefd8878-276c-4425-944c-c591aae88c74,13.99,17.94,12.77,602.39,standard,0,3399.02
e0343897-dbb1-4d72-9e14-0ab187637c7d,13.99,36.6,8.35,1107.07,electronics,2,4715.05
b85be8d6-9dd3-4fe9-a56f-906d362abb34,39.84,32.19,10.3,517.57,apparel,1,15132.83
68d3d6da-170a-4123-8327-3f8e64f4585a,44.45,31.68,3.48,751.33,standard,0,4299.24
2c0dc79f-c235-4f95-aeb0-3f8a773e96fd,10.86,5.0,14.85,516.54,fragile_liquid,3,784.1
7e6ce944-67b3-40c4-878c-6e7bd258055e,11.71,19.63,9.47,371.48,standard,1,1604.51
d51e6aca-5f3f-419b-83f4-318e50f88ba9,33.72,17.29,26.31,2204.21,standard,0,14166.71
0df30468-b4b0-439e-a394-ec103876a84f,36.3,37.57,10.13,573.34,apparel,1,13363.19
7b6d96de-257d-44aa-9a63-fff77760bd53,33.67,26.0,1.0,55.98,apparel,0,1011.33
0c4eb143-d17a-4397-bdad-5376994e0cca,33.04,20.8,15.79,1582.11,standard,0,9375.68
3f579736-3af9-408d-9b01-659d3bb6304c,37.88,18.04,11.52,1107.02,standard,0,8331.05
b4595c3b-4954-4811-9f20-343bef4f70a1,38.88,37.18,15.11,3368.28,standard,1,18484.76
6c858d67-6e6a-488a-a096-f439011760b9,17.68,13.6,12.89,1603.4,fragile_liquid,3,3146.58
1e94bdc2-3cfe-4a46-bb7e-d000e69ca878,34.53,30.59,12.98,506.29,apparel,0,12465.49
1ca6bb61-f483-488f-a281-ffd2eee6ff9e,23.48,29.82,16.16,479.05,apparel,0,12964.62
fc3e23a5-106b-4c73-8d10-58f52d171f36,13.43,13.19,16.75,1556.81,fragile_liquid,1,2803.7
1fbe2472-d058-4423-90ca-7f57488c2f7e,15.37,11.76,4.53,151.84,electronics,1,829.9
6d96144f-c9aa-4e81-819a-e4f0777f2af4,10.22,10.59,14.1,753.81,fragile_liquid,1,1550.93
6ebc0711-6f8d-4cba-af0e-e886cfbcff82,22.8,14.5,8.25,746.1,electronics,2,2424.73
cdab4db9-00ad-4f52-ab81-7a6c15e5e341,30.41,14.33,20.89,1262.79,standard,1,8476.76
d5c091b5-32c2-4aa1-ae57-d2d47e431c43,11.28,8.1,5.5,331.23,glass,3,480.85
1aaaed70-c835-4eb8-a7b0-b2150594da3f,5.04,9.55,6.6,194.15,glass,2,308.46
820cf24c-a5e0-4b03-9c3c-eeb9abd1156d,28.45,13.05,10.71,120.92,apparel,0,4242.81
fabe5c4c-0391-4963-96bc-5db98c0e7883,15.22,14.67,30.1,3734.19,fragile_liquid,2,6146.58
a4cc93b6-9833-41d8-af83-cedd91cf4a08,14.98,10.26,8.97,841.19,fragile_liquid,3,1443.51
16e3988e-0cf6-4cab-b6ad-4bd5949923fb,45.08,14.85,9.85,1021.82,standard,0,6117.32
aebfeeb9-1758-44d1-aeeb-7d9aa23953df,18.0,33.55,9.04,1384.99,electronics,1,5332.81
cb0b2818-627c-4c1c-a9a7-f74222f1e288,11.24,4.61,9.12,325.84,glass,3,396.69
58851557-c387-4c9e-b7c4-3933b2fbce58,16.35,11.93,7.47,907.1,glass,3,1371.33
f5b26b21-5f1a-4a4b-98f9-458960e28436,45.01,37.09,22.0,5446.12,standard,0,38198.76
3630a8a2-d00f-483f-a30c-d54d06c0fada,20.89,26.06,8.01,978.32,electronics,3,4614.16
4a1f0978-55cf-4f93-bd70-59380d7a957d,7.9,9.65,7.29,323.18,glass,2,650.01
e3aaa9d7-cdc5-4354-a4b6-0ca78c6145a0,38.03,14.43,11.57,1037.51,standard,0,7603.03
78ae6e76-af01-4cfd-a1b0-225b2a9d9c18,34.14,18.65,11.37,1746.75,electronics,1,6688.92
8b5d7c00-76a3-40fa-aee2-2c748001f639,18.33,8.33,12.92,504.78,electronics,2,1829.69
8ae04874-6d34-415c-866c-eea31ffeaa0a,21.8,11.38,17.27,600.46,standard,0,4537.78
dfae28d6-292a-4b8d-b0e9-c6acfee37860,13.06,12.11,7.92,804.19,glass,3,1393.65
cd84b418-8843-4941-9e6c-47fb2bb909d3,14.22,10.36,23.84,1922.38,fragile_liquid,0,3731.58
4d7b4c16-2d4e-4484-9b8f-a8a894b43518,13.01,7.18,6.85,423.8,glass,2,735.69
447de637-13ab-4680-bdf5-2d8d9301351c,16.94,20.62,27.65,1369.8,standard,0,8388.75
633bcd75-eb47-4781-bf5a-4b750654eeee,10.56,12.12,17.86,1338.36,fragile_liquid,3,2175.75
13db969e-a362-432c-a408-329574dae0cb,29.48,28.54,14.13,435.87,apparel,0,12245.72
68cc4f7e-157b-4ae8-9b25-50d173dbbba2,23.66,6.41,5.74,141.88,electronics,1,920.91
bd5f56a7-1e99-4fb3-a300-3ad27f4821d1,37.45,21.76,15.38,492.4,apparel,0,12481.25
b5b5d01f-0a35-4089-a497-73752929e990,43.02,6.86,9.2,697.28,electronics,1,3432.08
7594e10b-e281-40be-b47b-66fdf716986b,16.45,18.55,19.43,3247.08,fragile_liquid,1,6103.3
afb8db45-b2dd-4bcd-91d8-6cd627f646b0,39.09,40.32,18.89,4496.67,standard,0,33360.22
b022407b-4e84-409c-8f53-19f37647b004,45.09,20.38,10.3,1576.32,standard,0,9250.4
5fd2b826-46c8-49ab-8220-ee10abb1e09d,54.08,31.1,13.7,922.92,apparel,0,23599.27
83e94084-34ad-4655-93fa-cfeee9dd8962,28.42,30.22,11.37,392.5,apparel,0,10752.58
3122968b-65aa-4601-95b6-ca44ceac1c85,24.93,13.08,9.05,766.79,electronics,2,2718.48
89eb1c0b-84e3-4d6f-bdba-ff838244a9ee,17.99,11.18,24.72,2882.02,fragile_liquid,2,4271.57
5788a3f9-c94b-4efb-b2e0-fd6ad4704f16,17.03,23.99,5.86,686.76,electronics,2,2367.33
26d66249-8cab-4035-a10c-2823a8d9e86e,6.91,9.74,14.08,509.6,fragile_liquid,2,933.55
3c7bfb91-4ff7-4844-bebc-b5cd3df6849c,4.46,17.73,7.68,10.0,standard,0,660.14
07dc813f-1830-4dfb-be22-dee8c2351849,35.93,28.54,7.32,331.88,apparel,0,7223.45
69111bba-5f91-4ede-9852-8b6c82c5aad0,15.04,6.62,18.23,980.48,fragile_liquid,3,1839.94
6b05cef0-d752-4e45-b853-73146b4a6509,22.95,9.94,6.85,388.35,electronics,2,1591.8
06cb90d5-9eef-4673-953d-de3b05307150,25.05,25.57,21.18,2027.66,standard,0,12048.39
a5f80668-199f-4284-8e2a-9c8332bb25d2,63.19,28.25,16.15,1153.23,apparel,0,32186.02
88b0ec86-0d7b-4c0d-bcd8-16d91121b8c4,26.44,31.35,3.98,115.46,apparel,0,3855.86
e21f822d-9e39-4526-98c1-beeeb51a0c77,15.92,11.62,20.76,2108.01,fragile_liquid,3,3836.62
6b313957-1af1-4c4a-b917-11812b57c8cc,36.44,20.35,9.72,1830.53,electronics,1,7795.53
afde625a-2edb-45e2-ab18-875df763ac99,42.24,18.57,8.54,296.8,apparel,0,6262.95
74836600-50af-48ee-a8d0-016e1e9a385b,15.38,11.05,18.75,1879.87,fragile_liquid,2,2988.44
c0182d50-3b12-437c-92c8-a5fb9adb048a,8.4,13.38,11.14,693.51,fragile_liquid,2,1122.69
1f0c193e-14b0-4cd4-9416-f5b2568f3791,8.25,10.25,6.66,324.02,glass,2,497.27
a2158060-e86b-4806-b2b7-76a9f7e13eb7,24.08,12.73,27.02,4615.7,fragile_liquid,3,7810.7
55efcfe6-758e-460e-921f-6e788442c70e,51.19,13.43,16.02,438.08,apparel,0,9610.26
431e2bc3-3c2a-4b88-93df-f9da570b5c02,32.02,39.06,14.06,727.6,apparel,0,21389.0
463fb205-ae6e-44f1-8ba3-031f9379cf80,25.94,13.98,13.83,1365.14,electronics,2,5741.75
6dbd7ef0-79af-4a14-a567-cfc450f07a53,40.85,16.07,20.61,3466.79,electronics,2,14592.55
af3fa98f-6d5f-484c-b996-41e424303a78,31.62,23.61,17.18,517.45,apparel,0,10061.06
162053cc-22b1-4f9d-bb63-e7ebddde9f86,9.67,8.82,19.81,932.82,fragile_liquid,3,1834.06
274e0093-2c3d-4253-80ec-663c072462fe,7.67,7.5,9.43,332.64,glass,3,472.63
f9f3a999-c919-431f-8a51-f64f7e76ece1,35.98,17.58,9.55,1622.05,electronics,1,6519.59
8a232692-a501-4262-a226-18e76c3585a6,40.55,41.07,17.08,1173.02,apparel,1,28653.67
57ea6bc3-3aff-45d3-82d5-d4ffe1519483,40.84,29.3,7.94,348.58,apparel,0,8386.89
a6c79a0b-4b69-4d22-8b97-e2fa70fd7373,41.98,20.33,1.41,96.81,apparel,0,1061.76
e99089d1-844a-4922-a912-1cc6f5601ba6,34.49,40.39,10.68,597.65,apparel,1,15042.89
6785be86-1eed-4fbc-82ac-5d28662fbdfb,4.03,16.4,3.58,249.54,electronics,2,227.24
5eeb59e9-a83b-41bf-81dd-3c33c5386416,32.34,20.83,1.0,29.86,apparel,0,630.68
8f5c870e-e0ba-48f6-a5e7-28f6eae1592e,35.75,12.22,14.86,1028.54,standard,1,7928.72
8b47cbe6-9184-4855-a14c-ca2120412d27,36.52,17.55,13.09,315.39,apparel,1,8275.06
55de9fc7-7ac6-40ed-a1aa-d836f15c2e50,12.28,13.99,19.96,1998.2,fragile_liquid,3,3341.69
32163dcc-67fc-44ce-8273-f7ff9e9ae7b3,17.85,15.22,14.37,983.63,electronics,1,2858.71
a8109468-d868-408a-91b2-577acd784e50,13.99,7.19,9.14,602.53,glass,3,831.3
1aff5a82-6cd8-4029-bd63-56980f4e24ac,27.52,18.18,20.94,424.79,apparel,0,10890.18
2acfa402-38b6-4b0c-a735-d37ece83a05a,13.25,29.76,26.03,1476.87,standard,1,9383.46
31ba0b39-5cf8-43ca-abab-83ce1decf719,22.91,21.96,10.83,1333.09,electronics,1,5984.75
c0a17d5e-d055-479f-ac0c-619bacd7a844,26.52,6.97,3.39,102.06,electronics,1,493.31
b4fdf86d-5acb-4ecb-98ce-7b92e1e5d219,56.1,24.51,3.36,223.73,apparel,0,4152.46
0b530827-6a3f-4f7c-9153-bbbf171d4f52,9.39,10.83,7.53,427.55,glass,2,735.62
2636ed7e-fcb2-43fe-bc7d-3ad169676b48,28.26,24.39,10.32,1770.35,electronics,0,6532.06
cb13993a-b688-4ca2-a460-b40688e788b3,11.51,12.85,6.62,584.01,glass,2,935.9
2874ef05-a162-4084-adcf-7d3aacb35852,16.39,10.51,22.36,2156.42,fragile_liquid,2,3575.32
0d05569c-1d48-4590-975d-2c15c67b8007,30.41,11.87,11.36,518.7,standard,0,4021.28
64e04ff0-0534-44aa-8e58-9f00f020d5b9,36.19,12.54,4.13,600.12,electronics,2,2039.65
ee0711d5-9046-4a31-bdc2-1f81773cd841,51.54,10.21,10.55,220.9,apparel,0,4600.33
16fe6d89-51e6-492c-a2d6-614a850fe9ee,50.37,48.23,21.7,7976.3,standard,0,47818.44
cf447f6c-5fab-46d9-872f-93873919900c,19.96,26.15,14.0,282.38,apparel,0,8269.74
6e4efb66-a39e-48e7-9235-1a7d915390fb,10.78,9.05,6.69,392.88,glass,2,624.05
d255752f-3ac2-46b7-ad7d-ecb3d6529f1d,11.12,23.2,15.3,984.42,electronics,1,3865.2
cff36b62-de61-4907-9ff3-b02d93c90d3d,15.03,18.7,14.03,1099.87,electronics,2,3698.58
a58da8ef-cddf-4066-9e4b-766f36fbae6b,21.36,11.18,7.1,481.07,electronics,2,1787.62
cbff2a22-d006-49d3-aca7-6f8d6f6e8114,28.67,15.53,15.1,1700.07,electronics,2,6350.44
0d548248-3798-40c4-ba97-54b0f04f7efe,15.86,10.92,9.97,1111.66,glass,3,1842.62
9830c887-e4cc-47ab-a2b1-11a0803058c3,39.87,2.18,15.79,413.5,standard,0,1425.25
5df28805-5656-455a-84d7-0776e7b8fb1a,40.09,42.75,12.41,827.63,apparel,0,20992.83
362278c8-1040-49ae-8f2a-a40db024e01d,42.75,15.99,17.89,3018.57,electronics,3,11959.65
55d638f1-2f4d-438e-8375-8958c4876b18,19.17,10.45,18.51,658.57,standard,0,3321.03
648d0385-0f9e-459e-930f-edbeaca3c5bc,25.68,15.85,5.13,518.48,electronics,1,2223.67
03bbe946-50f7-45f8-9800-c5cb45fd9732,36.76,35.45,4.47,235.66,apparel,0,6046.92
b8663982-4f41-47fb-81e3-17aca5c0e3bc,26.61,19.58,17.83,2225.45,electronics,0,9321.41
35567cd2-0f04-4997-b72d-76d05d273576,15.82,31.11,10.58,830.03,standard,1,4166.19
14043f62-e62c-4088-96de-cf1da0bb0d41,31.65,6.78,14.89,810.1,electronics,0,3888.7
85898aae-9c94-442d-a737-15d56ebbbea6,34.51,19.04,11.86,1968.58,electronics,1,7141.39
1fba7776-61a5-4dc0-9b49-010c04dbb62b,36.21,28.1,23.36,3585.99,standard,0,21855.59
422e34eb-553b-4d79-aafc-e0eae79043ca,13.37,16.52,5.43,343.47,electronics,1,1378.15
e0621969-566b-40c9-bf14-eeee73634f9d,9.9,7.26,18.13,704.77,fragile_liquid,2,1189.31
8f776b0d-1ecb-48b2-9ecc-744e46b6e5cb,3.13,13.55,9.64,283.74,glass,3,413.77
5746ae8c-0881-4d6a-843a-7737ee79417c,37.53,11.74,7.91,385.12,standard,0,3160.27
e4b802b5-5505-4d35-b531-8a6756a742b3,33.0,9.77,15.32,748.91,standard,0,5026.27
6ca8cbdd-8701-4273-8ae6-c6cfa29801a9,39.86,13.11,9.82,230.47,apparel,0,4783.68
2e489d3a-8ec1-486b-b745-c00b61b165c4,7.94,13.49,6.28,216.97,electronics,1,570.47
fca6b741-bdc7-40a3-8c19-b810c6054d57,26.35,20.93,13.26,1085.94,standard,0,6433.77
4e869d9c-fad0-44de-8d83-acf0ce92988a,21.66,18.08,4.44,477.66,electronics,1,1931.21
74a0c97a-6268-435f-97d6-55879a2069a7,14.83,14.65,24.9,3026.14,fragile_liquid,2,5668.95
012cb6ff-10f8-4aa0-bd57-b394a9c364ec,8.75,7.77,6.5,224.91,glass,3,488.78
85715f44-8228-4d0b-b9e5-bba73577aae5,45.81,34.06,16.89,1071.86,apparel,0,24537.13
e9da631f-355a-4057-955f-0030d639dde6,20.38,11.14,23.51,2989.58,fragile_liquid,2,5411.37
51d069c3-06f0-499c-a596-d346d2aebea1,5.23,12.57,16.97,735.67,fragile_liquid,3,1077.6
2263ee2b-4145-44b8-b35f-3a47f080f5ee,33.24,13.75,7.2,702.23,electronics,1,3449.08
e4fc7b42-f22b-4d21-8d76-c9bd2030a9aa,12.51,13.7,7.12,788.01,glass,3,1436.0
bfd3cb43-4a22-4c99-ae10-7bf0f15a8cab,31.39,4.82,9.85,318.08,electronics,2,1411.65
7344fe88-a36a-4e99-9261-90847e52e821,19.98,21.43,7.28,778.7,electronics,3,3489.62
c3935463-9981-47d3-a23c-4f4fcea7727f,22.76,14.97,12.6,1092.48,electronics,2,3887.61
6d9c0343-f272-4f2e-9971-6dab478d6a81,8.25,7.91,16.55,543.41,fragile_liquid,3,1163.39
57b4daf5-886b-4504-8426-0211bcb780f5,31.72,26.91,12.99,1661.4,standard,0,10800.23
bedc3956-db6a-42b3-9558-74a8e4ba0891,38.86,12.69,9.92,921.12,standard,0,4554.74
57a7971a-fad2-4abb-836c-6e45f14eaeac,14.38,8.41,8.01,587.2,glass,3,1003.1
15f743f9-41ce-4db4-9ba6-48a3d996ecb1,36.41,24.34,19.19,696.74,apparel,1,20190.63
74b59bb4-caf8-46c8-ba7e-8e16b3e974dd,19.18,24.81,13.22,1491.68,electronics,1,7124.15
d17d19dc-ce0f-43cd-b638-48cd6cef2d46,12.6,20.22,4.83,300.64,electronics,0,1076.21
1a89a1c5-3a4a-4518-bed0-ad42a9c9ec91,28.61,29.86,15.57,523.68,apparel,2,13923.37
9575e8dc-08f7-43f2-918f-ecd37f90ec27,9.42,11.03,10.29,606.4,fragile_liquid,3,997.83
8b3392cf-4a88-4a4c-b6a8-5a0da6a1dd13,14.1,9.17,11.33,735.25,glass,3,1429.31
4bc773c6-5b65-4539-86fb-93afd5140160,9.8,8.45,3.49,245.71,glass,2,278.91
200df3c3-e268-458a-81da-f3d5cefae326,13.97,16.92,2.51,44.76,electronics,2,481.91
8fb30300-34d8-4439-bf01-88429f6f5fb7,27.85,16.55,12.73,1541.87,electronics,3,6866.53
5bee363a-0936-448a-95a4-721fd28adb1f,30.9,27.82,12.69,439.91,apparel,0,11039.91
3458d8f6-3365-44db-8d21-7e5f384fe459,32.59,23.16,8.17,1480.8,electronics,1,5922.02
05e46aed-7337-4455-91b3-eb35679c59dd,22.66,2.07,7.56,150.51,electronics,2,368.03
b5a9a882-93bb-4d4b-a571-9e9f1601c3e2,25.87,19.01,9.76,1165.43,electronics,0,4170.69
b5e42c5e-361a-47a0-9726-215e64430bc0,35.18,27.94,20.0,2947.06,standard,0,17592.73
c8d31c38-f5e2-4c9b-9b89-8fd3aa4033be,12.79,12.77,5.28,451.86,glass,0,969.41
48bda46b-cbce-4672-a66d-91ec8b7f851a,25.06,20.17,12.89,270.18,apparel,0,7392.88
3e0319b2-332c-4047-8364-d497c9fac934,21.35,16.06,8.32,709.57,electronics,1,2806.16
0ab63049-50bd-4128-86cf-61a0d2cf82e1,28.47,27.23,22.69,2792.73,standard,0,17282.72
98b1615e-5191-4024-9f28-f13a38f705e7,15.91,15.05,7.67,1015.77,fragile_liquid,3,1759.74
f1b77fed-d4aa-489d-8f73-c37ecb89e545,37.29,15.32,11.26,995.19,standard,0,6344.67
df88a1ae-9e92-44f0-8527-66ce95f931ef,30.23,13.29,14.82,1536.61,electronics,1,6592.2
6547a6e2-0a0d-45a1-b971-a8bbb88c3da4,28.14,14.04,10.4,861.32,electronics,3,4039.76
4afdafc3-333c-4690-ac0e-30b5d5f60e3d,8.72,11.71,6.49,473.92,glass,3,647.69
2dd4ab4a-b21a-4b26-be47-4103e782c8be,14.82,12.49,8.14,919.74,glass,1,1476.98
227a7942-836e-4210-b1a2-20fdf86430bb,25.37,16.51,10.51,595.81,standard,0,3968.49
bd7bb9a7-b0cf-4be4-be70-52623c265cdd,38.15,17.45,13.27,1233.75,standard,0,8069.84
340782a0-8eed-4c23-b2e9-6b2c90337bf5,16.12,18.57,16.63,1393.42,electronics,1,4873.62
eff32642-7a88-4c23-bec2-f3164407de4b,35.45,18.38,12.0,1898.25,electronics,1,6614.97
fcb65f15-fb64-46a9-92dd-23e098be2e8d,24.48,36.07,15.8,551.2,apparel,0,15066.1
a8a099e4-6e39-4a35-8d34-6aa9092a97ea,33.57,23.17,6.87,193.4,apparel,0,5150.86
86fa7872-80db-4d97-8a7f-ee0264fa727e,31.69,24.72,13.01,427.5,apparel,0,9995.21
82bb3d3f-66a4-484f-9f0f-2580b4ea1d30,26.43,23.68,23.03,581.94,apparel,0,10701.68
89aba7a6-c3fe-46fc-add4-bf83cd7034f7,47.04,25.02,18.83,934.45,apparel,0,24685.2
18b4fff1-4743-403a-9023-dcc0c54fec10,15.76,16.78,12.85,1839.85,fragile_liquid,3,3341.35
34caaba3-e82b-4b4b-a310-96c22cfc23b5,14.9,9.64,7.37,572.08,glass,2,1174.75
6ced3c85-eabb-48d9-8294-acf3b2bc2b12,21.69,28.87,14.59,1563.72,standard,0,10091.42
7f8d94c1-1d17-4d19-bb7a-3159d3575486,8.64,12.55,22.19,1299.75,fragile_liquid,3,2185.24
56544c57-02b4-4493-9019-1992bca57903,61.58,33.07,13.99,4267.27,standard,1,30607.88
28964f5f-2c0b-4e16-ae23-388af6b5216a,24.89,28.08,8.9,928.2,standard,1,7018.09
2ca3e5ac-b8b8-4556-afe0-01dcea3eaf59,49.41,35.19,16.3,1118.23,apparel,3,27019.86
e524c4b0-d3b6-4af7-9f90-660e58353d97,10.71,16.23,9.52,856.99,fragile_liquid,3,1573.06
b6387d84-01e9-40d8-8860-533be3c488bb,33.37,32.19,23.56,3982.26,standard,0,27166.92
36f7afc5-2814-4b3e-b21c-eb950c9870d8,42.64,27.7,8.04,1472.16,standard,1,8904.78
16a394bd-423d-47f8-9f6f-006ec7866d7f,39.78,32.14,4.33,287.21,apparel,0,6498.65
1c725f1c-02ba-4aeb-a373-e2c68ad0ce35,33.37,11.04,13.19,786.39,standard,0,5769.66
457ca39c-4719-4730-865a-23b6c3cbfe31,31.37,28.31,9.64,354.85,apparel,0,8880.51
e00d8078-0c47-46ed-92b6-16e3654152db,10.91,11.63,9.18,671.02,glass,3,1308.81
435fdf7a-3fe4-4690-90f4-2e5dff2f9eb3,14.44,24.56,7.8,712.43,electronics,1,2344.93
8ac9efb0-00e9-43ec-8f2a-c394619f1d49,27.77,15.36,9.15,600.42,standard,0,4262.72
3e2c3132-3efe-4367-8c1c-a1eef9f5801b,35.47,41.09,11.23,614.45,apparel,0,15367.42
95bd551c-d84f-4653-ac7d-4864efdbcf23,39.72,17.38,11.49,1880.22,electronics,3,7771.02
cb355a33-bc46-4618-8346-96a3d413d5b7,18.73,8.49,9.97,1014.41,glass,2,1682.9
ad7ec572-9426-4f69-afab-2257bf95a6a2,25.47,20.4,11.13,1531.35,electronics,3,5922.24
d29c9a92-157e-483c-a1b5-5a56bdf4a22d,8.75,12.43,11.56,800.98,glass,2,1074.75
2a05916f-a6b3-4638-9bc7-698a9e5a6466,34.49,38.02,9.05,416.91,apparel,0,11166.63
e4fa26e6-f4c9-43d3-afc4-74f6e37808d0,13.17,6.82,5.16,413.36,glass,2,488.48
120cb799-00d2-408b-8bad-62aa015b6c70,38.42,41.46,16.74,4014.65,standard,2,24810.0
da06c5f9-f34d-4827-97e4-d75989bc666c,18.96,27.0,10.98,1283.45,electronics,1,5750.89
0cb0b486-ed0a-4758-a9c2-c8bc9de64625,11.65,11.85,22.36,1642.89,fragile_liquid,2,3019.95
cbafe675-c3bd-488d-bf03-bf86d7435c77,11.04,22.46,3.12,39.21,apparel,0,834.28
4afd53bb-a71b-43c3-8ef5-a078d026dab4,36.18,28.79,16.79,730.21,apparel,0,17349.72
19613e8d-9124-4986-8631-b290cff4db08,9.97,8.9,5.26,302.02,glass,0,471.22
879be49d-c762-4e5b-b9b0-fe9f845e7f58,19.87,29.81,13.32,392.68,apparel,0,7409.21
1e319630-b19f-49d6-93f5-a2ad3f06cc35,23.69,23.11,11.56,207.54,apparel,0,5578.99
436dc634-d82c-4d3d-9d23-5d0060e9674d,44.5,3.24,23.93,361.07,standard,0,3900.19
fa969416-6b05-49cc-ae67-77e5e2427fd2,22.66,20.09,2.83,184.35,standard,0,951.63
25f35531-8861-4233-90e2-a35b1f7af404,35.43,35.17,7.26,376.54,apparel,0,10060.13
0a79b3a8-9247-4fe7-b941-ca280f13bea7,41.27,27.77,20.4,933.6,apparel,0,26486.1
f4ab700c-0b34-4fc0-96e1-588326332780,27.68,22.57,18.69,2941.8,electronics,3,12072.17
1cf6cd4a-1b4e-4f8f-8edb-b5eac9079f67,29.77,20.92,8.64,1294.43,electronics,2,6156.79
fb653542-7d83-4687-aedd-a44b2e78ca6c,30.06,6.53,8.32,413.56,electronics,1,1930.46
cb1c6f60-1bc1-429c-af46-6fade4a6fb72,24.52,35.64,10.63,1318.98,standard,3,9209.33
819812fd-960a-4ec6-8632-9fdd195b8905,32.84,30.54,12.34,1863.57,standard,3,12461.9
c5c9ca02-2f0e-4cb3-b615-e8e82626331f,21.41,19.03,8.46,880.8,electronics,1,3712.84
42179d96-5e04-4f26-9039-c572be40903c,30.06,31.4,11.63,1455.83,standard,1,11762.51
5a637cad-0bc4-440f-84ec-b826fd2a8910,34.99,39.68,8.18,468.48,apparel,0,12033.99
bdf4a2c8-9f0d-4529-8d19-ffa278ab29b6,25.84,9.0,8.27,566.62,electronics,1,1917.35
5cb8a8b4-455a-4b13-af5c-4f0655009adc,11.85,8.64,6.66,391.9,glass,2,719.97
7062de13-14ee-4bc7-b1d9-029e861ac982,12.12,9.53,11.13,653.11,fragile_liquid,1,1103.62
3d3839d4-ed30-48a6-88e3-fadd7fd93a58,38.47,51.2,12.34,3659.18,standard,0,23746.58
8e18b6c6-3243-455f-9941-9bba385f6b03,17.8,14.35,2.78,252.12,electronics,1,684.66
29321e6a-b622-44be-89e1-0b8c177babbe,17.2,18.97,6.44,492.22,electronics,2,2029.0
9e27efba-6df6-4a7c-8b33-cf550be44c3d,19.17,36.62,23.95,686.91,apparel,0,15954.99
b127e79d-3459-4ed3-b0f3-0c6fcb555fc5,46.24,26.88,3.78,158.51,apparel,0,4641.36
92798c45-4b71-4a47-ba4c-841c97da9a51,57.88,24.99,12.48,2724.21,standard,0,15251.14
f5c96652-9249-4aa1-a441-46063ab19100,24.44,15.41,7.67,844.66,electronics,3,2566.24
19e30a3e-3b8d-4e77-ab65-81e75d3e75bb,41.74,14.51,7.65,176.18,apparel,0,4771.56
3cbd5269-ad99-436b-972b-f51b5264ac54,24.55,29.62,10.42,303.03,apparel,0,8344.97
93f19b3a-5a30-4e9b-915f-ff1f8bf44806,36.55,31.98,1.0,468.08,electronics,1,1141.36
2eb56e58-d3f2-4d46-bb20-c2b4bd5c7683,40.56,51.12,14.75,1250.69,apparel,0,33452.65
cd477de6-7827-4ff9-8e2b-6671a6aacf81,45.05,26.41,15.0,714.02,apparel,0,19248.8
2f562f4d-5413-45fa-bbbe-a246050065fe,26.19,20.24,22.92,1691.05,standard,2,12301.61
1f4c87a6-ea9d-4a71-a26f-4f6a5da93f43,36.97,38.1,12.48,732.61,apparel,0,17483.82
e1add306-8bbd-4e5f-9c7b-207ce6721cdd,35.77,37.58,17.08,919.86,apparel,0,19618.57
8e8c9b6c-843f-4081-bfd1-0740c67f8a28,39.85,26.61,10.84,408.17,apparel,0,12364.77
6ee59ccc-137a-4695-a717-4c087e783ef8,15.74,18.87,11.28,897.97,electronics,2,3397.93
7bd60552-2068-420b-8eb3-3c851c8e9eca,10.18,8.57,16.62,799.59,fragile_liquid,3,1150.98
b2b0bbeb-b257-429a-94c0-c308c815b3f7,43.21,9.39,8.96,365.64,standard,0,3500.28
b1fc4f80-60f1-4d6a-9664-9090a7b54284,43.74,27.06,18.59,3209.79,standard,3,21239.58
20989e8b-a3d4-4aa1-a7f9-cb46ee5e6acb,15.06,10.73,7.77,673.19,glass,1,1376.81
e9caab7e-925a-440f-8304-6b49163d0638,23.28,30.66,10.83,1930.59,electronics,2,7857.98
8b5b36a7-0634-47a4-84ca-7edd35a85bbe,15.94,8.1,6.62,485.39,glass,2,857.28
8fb40878-c5e4-417b-bce4-ab331ff42cf1,49.85,29.9,21.61,4876.79,standard,3,32137.67
738133f9-dd8b-4539-826b-9bf80de1804f,14.09,39.56,12.76,268.44,apparel,0,7331.77
f7e10cf7-c137-4cb7-9158-2894f970bef4,50.59,35.43,14.55,1037.24,apparel,0,30629.46
9cb1fc55-cc23-45c0-af43-ce8163db9003,24.55,15.89,3.54,364.22,electronics,2,1137.49
6763cf71-6b65-48b5-b6ca-ace50206df54,25.81,18.68,11.66,1459.61,electronics,2,5458.77
ef7b76ea-22d8-453b-b442-7e8961b2a88f,27.26,12.12,8.26,759.56,electronics,3,2967.43
05c298a9-9b6b-46a0-b908-dce47bf5e0e4,32.26,25.98,20.84,2522.47,standard,0,17072.55
6f1eb993-d9ae-4fb9-8278-355aac533351,7.09,12.64,8.76,470.08,glass,3,844.25
6ae2e2ec-87fe-4464-ab5a-8e81e32bb375,8.49,12.23,8.37,433.93,glass,2,889.88
d514d212-9ac4-4278-9b56-8951758dbe9f,14.21,25.85,14.77,716.17,standard,0,4551.35
171de7fa-3fc8-420b-95d2-59429362965b,16.44,23.37,23.42,1298.13,standard,0,7430.71
be51cd1b-3bf3-45e7-8686-689b918da1f1,21.71,8.25,23.7,2275.15,fragile_liquid,2,3995.2
c82b4d74-e027-467a-9bbb-f9dc81394983,50.4,26.06,21.0,4172.04,standard,0,26526.59
acac6d64-40c4-45e8-b2c5-b4c2a2026f09,18.34,30.98,15.93,1148.98,standard,0,9196.65
9ba19bac-f50e-417a-9d8c-09fb775b571a,13.13,30.8,11.29,1299.18,electronics,1,4084.61
1aaa07e3-cd9e-4bef-b4a4-4772f2e70671,30.14,20.15,1.15,125.99,electronics,1,685.32
70a28d6d-b485-41d2-8779-1bbe50b55f62,15.38,24.44,8.02,328.48,standard,0,3275.16
3c4a33ae-3bf6-4f26-8f4c-cfc059f64913,37.74,17.7,8.44,1328.35,electronics,2,5532.89
38731bd7-8c96-45a6-a313-ed086c57637e,16.04,19.16,25.68,1336.16,standard,0,7990.25
4d082664-abb8-4d92-9dfe-75b8013accba,19.11,11.97,7.03,984.53,fragile_liquid,3,1237.72
b86e9a4b-abf6-4f06-bf3b-c6f4bcaf07ad,48.9,41.91,4.55,333.09,apparel,0,8064.79
2523c4d7-d44f-44c3-a88c-ebbdc69f2ea6,11.92,15.1,14.84,596.49,electronics,3,2931.56
78163488-960e-4e78-8316-9fec9c7cba44,20.28,44.96,11.97,434.28,apparel,0,11727.46
6e38e32a-9a6f-42af-9be5-2d41737560d7,43.56,25.44,16.87,734.49,apparel,0,21508.07
af65b2fb-0744-4dfd-83ad-83f3c61188ab,23.12,21.29,10.77,1272.26,electronics,2,5889.84
87a2f9db-7b46-47c5-bdaf-9d6faec5fe6f,45.55,14.99,6.29,1110.09,electronics,1,4189.64
1a66e82d-a2c9-4980-a027-22a3d1cc9786,11.34,8.25,8.64,469.13,glass,2,768.95
ed2fb0ee-373c-4839-b91e-8f34994c1768,29.24,21.6,12.61,1893.18,electronics,2,7024.39
2e586352-c37d-4e3d-bbed-990eb939c470,40.64,12.13,11.35,1364.73,electronics,1,5643.47
471c20eb-f2ee-4fbd-9916-c33d9799308b,20.5,31.08,11.38,1854.54,electronics,2,6765.2
e942ca01-f2e5-4d20-8651-1a50b4f20ac6,39.18,28.37,8.04,1004.94,standard,0,8866.38
dd0ef75a-3c1c-4df8-a46a-205ac1885467,40.43,35.41,32.37,7002.57,standard,0,48939.52
f956bb6b-f9ec-4205-8638-0edf4554d688,25.05,16.38,3.17,128.83,standard,1,1500.6
be19b7fd-f4e0-465b-8200-0e9d36402f60,34.27,21.07,3.59,640.8,electronics,1,2136.51
1db0b02e-529b-4bee-988a-27847bd3c48f,47.84,19.29,12.04,1648.94,standard,3,10423.14
f4335991-64b1-4896-a186-dc09fd025ebb,12.72,5.48,4.45,138.83,glass,2,279.02
c566ddad-9be9-451e-950b-5457b559111c,30.53,12.1,23.37,1336.75,standard,0,9050.88
8c7d7c75-811e-4e08-966a-2938cdece95f,18.95,9.35,14.21,811.64,electronics,0,2626.11
6c15ca7b-118c-4f7b-a6a1-22d7185eca5f,48.09,19.21,15.05,593.75,apparel,3,15376.08
1507b2a8-af65-449c-9214-95be83ad7285,23.17,25.34,24.44,2240.15,standard,0,14278.4
94addb8d-67f2-4e6d-9184-dc832a14fd5e,13.21,17.07,21.51,2705.11,fragile_liquid,1,4432.29
bc59cdfb-165b-4afd-bf41-389f1384dc68,42.09,35.36,17.83,1076.87,apparel,0,22868.78
3f2e7571-d4c1-48e6-b4a0-31812ef84c88,34.61,36.24,11.0,529.44,apparel,0,13712.12
37705acd-6a04-4fb1-b335-96bde7ac967a,30.25,31.65,1.0,25.62,apparel,0,934.89
a212eced-bbf8-4cb3-a894-6f1fb4b9aa4b,37.42,30.01,4.93,794.69,standard,0,5645.65
a5e972a1-a19c-4031-ba16-929309526ca6,10.32,7.93,6.32,340.48,glass,2,524.34
b5ebab01-750a-4bfc-9155-91e155351b6c,31.45,38.7,14.21,716.24,apparel,0,16458.55
d1028790-6505-42ff-98ab-d6f898fa213b,18.21,8.13,24.46,1992.47,fragile_liquid,2,3260.9
97313a39-b3ed-4148-a372-eb44f7bb140b,24.41,11.12,9.64,586.19,electronics,1,2389.96
7b112be5-91ce-4f3e-88a3-73c5c0ad31ef,46.21,37.93,10.49,754.51,apparel,1,21936.41
1d79e643-4244-4a50-88f1-a09479c0034c,31.62,16.28,7.98,934.05,electronics,1,4511.72
09f8d577-c9b0-451d-afb9-0e6464e54998,31.36,16.89,2.04,305.4,electronics,1,1072.02
b3a317c6-4c71-443a-aa34-6549e9bd8ef5,32.15,31.4,24.88,3702.16,standard,0,24424.88
cd5d1ef4-c46b-400b-8c3d-2ac89f9e87ce,32.55,28.71,17.7,629.41,apparel,0,14730.23
5cfcf94d-db8f-4778-90c0-8e7ad6c3e391,8.51,7.93,7.18,239.56,glass,2,519.33
1dffae7c-331d-41ff-adf6-aa11b97346e0,17.99,11.94,12.06,1620.65,glass,3,2497.54
cbe80b55-7e7f-4dbe-9fc1-081837410ea3,13.88,17.48,16.88,2220.39,fragile_liquid,2,4452.57
65daf245-4948-4f2b-b3cb-da6c41c63657,20.95,11.56,16.79,2329.03,fragile_liquid,2,3910.13
c054c982-a749-4684-bda7-e733de8884d7,34.09,23.2,16.59,520.91,apparel,1,14620.14
4092a626-8eab-4781-8f3c-0a9ce705afec,10.92,20.17,7.35,10.0,standard,0,1458.29
201dccd7-ea13-4863-97f2-2324af287e05,29.64,15.21,5.47,591.0,electronics,2,2290.77
4509a733-9210-4838-bc13-a46e6db70632,15.82,14.47,10.98,583.71,electronics,1,2723.62
867d3b87-45ae-4f77-ab10-e573288aa6f7,40.03,27.34,28.84,4758.51,standard,0,33713.74
72e0ab2d-5241-4150-b10a-0fa53cc52741,15.25,20.61,4.68,12.4,apparel,0,1344.84
0cc7587c-4160-489d-9cad-379b7db536f3,27.79,18.8,8.4,1175.95,electronics,1,4685.08
f9fded76-2121-4682-a415-2efe7f533634,40.4,31.15,3.15,152.17,apparel,0,4204.45
66a92f6e-7071-47d8-8d9f-45efa004ba44,30.0,34.31,23.53,3763.78,standard,0,24982.0
620fe67a-d12e-46b9-b952-e983ca47dfde,21.29,16.53,17.38,1322.0,electronics,1,5503.85
7bd9c661-1ee0-4976-89cf-7fb266dba25b,47.38,24.46,14.53,679.1,apparel,0,13703.58
fca2d49e-ebd6-46d9-952a-9652edd665bf,13.85,7.64,10.85,767.96,glass,3,1057.57
9b6a8fa4-5ace-48fb-b5ab-2d308720ae8a,30.92,16.05,8.76,581.25,standard,1,4746.53
5f89ef31-f1c9-4a2c-99a0-62a2250d9477,16.74,13.09,9.1,1187.37,glass,2,1733.55
dc0b5728-73f0-450d-89d9-87dd66cddecf,41.55,30.61,14.76,755.65,apparel,1,18659.43
9ac61afc-0f1b-4b98-aba7-0de38ffe2512,13.66,11.25,12.3,1034.92,fragile_liquid,2,1880.9
4293ff87-620e-4f74-af7f-427480bfa12d,27.37,31.37,10.21,355.82,apparel,0,10140.15
4bb674a4-fde1-46ea-acf7-957e3c517de2,12.89,18.18,7.24,530.98,electronics,2,1731.71
d019fd5c-3c03-4fc3-bcb9-e0cdc09623d4,10.39,16.37,16.89,1658.4,fragile_liquid,1,3086.88
ad8c4f12-4183-4461-8ed9-d082ca53c3a3,34.52,29.06,5.19,175.64,apparel,0,5352.17
a06bcec3-8d12-4dea-a3f8-339fb62cef11,22.87,35.52,11.91,362.04,apparel,0,10887.77
6eb1b797-bf50-4f06-9791-5b8eefd81297,16.09,8.87,7.51,630.52,glass,2,1206.52
7ffcddfa-434f-4bf5-93b7-c8754c01d5cf,18.34,11.97,21.99,2711.61,fragile_liquid,2,4301.79
20fab0c1-08a4-45a2-82ef-a35ff72a03db,32.27,28.28,17.95,626.15,apparel,0,16073.87
7ac64b88-315f-4ba4-94c4-26fc3efcab7e,7.32,17.51,8.31,297.66,electronics,2,1136.53
5e6de361-dff5-4f8b-9e64-22f140568ceb,13.94,11.16,14.68,1339.35,fragile_liquid,0,2374.05
175c05ed-5c5d-4961-978b-4d47f43c7804,8.15,9.35,9.72,474.06,glass,2,784.5
92421395-29c1-489e-9730-d951c8e5fdc8,22.41,14.81,4.87,407.55,electronics,2,1912.3
6fc4d948-0f1f-4648-ae36-63e475355e18,26.75,27.29,14.67,459.03,apparel,0,10788.58
55822237-c829-4c29-95f6-77412fb6a341,21.67,1.0,18.89,79.35,electronics,1,407.97
dbad66d3-24cf-46ec-b986-801cce97a426,29.36,18.32,9.89,1327.48,electronics,1,4427.47
cd1ca42c-c3e5-4a9e-87f1-623129f0d5c9,54.4,31.05,10.96,2830.24,standard,1,16869.91
9e39e143-3cfc-47b4-a1e7-a2f886526435,37.71,18.01,4.78,525.49,standard,1,3581.27
a198e6b1-c3d1-427d-a197-fa40b0f5ae38,32.65,18.19,13.04,2053.9,electronics,1,7448.35
be65abd3-efcb-400c-97d9-fb062dec58d1,45.73,47.73,15.95,1434.18,apparel,1,28946.5
a3d32583-b32e-48bc-80fe-90b57fd6c87a,15.97,7.28,7.23,528.26,glass,2,767.44
f8be563a-7c78-4380-8bd8-fd1b77a45509,36.87,35.65,13.71,700.34,apparel,0,18258.31
6a2f446e-42ec-4417-8225-a5a8d78429d0,30.23,24.67,8.69,297.19,apparel,0,5335.64
a797b8b0-ffe3-4e17-ad52-a3f007bfaf5b,42.06,19.13,10.2,354.43,apparel,0,6991.18
7fa2e10c-e77b-4714-bab2-f075f1e73062,15.45,21.79,12.79,684.99,standard,0,4171.13
f7bd9e37-3bd3-4619-8ef3-96c7f8ceaa00,35.21,11.7,3.51,418.36,electronics,2,1503.22
5543a80f-e1a2-4b1e-9951-65ac54a89350,15.96,15.2,13.36,542.28,standard,0,3345.29
1ffde05f-3de8-4319-869c-5d93d78de02e,23.48,43.31,10.25,458.03,apparel,0,11109.31
5b7e24c3-74ab-41b5-a6c1-8cd483922757,35.1,28.07,22.58,3345.43,standard,0,23812.07
a0694f93-5c44-439f-8c21-c0465739a27e,32.07,18.61,9.76,1451.0,electronics,1,5926.7
9f2b5682-322c-4009-8482-f7279a27efc3,13.59,13.88,16.05,1734.01,fragile_liquid,1,3345.36
a04823f1-cb75-4dd6-84e3-bf68bc081ea9,22.26,23.37,7.41,899.8,electronics,1,3433.24
0bbe11d6-bb3a-40bf-8d91-c1cea3c24d37,41.06,36.97,10.81,676.56,apparel,0,17038.83
1970b8b1-39c8-43b2-9fdf-e207e2c0094e,29.01,23.53,22.72,674.58,apparel,0,16176.64
129ec632-200a-4e07-affd-5ac8e8f0e2d0,38.12,17.98,11.61,1994.71,electronics,2,8383.28
f26af39f-2ecc-4138-8303-d72f2a79fda2,3.11,12.17,12.82,243.54,fragile_liquid,3,497.15
adba09ab-c412-4ab9-9770-03e6d01aa897,35.6,20.68,19.68,570.31,apparel,0,13005.86
6f4d9b17-45d6-4d53-a06a-57fee6f0c04b,22.77,36.17,19.17,632.84,apparel,0,16555.41
c1c26e2e-5a00-4ce3-a5e1-6abd13988ebb,10.37,24.21,9.42,691.57,electronics,0,2233.37
43b57211-5f47-4fb2-b9e9-56ff54aadff0,33.48,33.32,11.4,3125.35,electronics,3,12285.38
69e5c8ef-741d-4735-acce-3cd18b17bdb6,25.0,19.88,14.5,1793.31,electronics,0,6964.52
fc63291d-b245-4548-8123-415d79bb146b,22.39,25.13,5.09,728.22,electronics,3,2476.0
5558ca8f-e7e9-40ff-84ea-dba07fac23cc,5.89,15.25,23.97,1119.47,fragile_liquid,2,2348.14
702d86f9-25b1-447f-bfa0-7fc540199e70,16.34,15.53,6.63,558.68,electronics,3,1369.13
38e39cd8-dccd-4f88-aace-e374a98125d3,28.86,33.86,17.09,651.93,apparel,0,17360.23
2d26b440-5f01-482d-8aa8-c20ecb348661,26.96,48.83,5.68,272.92,apparel,0,7499.74
7cb9cad7-83b6-4b8b-8f74-9d60f17ad18c,22.14,13.1,9.04,729.78,electronics,3,2406.35
7094c429-4dc8-4abe-8ddb-70bcdc602f3e,29.15,27.28,16.84,478.68,apparel,0,14458.71
9c2820c0-b0c4-4339-882c-f8fb9af3a68c,14.24,9.22,5.01,403.35,glass,2,726.88
1f13e0fa-379b-4cea-b0ce-f6d4de1e55a5,10.87,6.33,8.7,419.13,glass,2,564.88
50d8eb1b-5128-490b-a537-dc50ccb23e84,11.61,10.14,4.84,398.12,glass,1,614.95
e44fde6e-0fdf-462b-a6cc-31022177ac3d,29.47,32.83,12.18,476.88,apparel,0,13585.78
2bb54268-e74b-4672-8bbe-0c4e536d93e0,7.87,10.17,10.76,504.32,glass,3,733.35
9952aaf2-bf74-45d2-a5ba-b708e28f136a,31.27,29.32,15.32,538.58,apparel,0,14083.85
c27881a1-8575-4b94-86fd-746bfa4b587f,25.21,22.39,11.97,1155.34,standard,0,6896.17
79269159-07b3-48da-9099-fd8fb8b0460c,34.16,26.87,18.88,2601.33,standard,0,15378.96
cb14619d-f851-422a-b47c-c24286db5a23,15.92,6.25,6.03,440.31,glass,2,601.52
6c27e976-449c-45fc-9192-72d5e2a1c5cb,45.92,33.76,18.08,7052.27,electronics,3,32392.15
8a8149fd-2bea-4dad-8a9b-b8bbe95f39cd,21.22,26.35,16.46,432.86,apparel,3,9416.9
56b19d56-d01d-4236-81fe-d1c14a581133,59.04,30.77,9.99,710.58,apparel,0,18097.4
60b83de3-0aef-4a8d-8e87-3e7bd9b6d35e,15.01,13.25,9.51,986.32,fragile_liquid,2,1894.47
ba078a89-6229-4693-a6b9-4267392f28de,21.19,12.65,19.19,2827.53,fragile_liquid,2,5494.31
c8d3804d-6fb8-4a52-8b19-a022ab4dd259,32.92,16.74,9.75,947.85,standard,0,6071.66
9f01d537-e291-42dd-a786-448a849f3ee7,10.19,9.5,4.81,312.22,fragile_liquid,3,510.84
5be76d90-3726-4e2d-bedd-b92ad249e0ca,12.27,10.35,7.39,472.55,glass,3,952.27
882011de-d3e5-4e88-af2b-336f663b0a01,44.02,44.53,15.5,1204.94,apparel,0,30346.53
5cf7d704-aa46-4224-bbac-320026a54282,42.32,14.5,19.34,1798.67,standard,2,13355.63
b14bfbc0-1391-406f-b479-f7c30b72d98b,49.37,40.52,22.27,1764.09,apparel,0,42529.39
56f67dd4-ddde-4a99-a271-aec3a10c04d7,48.45,23.79,11.55,518.46,apparel,0,15149.76
93911444-e784-4bb1-a737-91ad267844b6,38.61,34.18,3.92,208.85,apparel,0,5835.97
6c102d74-d8f3-4dad-ba3a-f82d14fe3930,36.52,13.66,18.74,366.86,apparel,0,8954.43
63d9396b-6c10-4007-8977-3552db2e8437,13.35,8.29,6.71,572.19,glass,3,787.49
2683dd6e-c582-4b65-89af-926f62571f96,10.4,12.45,18.24,1303.84,fragile_liquid,2,2510.82
ebd10f5c-73cd-43c5-8f90-a693e552b5ad,37.03,18.69,12.84,1399.82,standard,0,10427.99
1cdc7b8a-a5f6-4385-8a5f-3b301cb4ace9,17.0,7.88,9.71,782.98,glass,3,1192.17
9ca19254-1d27-4300-aca9-d11332dacf8a,23.2,17.79,12.12,1152.41,electronics,3,5739.46
943b00eb-6fff-4b7a-a489-b822df19d4f4,10.45,9.43,7.48,347.6,glass,3,754.47
e0fa2751-44a1-4283-acdf-e73bcefc28d9,10.49,10.14,7.51,470.28,glass,0,712.75
7787dfe0-ce2d-4ac4-98f3-995f4c26a00b,1.0,24.01,14.75,123.75,standard,0,336.51
3155ab42-957f-4194-a98f-29b40fc98beb,28.21,11.2,1.4,154.45,electronics,0,410.21
6ac862f3-f38f-4e29-a285-1b375b8a4d13,11.72,16.23,20.58,2090.44,fragile_liquid,2,3858.26
0e9af249-aa07-4c84-9d59-b5a7027111db,43.8,26.93,6.64,1301.56,standard,0,8629.58
dec69619-3c49-4105-ba4b-d057dfb221d1,7.63,15.13,19.67,1321.57,fragile_liquid,2,2114.83
269d1459-7410-4506-b503-4e090e1c8d16,3.66,23.71,17.07,210.51,standard,0,1225.85
0cfa50c4-585f-4c51-a53d-b9ab7462cf58,35.81,10.69,18.4,336.73,apparel,0,7936.62
70fb8cf4-2298-4686-a26c-5ac7116d3290,27.88,35.38,11.12,463.14,apparel,0,13139.03
cb4a1600-b928-4212-a47c-c64799eee6fc,29.13,12.15,10.53,679.58,standard,0,3353.14
313f3e5c-85ed-40bf-bfeb-2ccd382ec3fa,25.36,28.06,13.95,442.81,apparel,0,10884.95
acfd6637-28f6-4d20-8a1f-f988962706ba,31.44,22.78,2.04,226.22,standard,0,1373.7
410f5194-e1f4-4d36-9849-e1fe97a36cf6,21.68,15.24,8.77,661.12,electronics,1,2458.23
4a28a34c-331f-48a1-bd79-d9fef50499e4,14.95,10.2,6.92,341.31,electronics,1,1374.27
dc03fb32-a4b0-4a6c-9f10-d7018ab7c169,24.46,30.63,9.44,1656.93,electronics,2,8748.5
b8d0ddad-e584-4774-ac09-e83d30f27c06,10.3,13.96,9.69,265.33,electronics,3,1386.85
8f2f7136-1dc3-4d84-bba8-728877ced92c,8.69,11.68,22.33,1173.24,fragile_liquid,2,2459.86
c33b7746-6a8f-4bb9-a04d-f6d0703e02d2,16.44,8.25,5.93,364.67,glass,3,831.06
5eb1176e-1bf0-4219-b374-1f0817c053fd,27.86,24.09,10.95,261.39,apparel,0,7012.8
d1af818e-58f5-49b7-8a13-a8214bc032ce,13.83,8.49,19.53,1276.58,fragile_liquid,3,2258.53
62319093-6dc6-4719-ac10-fa7f44f97b82,12.19,10.85,7.26,523.07,glass,2,1043.72
db1bfeb2-994e-4326-b17b-da67b1868dce,12.96,7.54,20.98,1071.64,fragile_liquid,2,2085.81
8c829d1d-5185-47a1-bd9c-bf547866786d,33.3,22.69,8.81,1112.88,standard,0,7260.61
031824c6-1dd6-4828-983f-aabd96adb679,8.93,22.94,14.91,744.08,electronics,3,3371.85
199d6060-6ea1-462e-ae48-19611550971a,12.52,10.99,6.71,607.1,glass,2,825.68
ff2f070e-dec8-439b-9847-181d88af38ad,46.19,12.58,15.15,1409.06,standard,2,8933.05
be6f59e1-101c-4978-9ef4-4e0f6a22ed4a,31.04,23.53,14.33,1502.17,standard,1,9646.44
9af6f3a1-d81a-432a-b272-d11061a1839a,31.72,27.68,7.05,252.35,apparel,0,5372.98
dea740d4-e5a0-412b-ab52-4e1ec85a9096,32.24,29.31,9.11,1303.02,standard,2,6832.18
93ce6fe9-4e59-432c-af80-6bed2ce3561e,31.37,18.07,15.6,357.76,apparel,0,8341.4
b3d8c4cb-7324-4c81-96ce-c720cec9faec,27.61,12.14,10.88,1046.26,electronics,2,4042.35
c87df8a0-0306-4dc1-b0d8-75823c2edace,25.61,21.18,12.12,1748.85,electronics,2,7178.25
1ec8f579-fa70-4c86-b4d6-b8033378e9bf,51.53,29.09,10.83,652.72,apparel,2,17347.77
5daf9d32-00b8-41b7-b736-344c04d39ee3,32.71,29.62,11.55,2772.55,electronics,2,11756.62
9195265e-38c6-42f1-bc93-1bb375ed4111,33.52,17.09,23.83,529.59,apparel,0,12685.8
92ef2dc0-78b2-48a5-995c-78d2cf0a0a14,6.19,13.02,7.18,325.94,glass,2,708.68
130524eb-5878-47a5-9107-8280002e3a4c,30.78,28.58,6.75,214.93,apparel,0,6337.93
a2153133-0d2a-4c79-80f2-b122d27973bd,4.89,39.57,12.91,70.44,apparel,0,3046.39
1907231d-0f6f-477b-b3c7-67de0f9e97ad,10.44,7.49,7.1,483.14,glass,2,533.38
0c7db259-2737-42e3-8656-133c4c25e205,32.73,38.85,23.22,4366.91,standard,1,31542.66
3b02c717-5a3f-4450-b28f-b16686a84d1e,33.67,11.68,10.5,1086.86,electronics,1,4380.53
374e7c76-1f10-4466-8638-34738450c9ae,34.32,24.95,15.72,2142.53,standard,0,12924.2
3390b820-23a6-41fb-9bdf-84cd467d5575,30.34,25.22,4.24,115.86,apparel,0,3076.46
c43f54a1-a978-4aba-b3cc-3e69a2b531b6,28.17,1.0,18.87,14.46,electronics,1,512.91
f154077c-1db9-4ea5-b35c-9d3c392a5437,23.0,29.84,5.97,895.06,electronics,2,4073.03
efde700f-108c-4504-98df-99c38fcbbb0a,34.89,23.04,5.13,695.83,standard,2,3611.47
3d08693e-6d90-4abc-9a88-c19beef53a9d,26.92,13.77,13.61,1196.65,electronics,1,5032.37
741a2c07-35d9-4a69-9e16-205bd04942bf,28.15,25.2,11.86,339.14,apparel,0,8705.13
9b965342-9f71-44ce-957e-317a79ca582d,33.36,10.22,7.7,690.6,electronics,2,2645.99
1d832d8a-d00a-45f7-8e2d-368a17457a6d,8.84,5.2,9.03,182.61,glass,1,502.12
356fe198-94bd-46fb-906f-5265999a430b,11.58,11.73,12.82,1047.57,fragile_liquid,2,1762.61
1e390565-a9a8-4e28-b7ba-3494027c8056,24.81,7.07,9.3,304.81,electronics,2,1935.22
a5df7076-2aea-4bee-9429-d012cb5d1a45,10.48,10.32,7.27,470.74,glass,2,757.96
e91da103-75df-40a7-a352-c5f616d7d9aa,10.62,15.03,13.25,1274.95,glass,3,2431.68
f282d048-c8ed-453e-b397-0dcffe57c7df,21.27,20.76,6.42,319.24,standard,0,2821.74
32f16983-1bad-4133-99ad-ae9ddf31b406,41.54,28.26,1.0,65.29,apparel,0,1296.86
aec06899-db0d-4009-88cb-ea0b7080fbb3,12.29,5.96,10.24,478.18,glass,2,838.47
7d37f46f-2af2-4e2e-8bfe-aebfe34c180a,28.7,9.98,12.65,901.78,electronics,1,3398.93
6835ea4b-fccb-4506-81b9-7147ae95a467,12.0,9.7,17.76,1245.39,fragile_liquid,3,1894.02
4b053efe-6a52-401d-a129-a9efe02720a0,33.38,40.41,14.12,2861.88,standard,0,19659.62
c196323e-0bdc-40f7-a187-ed7005af859a,15.59,11.27,19.65,1889.58,fragile_liquid,3,3773.22
5e0bcbc1-5828-4bf9-9dea-b35760cc4635,42.61,27.38,14.08,658.66,apparel,0,18515.06
2c826dc3-4611-4c15-bfd8-81300f5636e6,20.13,19.67,15.64,1590.66,electronics,0,7540.74
822d9830-a63f-4779-a3ac-a9573bbd79da,10.85,8.24,6.96,437.77,glass,1,553.74
f77cac4e-a8a5-4817-af3e-d1a2543cc558,18.6,20.56,7.19,757.7,electronics,1,2759.6
785152ef-02e7-4311-ad66-e0ee499b86e9,22.6,11.25,14.51,695.61,standard,0,3568.76
9520a7ef-98d6-4ce1-91fe-7d3f7a5b49c4,12.2,12.9,7.95,794.01,glass,2,1309.36
2693c1c9-6d8f-46ca-a820-73ab615fa292,7.76,11.36,6.98,428.05,glass,0,641.07
d1820cc5-24d8-4483-bb6d-dd5aa8236dd7,30.59,12.57,15.85,783.12,standard,0,6002.61
24d37579-8d40-41f1-9df9-1003fc54cb7b,21.31,13.12,15.09,2376.56,fragile_liquid,2,4131.9
c9faaae5-52d7-4a77-b489-1ccbd59ba678,13.61,8.54,5.37,417.81,glass,3,623.44
4b6a924f-7170-490c-af09-3a06b43c06e3,28.77,21.18,12.86,1946.16,electronics,1,8492.06
cfb69cc9-02ee-43c6-bd09-f65374d3d9d1,7.31,7.42,8.23,257.84,glass,2,483.86
2e3155ca-74c0-4557-83b4-170d9c09d311,34.71,35.71,12.36,2232.61,standard,0,12094.48
8250a3aa-5807-4916-aa6b-62411050b3a1,29.96,25.74,18.35,534.69,apparel,0,15443.06
4e7a8ce4-c890-4369-a980-915ea13f0a1c,13.84,13.53,8.34,1004.38,glass,2,1354.45
2232e411-b952-4586-91b7-9e0545538098,25.97,13.17,13.8,241.43,apparel,0,4845.77
9db9c71b-3b9f-4dc4-9dbe-27771ef41ca7,13.62,9.65,13.78,935.2,fragile_liquid,3,1814.4
3904adf4-b15a-4055-b4ea-3c25456a7120,44.92,35.26,17.97,1132.7,apparel,0,26399.55
8b05d88e-1bb5-4083-a0ce-9232acb8f121,25.73,21.69,9.31,229.97,apparel,0,5953.41
38ec87cb-c397-4df2-a606-b2f054860f09,17.07,22.75,3.83,259.53,standard,1,1392.13
f7263fc0-1bc7-49a8-880e-689ff039dee9,54.96,21.6,18.76,3308.12,standard,0,23422.73
a05eb773-e253-470d-a5bf-7b48f364d637,19.37,9.0,5.72,614.83,glass,3,1064.44
d065e94e-d446-47bd-964a-393a436ed3b1,35.47,29.92,19.84,818.48,apparel,0,18102.87
20f4b970-f639-4d3e-91eb-3a589af0ce4d,30.56,10.89,14.39,1237.02,electronics,3,4457.78
bb25db10-c16a-4c47-aff3-cff7b8fdc0ce,38.99,26.02,18.79,789.49,apparel,1,20330.21
0cc4c6d3-5260-4c66-a081-b84f25e731fe,12.77,10.51,4.92,437.65,glass,1,744.67
21f87896-c534-47c1-99f8-4cc559e472cb,4.7,22.15,11.76,387.98,electronics,1,1241.69
94c11ecc-7dda-49a3-9cea-d72268f7eadb,22.92,7.71,10.74,465.82,electronics,2,1854.1
bc405f42-c970-42e5-b616-a16bcd60aaa2,13.15,14.46,8.38,427.01,electronics,0,1564.64
c001d8a5-d1ed-4163-83b8-980fb7cb1ca5,27.95,1.0,9.37,98.98,electronics,2,298.72
0616327f-3392-43d5-bf8d-d7a8805fd0c3,48.32,40.95,18.02,1378.84,apparel,0,30295.41
b618935a-9136-4dd8-9e97-956d48585564,12.6,22.12,29.12,1258.0,standard,2,9573.58
2de82a53-f5d6-4901-a653-422e9e895537,21.7,21.99,16.49,1940.37,electronics,2,8566.64
e6304349-6ea7-4f67-a425-46e38152de35,42.31,28.76,12.31,622.5,apparel,0,16285.59
d12ae214-31b8-4ace-ad07-f0de434216ac,28.18,18.49,4.71,594.14,electronics,2,2276.06
b30ec31c-22b8-4857-9c7f-754e2c8af20e,18.6,23.13,10.39,1173.16,electronics,1,3993.38
a7b81c97-5c78-45fc-afbc-ea5a7644640f,47.39,23.43,8.84,436.49,apparel,2,10137.28
0642ed13-7fe3-4373-8289-a1634b0934cd,13.92,9.96,20.64,1530.23,fragile_liquid,2,2922.75
a7839ec1-4d79-4f27-8377-bf2f6d8f7b0f,37.83,28.8,7.54,1225.34,standard,0,8950.06
d3308ca7-d179-4c58-a173-1d50316e035d,32.36,19.38,22.98,2082.62,standard,1,11438.92
f582a04b-eb8d-4849-ad02-26a145263254,36.7,26.04,17.02,2395.22,standard,0,16629.96
bd310d63-77c1-4ad1-836d-46a6a3b21a16,38.1,23.79,11.89,428.4,apparel,0,9256.87
c80ce33a-723a-44c6-a5ff-a2ae26f867a3,36.94,17.85,2.75,190.2,standard,1,1819.47
0f99663b-f8c8-49bf-92e7-cc941c579f0b,39.0,21.56,25.14,3170.65,standard,0,21280.39
c69bc36a-abf6-46b5-bf20-5c1fde3cbd69,17.64,11.57,19.73,2328.04,fragile_liquid,2,4089.35
d2b20b96-dc53-4a5e-bd06-f3034505bb57,27.79,10.89,9.94,717.47,electronics,2,3015.96
2ee9c247-737c-4c72-aa44-4bd99ec53bc0,35.81,16.66,9.5,210.38,apparel,0,5815.62
2575fb3e-9283-4ecb-a0ad-c1b70a5444af,35.5,19.79,2.89,50.06,apparel,0,1706.94
64106b8b-b482-48ad-88dc-eb1b05f68a7c,54.0,26.27,14.79,2963.46,standard,2,19809.02
6bf027b5-2938-4fd5-9e5e-2e61857e954b,26.32,31.38,5.92,195.27,apparel,0,4529.78
e6b3d3e5-f7c0-4c33-9b1d-703ec7c61cd4,22.3,14.83,16.19,1301.7,electronics,2,4750.96
a37eb8ec-01c3-46b0-aab7-85c1127a52c8,22.62,20.75,15.79,1856.52,electronics,2,7791.9
6e6db18f-b6b6-44a8-a7da-27cf77418c0c,18.52,20.56,5.83,702.96,electronics,2,1866.61
176f25d0-d2e3-4a1a-a8b7-f7ebe22b5013,50.55,38.42,11.99,871.35,apparel,0,22532.64
99efe38d-de6f-4585-a0ff-a2b6132e079d,23.76,26.75,5.73,138.64,apparel,0,3625.28
14d8738a-770f-4fe5-aeb6-f78704a60369,33.22,14.15,1.48,145.43,electronics,2,729.08
a26f1f0e-0df3-4f74-af77-4b31328978bd,17.48,18.56,11.42,942.24,electronics,0,3750.58
b1cc9423-91da-4b31-88fa-e49770ded882,29.85,28.66,22.73,792.24,apparel,1,20862.25
93b225c7-6d14-41d2-94f8-ff430fb0e3cf,16.1,10.89,7.67,833.74,glass,2,1110.06
e321fa36-1cc1-41a5-b1d3-b435c869a761,19.17,5.98,27.0,1698.55,fragile_liquid,2,3685.77
39e5b23c-ee86-4b4e-9ecc-b14720a84833,26.07,16.52,13.2,1479.59,electronics,1,4617.64
a8dd9765-f85c-493f-921e-cc7a53b91887,19.93,22.84,14.39,1105.26,standard,1,6943.18
a426bff0-624c-4dab-a3a7-41f69a746326,35.03,22.35,1.0,75.78,apparel,0,785.1
e0844445-e7a7-4967-9fab-b2fc57b4a58d,15.2,9.55,11.55,1014.98,glass,2,1331.81
a87b38c5-f983-49ce-8e16-edc486337b0d,21.69,20.17,14.11,841.35,standard,1,7303.34
bf3d5eae-0d50-4a84-a97b-9d0cc5d3b312,12.76,10.06,22.85,1448.75,fragile_liquid,2,2664.13
7a744b8d-45a7-4bf5-acf2-78f74ca23a8b,45.81,45.92,8.95,799.34,apparel,0,22094.03
309c11e7-cdb8-402d-aa99-82054c480869,23.95,23.09,8.97,1130.97,electronics,3,5232.45
dceae148-4838-459f-84ff-b0401ce8f054,20.55,19.54,8.71,912.22,electronics,3,3385.08
d55dabf6-3980-4bbb-aab3-e7bf454bf0a8,23.99,11.67,12.88,972.97,electronics,1,3387.16
546c9e2b-b721-410f-989a-95fc08bd2cb3,29.62,23.42,14.31,1332.22,standard,3,9301.87
55d05fdc-2cdf-4b86-9a01-8c7e46272cee,14.54,11.69,8.9,927.18,glass,3,1553.51
2a1d43f2-4094-4e25-bf23-9368c555d047,38.7,32.12,6.71,335.23,apparel,0,9117.4
cb97e2bc-f7a5-463c-830f-e10813ea4cbf,30.8,25.82,20.72,2501.69,standard,0,16084.3
51853d19-4b49-4c82-a415-6124f1e10632,34.12,41.46,16.86,3656.86,standard,0,20973.35
5d9fe858-7894-44d9-ab0b-e16b708e45ce,36.98,27.2,11.38,415.25,apparel,0,11177.58
ea5c7ea0-1076-48fe-95f6-cb73d55e139d,5.75,12.42,10.19,366.94,glass,1,684.16
7a8e5c62-2df7-44fb-8699-b2884307cd2f,11.11,13.37,25.63,2182.79,fragile_liquid,3,3408.11
b23d9dd2-bfd2-469e-a357-c62553662bcf,20.31,5.6,13.33,382.54,electronics,1,1421.09
3d6d9b32-5ea7-4adf-9098-faec5956544a,32.69,26.21,25.78,3396.78,standard,0,20979.66
ad21d4fb-16c0-4fe2-b71b-abf5dd876e45,28.13,28.35,17.43,2273.96,standard,0,12487.66
db40217d-334e-44e5-978c-2311716b2c49,21.71,18.47,5.26,84.26,apparel,0,2098.81
897e3609-db3f-4026-bf2e-8c139755af8e,43.56,21.49,6.34,1485.96,electronics,1,5223.79
124a312a-0be2-4fb8-a839-ba9afb212b3c,19.01,27.21,11.42,1571.06,electronics,2,6325.66
ca50065d-e348-4983-a33f-dd33f6e30545,14.56,13.53,18.58,2092.62,fragile_liquid,2,3500.9
8c1e1d93-d315-4998-8bd7-18ac3ddd93e6,10.35,7.08,10.32,345.88,glass,2,730.66
be8ea094-3b85-4997-98a6-a732506c8ad7,19.58,23.64,14.74,1757.61,electronics,2,5614.27
cceef6b3-1214-42fb-bb4a-185e7ddd744d,37.64,17.02,19.4,1738.85,standard,0,14391.1
6245c94d-7fc2-4274-bb51-6f1a5bafeb45,25.7,23.95,11.52,1663.14,electronics,1,7062.29
d0bef8a4-9ec7-4d3b-baf7-8841f3c00074,53.07,14.36,14.51,1503.47,standard,0,9480.83
812cd3ee-1c97-4bbf-90bf-bc805e53485c,36.87,29.28,2.4,324.56,standard,0,2642.08
a81e91c0-86ae-4f1c-9930-9f5a94bbc137,20.47,12.04,5.09,207.6,electronics,2,1388.52
458dff9c-5c02-4fe1-a955-a5e405151b73,4.56,10.27,8.0,205.88,glass,2,358.13
72b278ec-5c52-4bce-aea6-6f101c5ba0f5,43.86,16.86,17.17,1863.74,standard,0,12475.56
7da0c838-3ee7-4250-b476-e8060c8600b1,13.23,11.01,28.04,2266.89,fragile_liquid,2,4488.09
56b0af3f-c514-4ea1-b3c8-69bb927904cf,45.88,38.73,14.49,999.01,apparel,0,25767.83
6f355d26-5f0b-4b98-80e0-41d2369f1e19,24.28,27.86,7.83,722.27,standard,1,5421.72
1ecde58d-cd2b-497e-b2ef-896aa7e830ba,5.41,12.16,22.99,784.75,fragile_liquid,2,1614.8
9f25e10d-12c3-40b3-b652-5b80481f3b89,17.58,17.42,11.25,843.98,electronics,3,3426.93
fd648b91-d7a8-40d3-8df6-0b02c95b6b2a,26.02,25.83,3.52,692.52,electronics,2,2132.06
c0f9ca0d-c6f4-48df-a1ae-8ca999a6d825,41.37,30.4,13.89,684.02,apparel,0,20814.18
11f644f7-82c8-4693-82a6-c8c7092bade2,19.44,25.98,11.78,248.03,apparel,0,5126.89
c2514c8f-1c20-41d9-830b-3b232d6d62b7,8.48,8.71,10.47,483.12,glass,3,744.32
12853b13-1fa0-451e-8c52-d329f5b7c75d,38.28,27.02,13.68,534.33,apparel,0,16689.11
4d7fbe93-310c-4e76-a00b-73adf6fbfa7a,14.94,14.16,21.7,2506.45,fragile_liquid,3,4679.52
ff5e2b37-4a96-4628-a862-b9271363b47b,16.72,23.18,12.1,1151.39,electronics,2,4489.25
8ed05723-adc4-4029-ae11-7d8899b81374,15.82,11.29,13.87,1316.19,fragile_liquid,3,2007.14
37ceed3c-eaff-4fb0-86f9-66a80e72fa54,16.6,13.98,19.2,2473.43,fragile_liquid,3,3759.31
46941cd1-2773-4f9f-8787-324558ee93a4,60.02,23.61,19.89,4266.92,standard,0,25391.6
e210fd15-5df1-4440-9790-fa8de192f5b7,7.3,10.0,9.49,444.17,glass,3,659.83
c72d2d61-4c1c-4281-9909-df9d321a30ce,13.24,27.91,25.31,1397.52,standard,2,8823.27
1225fcc3-4bc6-43b8-94af-c48ad747e29d,30.53,14.54,17.32,320.58,apparel,0,7463.74
d3e0d6c7-0883-4baa-80d4-cc075bceb226,15.35,9.93,22.04,2005.28,fragile_liquid,2,3597.11
21f302cb-2860-499f-a871-14a14ce43593,1.0,29.16,20.22,10.0,standard,0,541.21
314ea97d-225b-49a9-bb0b-e2cc18446e4d,11.81,10.89,18.76,1340.55,fragile_liquid,3,2340.01
fec73bba-0512-4b48-bcee-e0c5117411d6,34.65,33.84,29.37,5020.92,standard,0,29288.71
e262742e-1e15-4669-a68b-f15d8c83f0bc,22.08,37.67,7.81,231.41,apparel,0,6624.02
5d7265d9-af83-43a2-9d2a-303a56cfb828,45.4,18.03,21.74,729.5,apparel,0,17718.26
6336446d-b633-43af-982b-05defee3a037,29.48,13.06,12.75,1100.3,electronics,0,5361.8
98cdcade-11bf-4ddf-ba46-f714f888130d,19.63,6.3,19.0,1333.72,fragile_liquid,1,2402.71
85846af9-36f8-429b-a471-3a0c6186644b,11.28,10.82,12.37,826.04,fragile_liquid,2,1471.98
c9f9e4cd-ee64-4b69-b0b7-dc93e3371fbe,7.25,11.69,14.85,611.43,fragile_liquid,1,1180.49
e031a76d-1ed9-4144-8dd8-b066b978cd13,27.0,16.93,7.67,902.39,electronics,1,3980.18
3988ea1c-c852-4da4-8674-4c0774221bd5,36.41,45.67,11.39,776.41,apparel,0,21468.52
2802b775-27d1-41d7-b5f3-66d193bd7742,24.25,40.02,14.09,554.2,apparel,0,12443.03
6bf162b7-a0ab-4d3c-b4a6-802fc5aac24a,10.72,13.67,17.45,1371.82,fragile_liquid,3,2302.6
9bffdd8d-165a-407d-8749-f3d3a0625c41,10.02,9.66,17.95,989.24,fragile_liquid,3,1837.6
0cbb679d-e341-40aa-9b0c-13cbdb760642,29.55,9.55,3.58,228.22,electronics,1,999.24
8882e7cf-69e3-4fbe-bbd2-eb292953c6d9,31.5,32.01,14.51,597.67,apparel,0,14429.23
2668a3ea-7748-41bd-8fdd-d84c381083c8,18.12,10.19,10.7,944.39,fragile_liquid,2,1949.36
a2abbd9c-74c1-46cb-8756-634764799185,13.49,12.68,14.26,1289.92,fragile_liquid,3,2022.08
da8448d4-1abc-4fc6-83e0-ec1b9c692940,8.02,4.31,7.88,135.36,glass,3,305.39
9f0ffdf3-bb14-4c5c-8277-679c5de207c4,7.88,13.97,5.9,365.48,glass,3,711.73
c8c5d828-1769-4200-a02d-49dcef3d4bc6,25.14,22.57,6.39,1023.31,electronics,3,3794.86
b353db7b-4ff8-4553-a818-8c1a71f96553,33.61,21.15,8.25,1374.95,electronics,1,6092.13
4f8e36a6-8718-4194-95fe-b1efa535122b,47.55,29.7,11.04,640.68,apparel,0,16900.66
288a97bd-9c31-4f56-a876-e6be6bf4e77f,1.05,11.89,7.28,10.0,standard,0,95.51
40155b79-d88b-4fe1-9271-fd38ef3b1832,41.22,18.05,9.27,300.43,apparel,2,7205.82
bae68d39-3bbb-4202-a2f6-ba91531e34b3,9.18,8.77,7.63,409.14,glass,2,594.75
92c6d1da-3f36-490c-95c7-924afc1d4f86,33.57,12.4,3.72,367.78,electronics,2,1448.86
b525636a-f703-46f1-bfb5-734eea853528,30.83,17.13,4.15,497.24,electronics,2,2094.8
27152040-1eba-442a-bec9-9a18d661fe72,23.84,9.76,13.14,535.25,standard,0,2926.39
3cf3ba58-cb7a-4c9f-80d9-40c97ed46ec9,11.14,9.12,5.42,314.22,glass,1,540.66
d5685a12-f32e-44c6-bc50-49825a72cce0,36.62,20.92,12.8,374.66,apparel,0,8815.96
c5cf6ec3-6fb7-4f43-9ad8-f1efbd034dc4,43.54,36.96,12.34,820.1,apparel,0,20684.26
462992b1-e75e-4b60-b340-4cc01129462f,36.26,22.55,14.63,1877.83,standard,1,11862.31
a19825fb-868e-46cf-807f-5197de874ae4,40.85,39.04,12.59,819.41,apparel,0,19804.54
c0d99a2e-3a2c-4019-aa0a-82e87618b50a,35.99,24.99,20.71,2773.14,standard,1,15479.5
f85fdf60-4084-41ce-a256-3378d42536d1,54.62,22.11,11.68,540.3,apparel,0,13576.28
9163bd19-6e46-4683-ae66-04ef5aedc6d9,21.56,22.58,16.36,2056.71,electronics,1,8305.87
e451cff3-c137-4721-91c0-6189fc1be3a6,15.11,17.01,14.13,859.23,electronics,1,3052.7
ca6f02d0-198e-46a7-a1f4-66bf709f0ec3,8.55,19.76,28.45,595.38,standard,3,5805.45
9bae7ec5-a11b-4a90-a682-6dd17377853d,26.52,16.68,14.05,1558.94,electronics,1,5554.28
074771e6-ea8d-4791-8610-28d83a692653,45.6,26.55,13.83,680.84,apparel,1,19383.67
be2a2e01-86a9-4744-b200-415f7448f99f,26.4,30.42,19.75,2215.01,standard,0,12933.18
e50e1d43-2ab6-4f41-b5db-ad8865c2a19e,35.26,5.11,12.63,599.33,electronics,0,2034.04
203d6912-bcff-4239-8fb7-60f2317a4ae2,41.56,13.2,1.0,245.57,standard,0,549.96
479d0292-b75f-4ded-8535-9b9b6a61b5b4,24.43,24.48,22.16,1830.7,standard,0,11808.79
2651cde0-608d-4c60-ae5e-5259210496e7,28.96,30.09,10.12,2205.42,electronics,2,7636.1
b5cbf3b3-db7b-4beb-9994-1cfb20d7fdb1,32.24,33.23,17.76,717.95,apparel,0,16082.49
f6d00c6a-dd23-4cec-b00b-5eafa27a433c,9.44,10.76,10.17,699.69,glass,2,1141.66
b7e8b9db-799a-427d-84aa-86982c94ae2d,12.43,9.9,15.95,992.25,fragile_liquid,0,1829.04
66154361-aa51-4fcc-a397-e14f8888710f,14.23,16.23,4.46,590.77,glass,3,1147.57
47abae16-3445-4c3f-bddb-170b5aba5126,26.8,25.63,5.84,1051.46,electronics,2,4608.91
2a36b0a5-0e5f-43d0-92ee-ce2d419aacbf,7.7,14.69,18.14,1099.16,fragile_liquid,3,1772.86
6361d252-d5af-4b33-992b-62ae90758ba4,41.45,7.94,13.06,544.76,standard,0,4525.47
ca98ac4c-877c-459b-b7e7-ed2f2982d52d,35.78,32.44,6.94,282.79,apparel,0,7546.48
0df20278-6666-4b62-9b82-3a5620df93eb,9.44,10.18,9.23,548.69,glass,3,828.59
7cb11bc0-36b8-4202-a399-6506f7463f97,18.9,11.33,6.76,822.28,glass,3,1659.0
64298053-2e40-454f-bf2c-3a49fc9f4e81,13.55,10.89,16.8,1349.25,fragile_liquid,2,2887.01
5a9607e9-6d54-4afd-816f-ca5b5ed0c805,10.07,9.38,24.63,1323.86,fragile_liquid,2,2672.53
c1db4430-d08b-4e58-9a33-4bc941c27baf,35.72,17.31,14.92,1472.4,standard,0,9339.91
1a6c80c0-a8ae-4e65-8581-00326b72d670,42.07,37.3,13.6,867.28,apparel,0,20449.99
25050202-c394-492a-817c-240772dc03df,20.12,16.91,14.31,709.1,standard,0,5607.77
a2afd631-bd55-40e9-9f58-3bb811bcd54a,24.79,33.35,13.79,471.53,apparel,0,12937.18
3b5b560c-07af-4021-b28f-0c09821f1c79,36.56,23.07,16.27,569.07,apparel,0,14456.81
4ad850fc-cc7d-4a7f-aed9-79002521023c,9.42,10.3,8.61,496.08,glass,2,899.35
64b761d2-e142-4fbf-b415-1c805ce2b5c9,15.73,5.98,6.04,278.17,glass,2,560.78
c5a44ed8-0b5f-4e3c-b522-e3fad0b2cd78,22.12,18.34,9.14,1097.53,electronics,0,4388.17
26f08e1e-1128-42bb-8cc3-27b7b9f68a05,12.61,11.65,11.21,1033.48,glass,3,1642.13
2560a253-9a99-4d56-a458-1c083498141c,25.21,35.75,7.59,1729.69,electronics,1,6257.83
51e87c21-dde4-4448-8bde-375bc9b23030,17.36,25.82,15.05,1632.06,electronics,1,7318.07
53c159ef-f464-426b-b490-9b07d640abf9,17.5,11.93,6.58,785.94,fragile_liquid,3,1349.8
ff6a13a0-bcab-470d-894f-fa8bc66951c6,12.61,2.34,6.13,16.2,glass,3,200.39
0028693e-a150-46f2-96a2-924cb0a93880,24.97,13.26,11.2,928.31,electronics,1,3711.3
51888f9e-da08-4bdd-8d6c-b0b32a3d770a,10.88,9.86,6.55,437.92,glass,3,701.71
54dde7b1-b60e-4500-a606-bc017252e772,8.88,11.06,10.45,628.83,glass,2,971.26
1d346886-11fb-4e23-a7f6-bb1bc3172d15,8.01,23.61,2.45,176.56,electronics,2,461.89
807b1b52-cc43-4337-928f-c201b94d1408,28.53,32.3,14.53,538.83,apparel,0,15454.03
2917860b-1bb5-42d7-8460-6ea5fc0e8bba,7.31,10.03,9.54,380.37,glass,3,668.58
ebcc0e8a-5bee-4f88-82c5-3d0df1ff6291,12.99,10.65,8.46,737.22,glass,2,817.09
f3900a1a-0a85-4dc8-8af3-fba26e25db3d,39.88,22.61,12.41,444.47,apparel,0,9897.51
e3dd8d12-9db9-4f44-a2b1-54258875e4f2,43.55,34.4,16.7,1009.01,apparel,0,22690.4
f86be574-d900-4152-a113-9b051457ff74,10.5,40.62,21.25,1435.59,standard,3,9785.12
4a6b8014-cf37-4fb3-8c7e-527b67647523,23.74,27.31,11.99,267.53,apparel,0,7951.1
36c94550-f08f-4cc5-a77c-4157f5ef88cb,13.97,6.84,10.81,589.49,fragile_liquid,3,861.6
dfb1b1a0-c71b-4962-a214-0695bba5f8f5,29.51,19.84,12.82,1946.65,electronics,2,7056.62
b9613243-042c-4d8c-800e-2f6ceef62781,38.14,21.16,15.82,3142.07,electronics,2,12727.74
03f63dba-31b4-4408-a6c1-0ad8cff61184,30.08,20.19,13.08,1786.11,electronics,2,7370.61
1eb0ca38-4f15-4b25-877d-d887b6dacc91,15.13,12.97,14.21,1578.97,fragile_liquid,2,2609.99
01a8e545-055b-427d-b365-250cd99f1777,10.7,8.87,25.91,1339.43,fragile_liquid,2,2222.38
ec57f489-35ec-4e93-adda-2cbd838d9bf0,30.43,22.54,15.92,498.68,apparel,0,11426.19
0189432a-9f37-4171-8e61-7043c7f003bf,24.96,20.17,8.45,1033.34,electronics,2,4391.26
a2807caa-bcc8-4418-ab09-ed09413f09f8,10.59,13.03,10.02,751.38,glass,2,1205.03
dd6289ca-4c32-4517-935b-f4b4911e7d0d,51.62,23.89,12.75,641.17,apparel,0,20690.5
a3bf76a2-52ef-41de-ad6f-1127050b24bb,25.78,14.76,15.62,234.49,apparel,0,4406.07
1ac8aee0-3d87-4279-bd0a-d1da7e07d0d1,22.7,27.2,14.46,365.7,apparel,0,9801.33
93896791-892f-4e73-aaf7-c268328aff66,31.95,28.69,12.78,1857.55,standard,0,9801.35
99b142ed-59b2-4e87-8b42-73d6efb7b58d,9.66,10.5,9.47,595.44,glass,2,953.34
a62a121a-ae38-4ea8-9ad2-59a1fdb98780,26.82,20.39,15.77,321.26,apparel,0,6601.44
d0648c30-fe9e-4ae4-8c92-0d9ceba15e4f,20.57,19.33,11.09,1193.84,electronics,2,4102.34
97a93d02-cbc3-42f2-9ff9-e05573c3afc7,21.77,15.28,12.48,2349.35,fragile_liquid,3,4445.79
558e1fbc-0a48-40c6-9661-6fd8089851e2,35.82,35.18,11.32,578.78,apparel,0,14512.17
d36748af-c350-4d36-9f46-b1d436c4c4ed,37.34,9.4,15.31,1409.41,electronics,2,4813.59
c6cafaa0-4b9d-4983-94b9-0b406ce65e0e,33.25,24.6,14.82,1747.22,standard,0,10451.39
26a1fa4c-74cf-447b-845e-e161bb027150,13.25,13.56,17.6,1739.85,fragile_liquid,2,3214.63
74c5bffd-5111-4da4-b843-45500ff7745c,13.31,11.81,18.5,1528.29,fragile_liquid,2,2665.65
fe58e028-383b-4163-9273-31f1aeb2747e,36.94,18.29,15.06,426.18,apparel,1,9753.23
edc75cf9-993e-4a55-bc7b-7e6a87fcfb51,11.43,11.92,7.37,569.22,glass,3,979.35
5a1268d5-dcad-4a1e-b357-61799be02304,11.23,23.92,13.24,415.33,standard,0,3796.68
014e3642-9470-403b-8edc-489b6560a16f,50.94,27.19,12.11,629.81,apparel,0,15915.3
e9c69c9a-f6c6-4ce5-b4ee-1ffbd87f0e21,11.0,10.35,8.4,536.74,glass,2,872.54
e5ed94e4-e178-44df-bc35-4c1bfc1588ff,10.37,9.76,5.85,455.38,glass,2,548.29
43c1ab05-dcf3-41dd-a2c7-ec3aea5fbbea,24.32,30.0,6.26,758.82,standard,0,4623.66
65e339f8-c09f-46ee-bd9c-b38b3a5ba98d,30.23,8.49,25.1,1041.81,standard,0,5733.89
38393bd9-cf25-4d2a-be3e-89dbfbaf423d,30.51,14.29,1.0,133.71,electronics,0,481.07
661acddc-ad8f-4383-9105-0045ceafa529,25.44,20.43,6.46,859.11,electronics,2,3630.15
61727acc-2346-45f4-aeb2-e5c07e6e8564,41.85,22.67,6.06,228.07,apparel,0,5597.66
a939708a-3160-43e2-9ecd-ab2f011450c6,13.54,16.41,23.82,2929.71,fragile_liquid,2,5006.28
cd955b84-807c-43ad-a2b4-592c82ef985d,20.99,12.75,1.78,10.0,standard,0,471.57
7b1ea798-84f2-45bb-9242-ee0e1fdf11a0,11.03,6.48,7.07,286.87,glass,2,583.64
bf7fecc6-681f-4b3d-aa00-22efa4a20fa5,37.76,16.87,5.51,896.9,electronics,2,3684.51
193940b8-36af-4c80-b718-454ec02154fc,60.22,26.9,12.92,824.27,apparel,0,20444.52
8d0a3929-a230-479d-a447-86c5b42f689e,33.29,22.23,15.48,3029.32,electronics,1,11757.15
3d008108-1233-468a-91bc-b3b695a273b8,23.21,30.37,16.46,1561.21,standard,1,10721.72
69347125-da0e-43f3-95f0-d18382f0297d,29.6,12.42,10.15,984.14,electronics,2,3951.9
747d9065-26b4-4e98-a057-7e7015611833,30.54,33.02,13.16,571.89,apparel,0,12895.62
81559b66-04eb-4a2c-95da-d0a948aa010f,14.7,10.14,15.2,1136.12,fragile_liquid,2,2791.16
b1abda06-d0fb-4329-98de-f20bbddba4c0,16.89,12.97,7.28,293.99,standard,0,1485.34
84daee43-07ea-45d3-9373-08404671e59b,30.52,42.57,12.88,2472.19,standard,0,16680.35
480ddea8-cefb-42cd-a4b4-edfb5587f5af,19.98,14.46,7.75,587.26,electronics,2,2023.97
5ad379f2-ae22-4f81-9bfd-768046dc7797,32.72,15.07,9.53,1235.62,electronics,1,3991.55
fc603c79-14fd-4336-a4d0-2a1558db9aa2,21.63,22.43,9.04,157.64,apparel,0,4700.86
88099882-418d-4643-87e0-ecb6ff5e866e,11.56,10.62,16.4,1178.05,fragile_liquid,3,1976.57
eda7841f-14a0-4e71-9bf5-efdef5e0678c,29.2,22.93,4.32,83.77,apparel,0,2711.91
00dac48f-6359-4e07-bf04-56906862d4a6,33.91,27.15,12.53,455.63,apparel,0,12302.44
25805d4e-2561-43bd-b5c1-7513e927b0c0,4.24,30.57,19.95,508.45,standard,2,2323.23
fe93c6f1-a3f3-475b-8b67-7a8c3740453a,36.79,25.04,13.82,1910.72,standard,0,9378.99
c017e83e-b148-449b-9631-6eddf2b04c45,36.89,20.3,13.08,2310.11,electronics,0,10721.01
a1fb8dab-f882-40ee-8941-a41e6712e20a,15.21,6.99,20.08,1250.84,fragile_liquid,3,2458.21
9365c1fe-7f4b-4a80-ba1d-45fe85fc051e,9.86,11.0,8.02,572.59,glass,2,982.14
1b019fcb-5d63-4868-9141-4976de6b21c5,35.76,25.07,12.82,419.18,apparel,0,11034.51
feaa13d5-329f-4ec2-9058-367691caa2c5,51.03,16.37,23.58,2851.66,standard,0,18714.34
1d91a547-bb6d-4452-839f-60aceeb7fde7,43.04,16.13,17.23,431.39,apparel,0,13296.66
7e5b9326-e8fe-407b-8569-1c6b88161cce,20.69,17.31,9.74,916.04,electronics,2,3208.83
b1f43572-730c-4948-a41a-1526c3ed057f,26.08,19.54,13.21,264.39,apparel,0,5327.18
ad54202c-c9b2-4280-80de-d0a23fbe0605,36.06,24.46,18.4,4115.37,electronics,1,12844.19
b1ebc25f-9caa-416f-9f9f-88c986338372,11.35,14.59,11.43,963.24,fragile_liquid,3,1924.62
2842bffb-4e1c-4894-930e-ea52d6def5e3,19.26,18.98,5.82,651.08,electronics,2,2097.62
aa847d47-7f89-427d-93bb-704e33edc3de,34.54,38.44,20.74,1157.19,apparel,0,26487.55
a22e6513-5dfd-4e87-a1dc-edd6e3f01402,42.5,21.54,10.83,425.36,apparel,0,9253.55
deda2dad-7af3-4d57-b8e3-16669dadc9e2,28.05,20.56,5.45,554.35,standard,0,2968.36
3e5dddea-c334-4f8a-a7e8-df9dbb06bfbd,13.58,6.73,10.23,464.23,fragile_liquid,3,901.82
1c70df58-1d71-44f3-b6ea-e78faf9565b8,14.37,9.7,5.57,496.91,glass,2,840.45
f0169ded-7c06-4237-ba3b-e425486f4632,14.41,25.44,13.73,1411.87,electronics,0,4531.69
840c8274-29ef-4cda-8479-d481336bf9e2,28.65,15.08,8.28,885.86,electronics,1,3536.52
9f01fcec-5fc8-41d4-8aa8-522d8966791f,28.84,38.52,5.29,271.11,apparel,0,5855.71
234c220c-06dc-41c3-9828-85c8be5b8dac,32.16,16.65,3.25,316.87,standard,2,1756.12
d6c57c2e-53d1-4872-9278-dcd77a5f68b1,26.4,28.4,10.01,333.44,apparel,0,8110.73
141f2fc1-9fa5-4dcb-8487-946aead24a8d,44.86,35.05,19.01,4375.13,standard,1,33354.01
48af56d0-5609-4870-a832-89bd6fed7dbb,16.28,25.0,5.22,233.02,standard,0,1771.55
d9de9487-5ae5-42e3-9a92-828532c7dd2f,14.42,20.21,3.28,135.81,electronics,1,1156.16
f8cd5bed-4851-4a5a-bf43-6df6427ea6db,29.76,11.06,12.35,932.2,electronics,2,4468.82
4e5b0d83-a96a-4c4e-9bbd-cac5199add16,25.82,24.68,11.53,1875.67,electronics,1,7670.86
cde614fb-1059-46b1-9883-7e90bac766b6,35.33,34.56,15.18,2660.2,standard,0,19160.61
5b3ea81e-15c4-4516-9b2d-a6a04ba9ccb1,19.02,24.46,14.79,1833.15,electronics,2,8202.71
1a9cdaf3-ed8b-41b6-8cca-bfc915bb39dd,9.07,9.26,7.54,368.26,glass,2,633.28
2a7f9357-d918-4c26-876c-a8df4cb28b28,40.35,36.43,12.56,2786.71,standard,0,18952.19
9f703306-8b28-48c2-ae76-232700bd03b2,49.04,26.8,9.19,477.22,apparel,0,11891.15
4fc4f484-7fe3-4a75-bdc4-713a5dd90b5c,15.01,20.85,16.11,1273.25,electronics,1,5890.64
db6b7fc8-26b1-42a0-a876-423637a380f8,18.47,11.68,16.7,1999.72,fragile_liquid,2,3835.09
646ad8c4-3c3e-40ce-9230-0696bd3a1983,41.72,25.39,7.39,280.28,apparel,0,8151.8
920c7a4b-cecc-4ebc-86a4-647c20c74162,53.86,19.72,18.76,800.59,apparel,0,18618.8
9a3716d5-cf50-4dbd-9712-97e8045789f8,9.0,14.67,16.58,1188.55,fragile_liquid,2,2012.61
04ab88bb-6e65-44e9-9c9a-25a20ef01be1,28.87,12.18,7.28,728.37,electronics,1,3139.67
2f7946d5-1c1a-427a-9c00-4a8a93c6f42e,16.76,13.86,15.74,1914.72,fragile_liquid,2,3763.55
1eca3f57-082f-41ff-a1f7-1f31840ba6cc,36.74,15.08,11.63,1569.95,electronics,1,6915.74
07d18c50-7b05-4835-8a96-056d6a4b7fe9,16.1,12.54,13.15,1449.67,fragile_liquid,2,2692.12
dac72a01-db19-4f73-b935-c6d92c23725c,22.21,25.3,18.03,1503.87,standard,0,12206.92
3c6a2fb8-9a91-4387-b29a-fbe91e9b992b,19.76,37.59,13.13,1517.29,standard,0,10894.94
fe0dff9b-81b1-4008-b54f-07651cf6adc4,23.12,16.7,15.75,1419.34,electronics,3,7462.6
4b6cdd63-ed72-453a-bbe9-b5821d54680d,26.17,34.52,11.54,448.5,apparel,0,11888.73
aa095784-b451-40d5-8ad4-f65894dde0ab,13.97,10.58,7.06,587.36,glass,3,936.45
91be711a-c29b-4a67-a96b-fcf242b5a411,5.34,14.21,2.77,137.93,fragile_liquid,2,197.99
3a1e50eb-0542-429e-bd60-9327073d935f,38.85,26.36,19.6,841.95,apparel,0,22672.73
d0db948e-7287-4706-8456-570bdd0a07a1,43.63,22.77,8.84,355.4,apparel,0,8506.83
ce76c3ff-7f21-400f-a633-850fae8b048a,16.98,14.13,23.31,2978.35,fragile_liquid,3,5231.37
2727c7d2-7653-410f-8323-bda048c616f9,47.85,17.0,14.33,429.23,apparel,0,11147.79
09a6d7dc-b1bd-4ac6-9ee0-02dabf798838,21.52,37.93,10.64,1105.0,standard,0,7859.73
138d2aac-493a-4138-933f-6b51315c0ee5,55.08,13.43,26.62,2789.75,standard,0,20455.4
998a8b95-bc85-436b-834d-861a8a5e80f3,31.76,23.38,11.05,319.93,apparel,0,7073.35
317216af-15aa-4209-b2ca-cb070c011557,21.37,17.73,5.73,582.23,electronics,2,2468.03
301d5952-e3db-487b-9084-ea2ad2772f01,12.81,10.44,25.76,1801.3,fragile_liquid,3,2971.52
36d5d006-f0d7-4f92-ae51-033cb2c97393,9.52,10.43,10.57,700.23,glass,3,997.06
91e9d800-7a6b-44c1-a8d6-3de4bf9a5958,16.19,21.74,6.67,106.33,apparel,0,2393.94
7d9ca417-25a6-43a0-842a-e6b9676781d1,26.32,6.64,15.61,457.35,standard,0,3147.28
18c1faa9-82f5-46f5-a231-000f14e5fe80,38.42,19.6,12.23,446.09,apparel,3,10732.52
ec54a127-ada5-4b34-aa36-c136b76c02c6,26.48,27.05,21.09,2263.03,standard,0,15532.01
e2461db0-e00f-4c18-a349-49928334b303,28.2,23.42,19.79,2076.36,standard,3,12509.12
5a63e573-0062-41b1-ac2d-f106688bedb5,5.57,9.54,16.92,209.87,standard,0,1013.97
34427a4f-6524-422e-988b-3e8be0f8483a,8.65,11.87,9.18,265.65,electronics,3,987.1
783ed44e-db49-41cf-bf45-c348315cf815,35.44,14.91,9.91,716.2,standard,1,5209.75
76b75512-929f-4562-b6e9-ccba410b4956,28.57,15.7,14.32,297.36,apparel,0,6425.3
f93a5755-4dab-48b1-aa94-36972a549828,11.77,10.68,15.95,1109.29,fragile_liquid,3,2391.04
a1d27e9f-85e6-41f6-9900-0c1b696e3a91,35.04,29.27,24.24,3735.07,standard,1,19829.77
58103b09-0e29-4457-85f1-47a749bc4292,5.45,8.31,23.62,560.7,fragile_liquid,3,1002.25
373f397c-4bfa-400a-87c9-46fb630cbb49,21.31,8.68,13.44,783.5,electronics,2,2826.27
21964779-4ff3-4769-b0de-96adf0e1e62e,26.22,19.43,10.73,248.14,apparel,0,5724.35
d726f475-89db-443e-84f0-ceb6e47bf62a,16.01,10.33,8.94,384.5,electronics,1,1574.86
a8f50a2e-d04f-40fa-852a-8d7574a27cee,13.22,24.54,13.0,1170.36,electronics,2,4193.96
8ab50f83-5a74-4887-90f8-88acdeb529d5,23.73,24.83,18.88,409.4,apparel,1,10496.47
0625b660-07f4-4b00-be34-eb65bfb1ac85,26.49,22.06,14.87,2180.82,electronics,3,9361.0
7f03829c-93a2-49dc-b7af-bee8232a5eb0,15.06,8.23,14.45,937.77,fragile_liquid,3,2046.33
f3df872b-c43c-4bb1-8e69-b103dbfa4747,10.68,5.58,7.15,199.85,glass,2,472.57
fe91e16d-f4ea-4a94-a5fa-862efba1fa82,31.51,9.06,8.86,565.88,electronics,1,2194.76
43006629-7061-4f96-888c-c57bf7196b1c,20.45,20.35,7.1,843.58,electronics,2,3367.31
3f07d0ee-76e3-4c44-9581-11a580c963bf,13.9,8.27,12.71,833.4,glass,2,1498.8
25ed55b4-6b82-4eb4-a916-71596b948fad,19.41,5.25,9.63,510.02,fragile_liquid,2,1219.25
3d30de24-8254-46f8-ac2e-1804e84e6bd7,26.32,21.8,4.27,538.68,electronics,2,2273.33
ff0759ff-5d65-4ff1-aa8d-b0b9d9b0f41b,14.49,13.74,10.66,503.32,electronics,1,2103.24
d0f7724d-7be9-4c5f-9dc4-8e510bce65f5,33.66,21.07,13.93,2354.17,electronics,1,10995.37
8ab28058-6c44-438c-85d5-c8f0c2f8e6de,16.79,13.95,23.97,3055.85,fragile_liquid,2,5801.49
f31e4f70-f82b-4f01-a04c-95abbab39140,25.14,23.85,6.27,998.5,electronics,0,3862.4
d17feb1e-2382-4da8-8297-a5e2c9afdb7d,11.22,11.31,12.8,872.66,fragile_liquid,2,1548.5
20301bc9-05f5-4f4c-ac09-dc48aa2f5c9f,30.38,20.52,15.2,1490.31,standard,1,7218.2
1d97ca0b-dfb2-4063-a7c7-7afe08a2f56c,39.61,17.5,21.77,607.03,apparel,0,16124.65
cdd47a39-d0c2-4309-86d3-687b3bbc01b5,23.48,30.39,11.32,306.6,apparel,0,7867.24
9c5ef41c-defd-4666-8721-3d855cf1b6b8,14.35,4.73,4.79,171.41,glass,3,280.37
c32b127a-7ed1-42f0-8cb9-d7fbc187fc96,19.94,14.17,29.31,4536.15,fragile_liquid,3,6027.55
f10e6909-58a8-4fc1-83ed-d857c7445076,12.1,10.04,5.93,478.66,glass,2,799.07
f69e1ce2-91d3-42af-92e1-3e3af59d6f80,25.4,23.26,9.69,747.61,standard,0,6118.06
cfa802ed-a13d-4df0-ba91-ca3e5427a39b,14.0,22.03,11.51,838.06,electronics,0,3740.79
d99abb68-aae7-4bd1-a20e-1a154eb9e332,14.8,16.48,23.94,3290.28,fragile_liquid,3,6439.54
4cb67050-e0fe-486e-810c-afa102a8bba9,31.2,16.5,11.3,669.53,standard,0,5377.08
0a68b3ea-56cf-4303-b76b-f065bf2fca46,15.58,7.96,24.65,1701.5,fragile_liquid,3,3317.75
ae8d384b-d3f2-46ab-bb20-4a385727a795,21.68,12.43,16.75,2418.06,fragile_liquid,3,4411.57
1de3ff93-b71d-4743-a38e-6dfcb5158932,36.56,7.27,15.5,580.37,standard,3,4402.86
56c0a846-617c-4f25-9c45-e2a740616909,37.15,16.56,10.14,1540.83,electronics,2,6828.55
0c75934d-14dc-40a7-8804-51d77b4a0122,44.61,30.92,17.81,942.78,apparel,0,25795.65
047d7f29-8509-4dc4-ac5a-1e8cbd01e407,40.82,14.51,17.64,1587.7,standard,2,11279.46
14380837-0048-4c27-9949-2c980c0fa226,16.29,12.72,11.46,1250.55,fragile_liquid,2,2413.86
0c3a2a3a-8635-4164-b71d-4600444d0d73,10.36,12.58,13.57,1015.1,fragile_liquid,2,1542.54
a8b7d8cf-b7a2-4715-9574-854742370ce9,11.51,9.53,9.48,668.93,glass,3,902.98
759d3d61-5fca-4261-812f-875edba8b1b9,18.26,14.33,4.28,388.13,electronics,1,1090.36
b7e67d68-c62f-48e7-ac2c-ad07095fbf2a,7.23,9.32,5.37,229.94,glass,1,352.02
5876ff96-c183-4e13-ab2f-c01df6da4e4e,13.83,7.75,4.74,325.11,glass,2,509.75
49d099fb-d667-486a-a70a-e88cda93bb03,7.45,13.21,14.96,800.94,fragile_liquid,3,1386.83
371ee510-b6c0-439d-9a30-17f388d24836,16.42,7.94,24.91,1720.7,fragile_liquid,3,2720.34
2e522c6c-24e1-452a-a4d1-2cc6f13b1b6a,10.42,24.37,14.31,975.4,electronics,1,3326.71
1f92e1af-089b-456a-ad52-3e71412f47fe,20.58,20.42,7.52,743.2,electronics,1,3554.75
6bb097d1-ed09-4076-a875-763c3bc991b5,39.27,14.44,1.0,189.94,electronics,0,621.22
6742eee0-fc14-4e1e-b858-4d9517398e03,34.82,30.51,11.94,466.17,apparel,0,12951.0
f4fa8bda-576e-4bce-9040-0eef0488b798,29.28,29.39,21.55,2860.02,standard,0,18325.34
96ec6aa5-0b4b-4ab5-bb64-6e32addb06b2,54.27,29.32,10.45,678.58,apparel,3,18148.45
dc2b927b-2a5a-4d26-84f3-bc715c8ab41c,43.49,49.24,11.83,1038.69,apparel,0,25085.15
cdf334a0-3d61-459f-941e-0b382d850487,39.97,32.97,15.05,808.29,apparel,0,18912.02
957ea747-d151-4e27-b1fa-67b0186b7488,35.51,32.2,6.8,284.12,apparel,0,8510.06
1a1282d0-3c0b-4f5b-8433-784d7d93cb42,48.72,34.66,8.34,530.36,apparel,0,14911.43
24ca8f01-1a5a-41db-b25c-cac1f27aec9c,7.46,10.12,21.81,1013.75,fragile_liquid,3,1762.73
b4db6245-d9aa-45e6-b8c0-e0eff9b7b8c3,12.44,10.51,4.44,122.84,electronics,1,618.39
fd090af5-a219-488c-86d0-5952bd534701,5.12,18.18,16.82,777.5,fragile_liquid,3,1703.5
59c36826-1e35-4e2b-88bc-85e455a5631e,35.72,26.38,8.27,1957.9,electronics,1,7676.15
86b08659-3da3-4ae7-aacc-30263ebe7454,14.59,9.17,14.26,995.69,fragile_liquid,3,1658.1
c5076ed4-b014-4757-9f2a-aeef942492a7,20.11,11.13,22.2,2698.17,fragile_liquid,3,4828.7
677253d9-6e1e-4787-993f-77408fe2c424,48.62,23.99,7.17,318.31,apparel,0,8560.54
8040e751-aa2b-4519-9318-ce0ad5bbf183,51.44,22.02,14.67,2623.19,standard,0,19487.7
2d65fa8e-3bd4-4aca-ab66-9bacd0de0803,10.75,10.13,8.74,530.01,glass,1,909.96
b052ea9b-031a-446f-8f3b-85b449af7fdc,39.32,21.9,14.86,1941.05,standard,0,14425.64
18b99139-2de7-414b-9005-511cce530459,19.53,18.97,14.9,1322.03,electronics,1,5175.94
2a3fe37a-bb34-474d-ac6a-bb4f59062bc3,12.13,10.65,19.48,1384.83,fragile_liquid,2,2123.37
ff485fbe-8d85-4ade-b7ba-64eb1ec81398,20.12,19.65,8.11,904.96,electronics,1,2803.86
b4ee7534-e27b-4e9e-8eb7-11ea6e343148,67.26,29.95,12.72,1010.59,apparel,0,27271.34
419029c5-bb2a-4921-a1a4-18e97db0d58e,54.02,15.33,6.53,803.21,standard,0,4848.52
46701645-2bc4-4416-b011-959ffd192f18,25.86,13.89,21.63,4228.8,fragile_liquid,2,7974.27
a6d276bc-9307-47bb-b347-86960cd16605,16.95,12.64,16.21,816.93,electronics,2,3718.56
036bd15c-6cff-4f85-97fe-f8dcabe9fef4,17.38,8.02,7.49,279.41,electronics,0,964.21
4c864565-cb9b-4dd9-b109-34f31de3c7c4,37.71,15.0,16.54,1462.03,standard,3,9255.18
6e4db44e-48ce-417c-b2fb-41595c1f4599,34.32,33.33,18.93,889.48,apparel,0,24241.93
01325a90-f8f7-4f6e-aaf7-4f233ba9fd6f,43.08,33.71,13.52,760.67,apparel,0,15711.44
977408a0-68c0-4490-acb1-29bd4101c0fd,23.01,24.48,19.01,445.01,apparel,0,11102.73
7c0404c9-d7ac-4509-b814-186ebce63ff0,38.54,27.61,4.48,1315.09,electronics,0,4063.31
d402d011-8fc8-425f-b09a-ed19bb2c318b,30.25,42.99,12.13,671.16,apparel,0,14565.96
9b95587a-92eb-49f8-9be1-61345f68a121,15.32,8.92,10.84,872.62,glass,3,1866.46
276bb1d0-5fb7-4c34-9dde-86fdfe9ee983,38.83,40.87,18.68,1177.97,apparel,0,32865.4
1e64c870-cf3c-451d-871d-988445174116,42.91,21.05,4.9,187.21,apparel,3,4784.03
20fd901d-7889-491c-88ff-e070e47af745,26.8,23.14,10.17,227.47,apparel,0,6900.34
72cc0d54-8c16-47fd-90bd-39d34d445abf,33.88,22.89,12.9,1726.7,standard,2,11255.09
5667ac2e-89ee-4654-ad19-0afa97522954,45.84,27.09,15.01,791.43,apparel,0,18152.36
d6910f62-45e2-43df-94a6-2583446de029,11.12,10.75,7.19,614.94,glass,3,866.18
cf208bd0-5482-4be9-9460-919def1927ea,20.01,26.03,12.93,1720.24,electronics,1,5973.38
b2b6dbac-20ac-401f-ae25-05130210dc1d,25.65,9.48,1.0,91.63,electronics,2,257.66
0a5ec800-dc42-4812-a105-406aedc20a35,33.01,17.31,17.15,384.34,apparel,0,9543.75
4f0d0757-ba68-40c1-844f-1d2224ed6ffc,28.34,27.63,9.58,1866.26,electronics,1,7606.33
c12fe4db-66dd-42c4-b86c-7510448e2f48,5.6,3.96,7.54,144.63,glass,2,200.52
a35cc4c0-60d9-4837-8f2a-62c9db75f043,40.72,30.48,18.5,881.03,apparel,0,20373.27
493cc6af-5757-4d74-9e81-2c0ec3d73e8e,15.21,22.82,16.19,1410.68,electronics,2,5492.12
5692faf1-e0cd-4977-b37d-c47e99da9a80,13.91,11.84,5.33,453.17,glass,2,1001.78
80068541-5800-4142-a15e-13ecbed62fc2,25.84,20.87,20.84,1755.05,standard,0,9755.49
bd17de5e-7213-4afa-81a4-c84d1c4bcc16,20.89,17.14,10.19,973.74,electronics,2,3000.19
ecf4f614-215a-4382-823d-bd4407872239,18.9,36.6,8.21,223.79,apparel,0,6644.41
ddc4b8bb-4312-45be-8a63-61d39f648683,46.16,26.04,10.4,498.64,apparel,0,12671.08
70b15e9a-822f-480c-b663-8a4a72abeb79,18.95,25.38,17.16,1240.78,standard,1,8233.37
799659f7-e287-43df-9237-a62873b6fcd3,8.41,12.44,19.84,1156.03,fragile_liquid,3,2386.26
b807bd44-e267-4cce-9047-366b503d8dde,23.76,22.79,3.03,49.21,apparel,0,1525.76
67f6703f-a419-4067-b17e-1bbca4879152,23.85,25.74,27.28,2442.58,standard,0,16149.76
4bac3133-0171-40ec-8d55-603e03538963,35.52,19.82,17.53,508.63,apparel,0,12644.34
e2955c93-5bec-4c92-a438-0ad2866b44b7,26.4,37.61,6.66,219.99,apparel,0,7156.22
f57eeb6b-3702-4e46-8ba6-fa384bb988d3,42.18,24.71,9.82,385.91,apparel,0,10316.26
4f67ba89-6c4d-438a-9945-37c501f308ac,14.67,9.7,12.61,844.9,fragile_liquid,2,1962.94
2cd8cbf8-bfc9-46f8-8d23-abc6436a6914,36.72,23.87,13.08,456.5,apparel,0,10344.16
61182e78-ab6e-4b10-9d5e-29789b30bf65,40.0,25.64,12.13,480.32,apparel,0,13799.36
3cdbcf14-3b35-40e9-8fcb-7086dff02aa3,15.98,16.2,20.06,2824.99,fragile_liquid,3,5284.82
b6f50ea8-b620-4627-969a-06948cd69a23,46.6,23.09,7.67,356.94,apparel,0,7881.11
a7360457-c630-406b-ba56-24ddd591b21d,40.14,40.16,16.33,1044.39,apparel,0,31481.47
d8dbf996-103c-433d-851a-d9fbd7b03b4f,45.3,27.85,22.29,1146.22,apparel,0,26945.11
25263dc8-acb7-4f46-a0cf-90c573e00038,10.72,10.07,7.98,472.2,glass,2,1038.99
64fdff0f-a142-4a6b-9a73-68a1750c0c9c,17.19,7.46,27.71,1996.1,fragile_liquid,3,3087.16
0c4a4311-e33a-45e5-b6e3-a5147186bcdc,39.63,24.15,4.7,210.15,apparel,0,4996.33
01bfee96-23d0-44b9-80fe-20c4624dc3e1,12.17,7.31,9.4,422.5,glass,2,827.97
9c1ddfb9-d4e5-4b1e-98d4-ebad9e0d9156,31.52,26.39,20.89,2623.17,standard,1,16101.01
dcaebf3d-c356-4ae9-9cb4-1c1a4556f71f,38.56,47.19,8.95,686.9,apparel,0,16834.85
9752de47-1f67-41da-ac2f-96501a903098,23.56,23.79,8.45,1207.9,electronics,2,4646.11
ad4ecb72-883e-4b06-9c00-2420e5da89f0,5.61,8.71,10.56,366.03,glass,2,536.37
b4cc8101-ded0-4c95-959f-31d064d9a49b,32.91,32.19,18.32,795.75,apparel,0,19057.24
6861f0ca-71ef-4f99-bb4a-f0b3a7df1103,35.37,21.94,8.01,287.79,apparel,0,5031.33
72980c1d-880b-45f2-85b2-5c98be1bd3c5,15.65,12.41,25.99,2805.21,fragile_liquid,3,4723.39
9ff8c9ab-aa93-419f-bca4-6d72c828bb4a,51.98,33.01,6.84,518.17,apparel,0,14684.79
ab0c6c41-4936-403d-b977-289fa0288fb0,12.29,8.83,16.24,911.98,fragile_liquid,2,2068.9
efb541bd-d694-40de-9635-3a88bef83b73,10.71,11.67,7.17,524.56,glass,3,803.9
c7bcd376-7bc2-41e2-9c52-f0172b836ecd,34.24,26.83,12.09,2777.25,electronics,1,12941.61
925d8759-9652-4694-9188-80fb02c6aeeb,12.97,14.98,15.04,1585.7,fragile_liquid,3,3130.02
2f1eda61-0dc5-4c92-9ae9-7f6356cb9607,1.0,16.05,10.78,10.0,standard,2,156.5
6051d531-d10e-4d62-82dd-b323904813c4,14.72,10.72,20.55,1756.12,fragile_liquid,2,3141.58
ebeacc26-ce43-4855-962d-38a69ff414f0,12.78,9.39,23.98,1552.84,fragile_liquid,2,2647.44
c0a32d63-777b-4bf2-8865-9e464468b854,41.46,16.77,9.78,1591.75,electronics,1,5846.7
57463d95-9454-4b29-8c5f-a2984eb28024,14.56,9.45,8.16,768.19,glass,2,1160.32
373c1d15-f58d-47aa-b227-922652db5b4d,21.74,27.1,13.63,355.66,apparel,0,8271.22
85fdfeb7-a2ec-4408-861c-155ba72a2596,32.66,16.36,11.24,798.42,standard,0,5894.45
10de9ecc-58db-4df0-9745-8b3d4a488132,21.71,23.58,13.28,967.63,standard,0,6224.59
3518e809-b171-442a-94e2-bec17428d8a2,36.47,33.72,6.87,334.11,apparel,0,8358.77
866a9795-4e61-4587-8f7f-884dfde203fc,5.24,10.09,5.36,198.59,glass,2,301.14
d13ae737-cb77-4148-b779-fc93a6f88917,30.52,26.84,12.44,396.37,apparel,0,9794.39
0a248907-3895-45a8-b5ea-c8068879db23,14.91,11.16,15.25,1371.26,fragile_liquid,3,2232.74
8361d76b-76a2-45c4-9929-277b92c104a5,28.68,19.95,24.79,2079.97,standard,0,13579.95
8f0fee3d-45bc-43f6-8650-c3dfa02c62de,8.55,7.54,10.4,372.79,glass,3,621.76
44678681-3cb5-418d-8a28-c9f1c347a9bd,23.51,19.97,11.39,1387.47,electronics,1,5746.17
a5f8e5cc-e107-4aa8-ab94-b0d9941cfc76,13.65,6.78,13.69,733.23,glass,1,1225.23
43e3e081-b5fd-40a3-bf3b-85301cfc4e2f,14.3,14.23,11.91,1355.09,fragile_liquid,0,2137.07
62c813ca-4f5e-428d-9b55-38490ff73133,12.61,9.07,8.61,698.32,glass,3,891.66
b266987b-a8a3-422a-b207-bb28138e57ee,34.22,17.42,7.73,1173.92,electronics,2,5552.13
ef53f6c0-493e-4def-bdb6-680159796d74,8.17,9.11,5.9,265.28,glass,1,441.29
89d11e55-deac-4160-969a-4e4ac9cfaf1b,39.8,34.87,20.11,1117.73,apparel,0,23801.04
7655d139-9d1a-497a-b551-ec2cfde430fb,13.66,12.24,24.28,2185.49,fragile_liquid,1,3882.65
91496f58-1818-418f-b0f4-81040e70eb79,50.67,39.86,3.91,285.61,apparel,0,7392.98
3bc29d31-3488-4525-94cd-5f82a6b9c65d,24.25,28.1,22.12,572.85,apparel,0,16615.64
158177cb-ca7d-4480-ac30-d4bb050a5939,21.34,13.1,8.03,548.07,electronics,1,2348.57
74afd309-03dd-4287-b726-a2b407595f3d,31.67,36.97,13.08,567.88,apparel,0,15020.74
10b5184a-b58b-4021-88df-d519a2a22669,37.02,25.23,11.2,1642.74,standard,0,8413.55
bb982acc-b2f9-4f7d-bb1e-3091a9a5afd4,10.44,12.18,7.14,598.68,glass,2,886.79
7212fbbb-bc04-4d25-80be-2a206f570db2,8.65,8.16,8.98,348.04,glass,2,639.15
38a113a6-92e1-4af6-bc8c-30e821e452fa,17.3,6.08,6.45,402.91,glass,1,820.57
e4af7f42-161b-417b-abcc-bee158a5215c,30.4,19.52,18.97,1759.33,standard,2,12659.1
8cd2ce35-edb5-4773-b755-ec428da8b4d4,32.8,24.09,8.23,1576.7,electronics,1,5807.89
e02150e1-9d61-400a-998b-591e65f9e110,27.58,35.9,7.26,298.45,apparel,0,7019.83
ab8918a2-0430-47bb-99fe-58efe8d39b92,15.12,11.05,22.35,1918.11,fragile_liquid,2,3704.5
5f491b0a-4575-406c-bae9-7794da43796d,15.2,8.12,7.16,599.32,glass,3,1026.73
92966a9d-7ddb-48e9-9c0e-d547b4bda0d6,23.37,30.68,10.58,1281.05,standard,1,8147.95
ea713f95-80d7-4908-a958-76e22582bbda,18.11,9.2,9.62,800.55,fragile_liquid,3,1658.85
2e0139f3-6ae3-448d-9b54-b2604fa30c12,40.64,22.18,15.66,543.78,apparel,0,11325.83
2d561e27-3b3c-4d4d-98d1-52eacb24b14c,28.75,15.49,8.62,994.91,electronics,1,3927.19
79ce9a7d-2358-4a45-96bc-d71c36ab9a55,18.78,24.74,9.9,186.73,apparel,0,4849.19
5a9f5835-881f-47e4-a56f-3d4cfffce09d,22.27,35.42,14.61,418.65,apparel,0,10917.25
51d9fa9f-a84c-44b8-b4d5-380f8aef637b,43.17,19.51,14.23,422.72,apparel,0,11617.99
285d7aba-4aac-4cd2-9fe2-8e602bd378ff,36.43,10.33,9.61,176.44,apparel,0,4181.5
465ea856-0c84-4b93-b5b3-4513918dd6f1,38.04,21.12,20.9,2434.95,standard,0,19005.11
5ff03557-309c-4383-ba9d-e6ee8aa9fec9,13.41,17.41,8.13,522.56,electronics,2,1801.78
2036930e-1800-4b50-93f4-44707a99ea1a,19.63,14.13,14.53,2186.34,fragile_liquid,1,3951.79
9b50ad36-7773-4ea3-ace8-7b9344de8861,26.15,19.63,4.57,96.59,apparel,0,2381.41
5304551c-21ba-4440-9276-c7d3b7c4c944,12.72,10.69,19.41,1450.04,fragile_liquid,2,2674.98
0a4a74d5-ac09-43f8-bca7-8dede8c9534f,5.72,13.98,16.49,723.14,fragile_liquid,2,1187.07
dae7f01e-4f60-4894-9da2-57118002b663,29.8,17.53,18.4,1394.98,standard,3,8830.5
1bf215e3-5aa4-4589-8383-7a8a18aeee76,24.73,15.57,13.51,1334.64,electronics,1,5191.12
a81a812b-25b9-4ef5-a13b-5b8cdbf62a69,25.6,8.34,11.15,709.8,electronics,2,2437.51
e8b215ff-8ad8-4390-a686-347af18c11bd,11.59,28.32,5.64,667.22,electronics,2,1992.43
88a37d7c-291c-46f4-a1ab-c17305994605,12.11,9.52,7.82,551.37,glass,3,830.93
20b0f3ca-cd3d-4f89-970f-55c70b0c96ca,13.6,12.61,18.37,1706.05,fragile_liquid,3,3200.32
ce74cf28-956f-43f9-900b-76bc1ed84a58,40.81,23.14,19.99,2851.09,standard,0,18282.87
6e76b80f-860b-4efd-b8a6-39f61ce889e1,27.5,20.03,12.19,1549.84,electronics,3,6353.67
38ae3598-4843-478d-83c0-d6a0d55d8075,11.97,12.37,13.21,1079.58,fragile_liquid,3,1909.28
148c61af-3167-42ee-aa3b-3f0a1af5b87e,50.25,35.82,5.72,437.79,apparel,0,11299.09
21f887af-5367-44d4-9e60-fccf8567fde7,10.05,7.46,22.2,932.94,fragile_liquid,2,1884.38
71107f93-59eb-4acc-9263-bdef23696f78,28.36,9.57,3.02,185.11,electronics,0,767.54
b8443245-fbcc-49e8-8e48-2985bbd3f8c2,12.58,9.55,20.68,1359.56,fragile_liquid,3,3028.72
ecab1865-1056-4b76-a05d-0b30160b5775,45.15,43.93,14.26,1162.25,apparel,0,25269.43
1d13cbd4-2740-4712-95dd-f382e41ab4e0,39.81,16.35,19.56,1880.93,standard,1,12424.61
f4d2530b-94c1-4d10-9d0c-023e72e7b270,15.94,12.26,15.13,1595.49,fragile_liquid,2,3108.53
6d96ac2a-1aac-45f5-955d-b294a2e7aef6,10.62,26.17,17.0,765.92,standard,0,4733.96
41fc5f30-cbf2-4287-9129-ea2f5074bcd5,24.97,25.66,7.88,1315.43,electronics,1,4705.14
be4dfc60-2a5e-4860-9b38-f74a9d71f107,23.78,15.81,10.21,876.22,electronics,1,3732.6
7951946b-af28-4daa-b9d6-3046a96d5478,14.15,17.83,24.0,3420.0,fragile_liquid,2,6705.86
6f5e509d-b2e1-44f8-875c-dc3d3abb6f05,30.31,18.08,11.63,1429.92,electronics,1,6286.86
c7efa0e1-0a19-4938-baa8-70cd83be2a34,63.95,33.51,13.14,1128.01,apparel,0,23972.36
9bb46b0a-5855-498b-939e-55819359e6f6,29.81,32.14,9.7,364.92,apparel,0,11130.68
ee3d3886-5f9b-4b1c-b0f8-ce299b38eee7,20.28,13.24,8.33,515.39,electronics,2,2511.05
31719df8-5f1b-47bc-b2d4-f153ea7d17bd,10.94,32.16,11.56,1034.88,electronics,2,4473.13
ffffa777-1cdc-42b3-81c0-22466d320991,9.57,8.88,6.72,371.1,glass,1,590.46
96569bee-f3d1-41d0-a436-d260b9ddc51b,29.63,25.83,5.11,1042.11,electronics,0,3727.88
d812c9aa-a915-48a5-8326-328e476d9f33,12.56,9.51,9.7,756.51,glass,3,1015.16
c68558ee-1005-422a-983c-5744362e7785,22.29,18.79,25.62,1778.66,standard,0,9455.85
78b28e56-c694-4116-9d60-c9bd5c0a8ebe,29.66,36.71,15.13,640.86,apparel,0,19484.24
e01a51eb-8788-4b9f-a958-2257a0f985e8,17.39,6.04,4.67,456.42,glass,3,475.54
e9e6fedb-6daf-445f-8fca-40ba9a379ae3,15.5,12.65,13.07,1396.28,fragile_liquid,2,3029.51
45455e38-5491-44b2-a02b-06de4058d30d,14.49,8.31,6.82,614.82,glass,1,870.47
092dcc15-8080-40bd-8033-c441da98ddad,31.53,22.47,6.41,1211.62,electronics,2,3544.82
b4981f27-8c68-4320-b665-87c1b5c6fa3e,29.85,9.01,7.73,307.96,standard,0,2396.64
c0192370-29b1-4684-9fd5-c10713238f1f,16.69,8.8,7.78,591.45,glass,3,874.83
37e9108d-523b-4635-a8a0-fea3cf1a0632,40.09,5.32,13.92,848.2,electronics,1,2872.74
55646613-0ee6-45ab-9188-e3789c5d38ba,15.56,14.19,23.12,2884.74,fragile_liquid,2,4709.18
c3f9d014-1002-42bf-bbad-6b8c4e6a3e09,37.63,34.59,12.4,593.17,apparel,0,17451.27
7b49b5d6-5137-4c3f-8e7d-1925b135086e,35.37,34.85,8.11,1433.16,standard,0,11274.87
a5dbd587-c24c-40d2-8dac-9c130c360eaf,32.29,27.79,14.1,3190.42,electronics,1,13104.58
7fd157fa-8338-4fd8-89dd-7fdef70087b2,34.26,20.64,15.42,2676.3,electronics,2,10117.8
0b465cd7-ea75-41f4-9662-2975c960bf4c,14.3,24.7,17.24,1494.4,electronics,3,5862.68
2e63ddc0-393d-4bd8-a831-a4fbefc77eb7,8.45,10.32,6.6,298.12,glass,2,632.5
784bfad5-5479-45e4-8463-8c408f738a9e,14.67,13.16,5.52,570.41,fragile_liquid,3,1052.49
1e19e580-da2f-4ed7-a5e0-869336223904,15.94,5.19,7.75,158.09,electronics,2,607.57
b56e9acd-4c23-4ede-b8af-0952341df737,24.43,26.29,7.09,144.2,apparel,0,3860.62
407a24db-0f32-4396-8aaf-f9fc12a03c0c,18.49,16.76,16.26,1287.78,electronics,1,5270.13
a17bd248-09c3-4c39-832a-724e8b55ecdb,15.79,7.91,10.51,470.64,electronics,2,1248.5
04a1354b-f58c-47b1-ae30-9b71e916b730,12.1,11.55,21.71,1668.08,fragile_liquid,3,3118.11
c82397ca-730e-42d4-b427-844e0925413c,30.85,18.32,14.15,329.94,apparel,0,8202.29
2ae8ff95-acf8-4b6b-9258-26e51c44258e,26.7,29.15,18.86,2283.52,standard,0,17471.42
779cff10-e655-4828-acb2-71e48f920050,12.86,11.23,12.37,949.91,fragile_liquid,1,1677.41
8a2102ba-b911-4827-b2bd-4e39ac087374,18.53,14.31,23.03,3435.69,fragile_liquid,3,6715.38
dc23d2ba-700d-48f6-b3d5-04faa8afd821,32.55,29.65,6.9,283.43,apparel,0,6717.17
afbdde0a-e8aa-4279-bcbe-755b9f7ab74a,8.07,25.22,11.21,77.75,apparel,0,2598.83
2f7b85ff-2e44-49ae-89c5-eef47fea455d,36.22,19.26,8.25,208.53,apparel,0,5408.73
e45ffe45-47d1-4ec5-a31a-78c1baea78c5,15.03,11.73,22.08,2175.55,fragile_liquid,3,3828.18
cf85a50e-4325-452c-991b-2002eef84008,11.5,11.91,16.24,1229.57,fragile_liquid,2,2131.16
61be5f4e-8c2a-4a1d-a16a-d6e19c9cb11e,28.44,16.58,7.15,977.96,electronics,1,3403.78
4d56d536-2f93-453a-a970-564c449e8df3,37.01,29.13,20.05,3139.86,standard,0,20952.56
f92a46be-ab6a-42b5-a007-f10dd88dfc42,44.2,28.42,6.01,311.63,apparel,0,9622.13
ff952495-cf9a-4e29-87b1-b6af0bd5a46c,5.65,10.03,7.58,215.64,glass,2,474.93
0f2c01ee-6102-4373-a219-c410d40cdffb,27.32,21.28,9.31,1306.63,electronics,1,5643.19
6efaaa60-d261-494f-a1e6-38352605035b,22.25,16.51,17.92,1698.24,electronics,2,7073.28
ef183ac5-4f5d-4b5a-af8e-1c012b8b1ce8,20.32,22.2,9.48,785.16,standard,0,4115.63
8f056690-ce63-4809-b280-e5699d7aac69,13.57,13.59,10.01,415.92,electronics,2,2012.25
d4dac63e-8324-4e03-8b63-e778d7f4b8ba,33.59,16.9,6.3,670.99,electronics,1,3249.35
c3409052-eeeb-4489-b4ad-475b08327e7b,46.74,19.15,21.81,758.51,apparel,0,20933.4
c091dbf3-ca87-4ebe-98ec-ffe88f217f90,5.46,9.82,6.71,238.78,glass,3,406.52
8e04b63d-1554-4c7a-99ac-057d9210aa7e,38.8,37.67,8.53,475.33,apparel,0,12541.56
1d0b8c78-c3f7-4faa-b3c5-3527b1b100dc,10.39,18.88,21.01,461.73,standard,0,3852.7
3d544e40-a411-4a85-aed8-2dea3c97423e,40.8,18.57,9.04,258.02,apparel,0,6727.81
afa44787-3fa2-47c5-a5b3-8c88744e942f,33.03,25.21,26.18,3029.62,standard,1,24632.57
6561d864-d2dd-42d4-ab32-4d19fcd992d5,40.17,26.97,13.71,563.43,apparel,0,15918.67
4c93d5fa-f2a3-4150-bdc9-a6a4895d17c3,9.84,11.09,9.27,572.06,glass,3,1294.71
7cf58258-71d4-4f97-a609-00e48b4125c5,11.63,5.84,9.14,352.68,glass,3,556.04
1dbe5567-9b3f-4aca-b069-083cea57e943,11.76,10.22,15.5,1104.46,fragile_liquid,3,1632.44
bd973ac9-65b1-4347-bb88-d8846db2961b,20.02,19.72,7.5,907.05,electronics,2,2715.92
51b29d1e-8e36-43fa-b74b-697bc11fc7ee,37.11,26.04,21.53,800.52,apparel,0,16652.0
9d383796-2091-4a30-a9d2-b674e1fa4594,35.8,13.22,23.4,1549.49,standard,1,11944.46
fb9d5e9d-50d8-4853-8baa-3a49ab28a5d3,61.07,30.78,3.89,333.52,apparel,1,7561.0
6a86337a-a767-40b4-99e2-4faa0614b18c,12.19,13.98,5.58,539.01,glass,2,937.41
803d67b8-e4b4-494a-95a0-4f6430765ed8,10.76,12.62,8.43,595.91,glass,3,994.51
54320e1d-9147-4a4c-ab77-dc89058bbfad,28.48,34.73,16.17,2503.48,standard,3,17442.95
c76f41ed-ea37-4821-9cfa-4d89951b3d7b,33.65,15.23,13.34,1563.95,electronics,1,7407.57
086a6a22-489c-45b5-b2f0-be2e0424d8d6,12.89,9.18,8.88,648.31,glass,3,919.78
44668cbe-d3ea-457b-b798-81a1e0e67b51,21.91,18.15,4.77,534.59,electronics,3,2090.35
e71544c5-b6cb-488f-a15a-a42762239e72,12.58,13.91,10.4,1065.94,fragile_liquid,3,2012.58
0ace2a47-14ec-41a7-a0d8-c1d02310fc52,12.43,16.3,15.46,1746.0,fragile_liquid,0,3204.78
cc43430a-325c-40f8-a119-558d821ce0d8,42.99,19.16,11.72,2501.18,electronics,2,8243.88
79a632e9-b638-439f-afa3-84baae20c4c2,29.48,33.87,16.38,2397.98,standard,0,19816.71
0e2d4d47-cde3-4e9c-813d-a0e6e5700707,13.54,11.92,13.92,1281.28,fragile_liquid,1,2312.43
61d325a2-7f67-4bad-94f5-ce1186d61ff6,24.49,15.31,9.98,975.35,electronics,1,3437.7
f27a2ad6-3711-46f9-9b5b-e70a188e596e,35.72,15.99,12.25,1793.95,electronics,1,6441.84
475e4707-0f40-4c44-ba88-a826998051b7,10.85,21.16,4.22,223.21,electronics,2,1072.6
81f6ff56-04a7-4770-b0ff-da42c4055a75,24.76,25.54,12.52,1214.98,standard,0,7073.63
75788752-d3c4-4c47-aa84-79f87657d23c,36.64,22.99,12.15,1416.98,standard,3,9320.91
07f86a8a-e86b-484b-9671-6b63e155d290,36.41,14.98,5.96,682.99,electronics,1,3680.58
2c4a0ee9-8b4b-4721-adbb-ef74f705b1bd,31.97,26.75,13.61,513.38,apparel,2,10354.03
fd7637c3-ef6a-4402-aa62-df78e91823c5,13.46,5.95,9.48,478.71,glass,1,654.72
d2ff42ce-e49c-4666-8a77-6dfd9fded78a,11.83,15.93,8.17,410.94,electronics,1,1625.66
7b76f79d-7a56-4e0f-bdbe-66df3c765a82,34.86,29.68,13.51,549.6,apparel,0,14049.68
5bcc4dfa-b9bb-460b-98ca-4c9f8fe72847,30.92,41.17,17.1,868.81,apparel,0,18191.08
9a6d42fc-486b-4702-85e8-ba25f6098120,11.23,9.84,9.15,593.49,glass,2,1114.31
23e17c25-b4e8-4603-8367-f6ce0ef24b4a,18.84,19.67,14.72,257.67,apparel,1,5838.09
3f2cc341-eef0-4bc7-8079-71cb802a943b,12.47,7.39,7.11,381.2,glass,3,699.53
084882ce-8c92-404c-87f1-9c366a9edcd6,25.59,18.11,13.59,1560.95,electronics,2,7502.22
d30f66ab-4c9e-4cf6-94d2-adb7d282833f,35.26,21.31,9.87,296.8,apparel,0,8422.11
9991c873-85e9-4c3f-9ffa-c10c58e12882,28.84,11.22,15.01,780.77,standard,0,5368.18
a26f4b2a-4c0e-4d16-962b-7f0c0fe1b870,49.18,33.68,12.58,868.6,apparel,0,24675.44
a222be42-3e06-453c-af7c-22cc33cd0689,16.83,24.98,11.27,1179.74,electronics,1,5234.26
52239287-1047-46d9-a4f2-8cb9d1d9a5fb,8.26,9.0,5.2,244.28,glass,3,357.87
0ee6238f-b8f3-4d59-b900-47bde1163675,9.09,10.04,6.55,319.43,glass,2,660.73
dc45a95b-224c-4c35-b3f8-5ae8ffd20121,31.51,36.92,20.77,3619.18,standard,0,22054.01
30c15f32-2d8c-4e17-8d34-edef0720d41a,30.89,26.77,10.44,358.94,apparel,0,8653.85
43e6db0a-ed9b-4f8e-b206-bb6e13fca7bf,51.59,22.2,21.73,978.54,apparel,0,21228.83
073e18ee-f958-489e-ae16-23c04337e8ef,10.5,10.6,12.24,748.92,fragile_liquid,2,1269.28
2998ad26-c817-4e89-bb14-cc9ce7c1e511,8.53,11.43,11.36,625.49,glass,3,1112.54
e485c1ef-28d9-4151-9656-2fb528b9f46a,23.64,30.46,7.88,1430.33,electronics,1,6402.28
136015d1-fec1-4d12-b8e2-fc5ce266afc9,22.68,33.97,13.88,1493.75,standard,0,9658.2
a68d0cb2-83eb-4fcc-883b-cf68da189118,9.27,8.86,7.64,303.06,glass,3,596.82
3c6528c1-c264-4a00-9539-9600de734723,10.33,11.76,5.17,305.96,glass,3,604.95
8d27509b-66dc-4856-8ced-659487cbd3ad,32.32,19.59,18.85,1721.15,standard,0,11623.57
45bf9ded-cefe-4b82-9e99-1d09a6e333f9,26.87,21.06,22.21,1781.32,standard,0,9235.42
649d1ae8-6ad8-4d2e-8454-9017db178d7e,5.26,9.24,7.05,196.24,glass,3,308.14
6a65baa3-82cb-4b6a-b43f-5925c6348b50,10.3,24.84,8.5,497.33,electronics,0,1942.55
aff2c406-e9bc-4907-98de-3dc75d7c815a,25.56,33.94,9.35,351.58,apparel,0,8116.71
91773070-55fb-465b-adba-30fa80537c19,21.01,24.51,12.1,1550.76,electronics,0,6678.7
e0f26d1a-7f35-4873-bafd-76de9b99dda4,44.35,35.16,8.82,497.43,apparel,0,14795.79
9ab9409d-b28e-4e96-93ca-872b07b334bb,25.62,13.72,15.5,1459.09,electronics,1,4341.37
1da3c7b5-bf68-46ef-827b-a111aead7dd5,16.22,21.02,8.19,621.13,electronics,3,2765.72
c89a230b-0de5-4061-9d05-382de761fd5e,1.0,18.76,18.73,145.98,standard,2,341.58
599d2970-3597-48c7-9131-fe575ee21a3f,10.1,20.01,10.18,323.5,electronics,2,2267.22
da0e4855-7f4c-4baf-bc73-829bfae61430,12.77,11.58,8.84,753.05,glass,3,1310.57
bd1a3fa2-a4cb-4da3-9fc1-86a33db35a4a,37.52,30.94,27.51,4695.51,standard,1,28205.8
f37d8d77-8b39-4ffe-a98e-7992ce46d341,30.23,22.1,14.0,374.03,apparel,0,9388.14
623fefb2-eb06-45f3-b132-f0ae7272e649,13.72,10.48,16.24,1233.6,fragile_liquid,1,2466.67
192cb550-8eed-415b-a325-420900775ad0,28.37,10.9,11.15,166.04,apparel,0,3263.3
8ed359fb-70db-4261-b3c7-aa3e10471208,12.84,18.54,12.51,1586.09,fragile_liquid,1,3576.14
6930193a-8a43-461c-8c89-1ffefb687399,29.22,35.16,3.7,161.55,apparel,1,3562.65
ffc86fd7-3a42-49d2-ad05-62d426582d42,45.5,49.79,9.68,826.15,apparel,0,24831.38
2529265b-bd53-4811-bb69-5933726ba6a0,13.02,9.46,8.39,654.12,glass,1,1046.48
72f14e24-af33-46c9-805e-18e2b6c7f9f7,29.39,21.67,12.36,306.99,apparel,0,6691.47
106ddbfa-9e5d-4f60-bb33-a1bb7d4f81ed,16.4,14.56,3.6,323.17,electronics,1,843.99
fca89c5f-0611-4dc1-9e35-7afa5994041b,12.69,17.98,12.63,1526.21,fragile_liquid,3,2700.17
aed5f833-deb2-4e56-bc28-faeb680f1a9a,1.88,25.56,21.14,287.76,standard,0,1009.27
55c724d4-c8ed-425b-8f8a-2158dc35cbc1,11.52,15.47,16.37,810.63,electronics,1,2692.07
6ccb8e1c-5e60-45fd-be73-4fba0debd6da,25.78,12.22,14.08,1165.46,electronics,2,4577.9
ae3e507b-1736-429e-aa5d-ed2689876120,13.59,8.88,4.28,325.4,glass,3,463.54
d43ccfb7-021b-4c66-820d-0882e8102174,23.99,8.99,11.25,664.99,electronics,2,2666.18
74c3d4bb-8310-4f2c-9990-9c1ca0f69bfe,13.56,5.46,20.7,21.31,standard,0,1433.34
88d6d535-d304-47d9-87f3-2184e05af047,11.45,10.2,7.07,579.14,glass,1,900.69
188816e0-ccc8-4ab6-848a-1c964962864e,6.22,12.57,1.78,10.0,electronics,1,157.44
fb66394f-356a-4d84-aa61-711f49dc034b,35.79,11.84,13.37,234.79,apparel,0,4341.54
f2c73782-9129-4d4f-9926-94f38c5cf2f8,9.91,12.33,6.66,480.86,glass,3,770.39
c53f265f-e2fd-4f32-9286-d41a3dc7a518,25.33,13.22,15.07,1159.59,electronics,3,4649.47
2c71ea28-a5d4-4851-9013-cba82aaf09b8,42.87,29.39,19.65,1016.3,apparel,0,24357.22
70f2b7db-41fe-440c-a207-b677e80b15c6,53.59,22.57,18.98,892.13,apparel,0,25116.58
3a0ff6e3-5e61-4abb-94db-d8bf141d4600,26.01,19.03,1.0,10.0,apparel,1,493.81
b08a1f79-e2db-4519-82a1-15ff66fe958c,10.8,12.81,13.83,1073.93,fragile_liquid,3,2089.41
2c892f6c-3383-4866-aead-8bf57339e1ec,5.8,11.38,18.39,694.44,fragile_liquid,3,1099.49
9bb5eb92-a908-4ee6-be85-e89f195f8bff,11.82,11.38,8.51,662.16,glass,2,977.48
af7c1ced-dbda-4fdf-9b9e-fe3b4f17f9bf,43.26,42.06,19.23,1390.65,apparel,0,33054.71
d7307f68-4c0f-423e-937a-e179162ed50f,30.46,26.01,8.18,1467.99,electronics,1,7907.69
c0c3257e-6149-4e93-a96e-47f4b9fa04c3,16.71,13.67,18.62,2317.01,fragile_liquid,3,4609.93
9557ab39-d452-4c05-bafa-64ced2bb7ffd,6.03,41.41,17.25,857.3,standard,2,4061.05
87875e6f-0ee3-49bc-b812-7bb8344ac9ec,38.59,17.57,4.96,875.95,electronics,0,3704.88
3a16db4c-2618-4b2c-b15a-0893ef5e7de3,29.43,16.78,6.4,833.73,electronics,1,2907.13
c318b081-afe0-426d-8212-8563ea4afb0a,30.46,38.34,1.9,70.0,apparel,1,2528.42
045b847b-362f-4c6a-be65-6ad097b5511d,11.18,12.06,9.12,703.23,glass,2,1351.51
d38bb20b-7e9c-4212-8495-8bdb8cb4a1d7,25.11,15.51,10.68,211.54,apparel,0,4083.66
c9280d09-7ba5-4313-a065-f8b49b4f5041,35.53,15.97,10.67,277.26,apparel,0,6077.1
b4bf0c38-012e-44dc-b3c4-e69bd30a0a14,15.77,22.13,16.03,731.0,standard,0,5244.96
56d0f441-3bb5-4fed-b729-f596e3f9d8a8,17.91,20.42,25.75,1389.6,standard,0,11006.72
859c82a0-9b78-49cd-a2a3-d72be2d681cf,8.91,7.76,18.39,605.13,fragile_liquid,2,1153.74
4a3507c4-948e-4225-8425-0be9bd58ac0c,6.83,8.66,6.55,222.37,glass,2,453.48
7cba5c54-904a-4651-a3bc-02c84f8f8295,29.58,22.46,12.6,306.93,apparel,0,8092.76
b0c6ea5d-62f4-414a-9863-e1643d8c2206,12.98,15.15,23.46,2591.04,fragile_liquid,3,4982.41
9bf02693-b1da-47fb-bd0d-424a46f6a063,24.89,11.24,16.64,1269.72,electronics,2,4629.7
df4b2254-26a4-453f-8dfa-056e62566b20,29.98,29.67,9.33,1197.56,standard,0,7695.99
a9f9cd3b-282f-4554-86df-dede30a8342d,26.01,16.14,21.78,1090.55,standard,0,9497.39
21ad2c97-7716-46d8-ba67-e4e549432336,31.02,15.5,11.12,1408.65,electronics,2,6597.36
7b7eab3d-af6c-4472-87bd-e7d43bc3da36,15.88,27.94,2.49,62.96,apparel,0,1016.94
eab0ecf2-3201-4ae0-8052-8bfba93dbedd,41.55,21.31,15.65,2099.84,standard,0,12736.07
400a4816-3e61-4231-a9ef-b816550a0503,22.86,33.8,14.4,464.06,apparel,0,11788.69
6a7c2e0c-7eb0-430c-b32d-4a100f1f26c1,36.15,12.02,9.81,597.59,standard,0,3871.81
1e4dee21-45df-41f9-9fde-588b1ad45cf1,24.17,6.96,12.96,488.25,electronics,1,2504.61
b7381b19-ae3c-43e3-aee6-374964cdf301,27.1,26.69,11.14,1861.85,electronics,1,8740.23
fcaf11fc-6deb-4a8d-9471-e3187c687d71,8.23,11.48,19.72,1043.98,fragile_liquid,3,1533.67
0b44a0c5-a37a-4048-b6d8-ad8beaff55e7,38.55,5.39,10.71,472.68,electronics,2,1986.81
b15abc49-5fac-42d2-bc7d-b11110be5d12,46.01,25.4,11.94,576.08,apparel,0,13251.24
9ea6459d-fad8-4245-a832-11228da5e888,14.69,8.34,10.64,766.8,glass,3,1491.74
18fd1ce6-7f20-4059-a032-c67a1cdbda35,33.74,18.81,9.65,1578.33,electronics,1,5413.09
80b22c3e-bd50-4077-a8b6-340adec95732,13.57,15.33,18.43,2056.87,fragile_liquid,3,3613.18
93b5450d-b5ef-4e57-846e-9e3c0acbc926,33.73,32.42,14.68,623.81,apparel,0,15270.62
560060bc-0092-4cab-916a-c764f5057f0f,33.24,19.34,4.06,609.17,standard,0,3233.87
34057f7e-e68c-450f-926d-49c5864bd613,5.49,8.35,2.92,10.0,glass,3,127.85
0b23d126-a62b-4f94-a9b0-46759fa207c0,20.68,17.95,6.83,578.32,electronics,2,2274.98
595586f5-a075-4be1-b0b8-c4cb54fb8c03,12.08,12.28,10.72,939.46,glass,2,1389.31
8a569b4c-c97d-4b74-8711-257ad278fedd,48.63,29.17,11.67,663.5,apparel,0,17359.84
8190389c-a34c-46f7-9683-5e957386ec38,44.55,31.99,12.24,670.39,apparel,0,17255.41
7793d0fb-3def-41b8-8c24-b237ad892333,25.05,32.84,12.15,2548.37,electronics,2,9422.66
29bc3e6e-44d6-4536-a9d2-7af9f95e724b,12.48,10.91,8.35,722.52,glass,3,1141.51
7d543c77-366a-4ad9-abd1-a9419d364891,24.9,16.88,15.03,1521.88,electronics,1,4702.43
07bad380-0ddb-4971-85c0-6c588be4e5a0,10.68,36.27,4.88,35.88,apparel,0,2020.72
612ce00c-46eb-472e-a37c-f261725614bd,16.96,23.82,13.75,856.17,standard,0,4018.52
2e5e86e8-9696-404e-a070-8f0c9cd48613,16.94,18.78,17.06,1397.37,electronics,1,5740.6
90e90e60-f411-45e7-9986-586b9d83e2f7,13.33,9.3,9.55,661.16,glass,2,996.63
fa7e5c11-808e-4ad8-b44e-f922371a074b,11.92,1.0,14.98,85.6,standard,0,181.98
8079ca3e-7f87-4d15-acc6-5c88474397bf,27.46,33.44,11.24,431.62,apparel,0,10385.32
1be2934d-b245-487a-afd7-9c431348697d,13.5,18.58,4.2,154.23,electronics,3,1283.85
b67e2aa3-5878-4c2a-a9cc-5a28918a05f7,12.55,11.21,11.77,991.12,fragile_liquid,2,1699.45
c51e6ddf-6bd8-46a7-81c2-ddebfd0dd170,13.32,11.45,7.84,716.56,glass,1,1171.7
15977ba2-20e4-4aa2-a884-8e61a5e19d67,17.65,13.68,8.25,546.48,electronics,1,1966.05
7b5b50f9-726b-421f-8fa8-e3a436fcb9a9,36.8,23.58,8.65,252.99,apparel,0,7763.09
41666217-54fa-4bde-89c0-1be9acb2df6b,8.67,10.53,19.21,930.57,fragile_liquid,2,1754.86
818f91ed-6b83-4956-abd1-55950d42b2c0,34.48,36.98,8.18,401.2,apparel,0,9785.87
75b91337-ca9c-4fd1-b861-2cd8a316acd9,16.41,10.68,7.01,774.36,glass,2,1242.24
c50a8dde-cd51-4cbf-8169-aa70b1f314cf,15.97,23.33,6.39,522.49,electronics,1,2442.66
cf042f56-6b9f-4b66-869e-b85777e64285,36.22,26.81,19.5,751.88,apparel,0,18656.11
49853ce3-9f94-4355-9cee-66f8412e5732,23.43,20.13,9.58,1112.22,electronics,1,4297.88
f68bf162-0a13-46aa-9682-b9efeb4cc593,21.72,18.22,14.06,1466.63,electronics,2,5339.53
29f80168-6088-47d5-93ad-9a1e662c2236,22.58,19.24,10.31,1281.5,electronics,1,4451.62
06a70bf9-6589-4164-8043-c5d617fc805c,28.74,15.13,6.07,119.91,apparel,0,2488.1
9ef9e57d-5985-4c1c-ba3e-bde84095850e,17.58,13.24,28.47,3622.62,fragile_liquid,3,6914.49
52f0c57b-63f9-4fe1-ade0-512f8e270ecf,17.16,11.47,7.71,889.6,glass,3,1307.64
27bab8d9-8e47-4c55-83fb-c8dd4fe34912,11.82,29.85,17.55,973.83,standard,0,6221.61
8e1e21f4-c2f3-4a01-8701-42f1b1cbbc34,30.48,31.66,12.38,471.24,apparel,0,10713.42
4db3a915-cb24-4dbe-b214-8a81edc90b7c,39.99,12.59,5.72,772.96,electronics,1,2940.76
8884fa37-0c06-48c9-9e88-a70d3f8a3fdf,12.85,13.06,14.33,1418.35,fragile_liquid,2,2501.78
8639f945-fb49-4772-81a6-c31d86889046,12.97,31.48,10.18,157.16,apparel,0,4205.85
7fae4fa5-eee4-4dfd-81f6-edb7bba59b96,13.61,10.53,7.92,711.76,glass,3,1064.17
db211aa1-9469-49d7-a65a-b7ee1ab7b635,27.16,31.51,16.36,565.08,apparel,0,11408.16
dbab0975-7074-4897-b570-a01bb56cf7d4,25.55,32.54,12.64,1583.99,standard,0,10945.14
09f7bc0d-033d-45a2-a0db-e33061cab6ef,11.04,13.91,14.51,1252.85,fragile_liquid,2,1897.54
8f373d6c-e585-49e4-a147-f2208aff9039,47.82,28.83,14.02,831.98,apparel,0,17102.64
8cc447e2-d608-417a-9b2d-b66558316752,35.07,26.04,12.68,2911.25,electronics,1,11118.2
3ce5f7ca-30ec-477b-bae2-1b13a8386e76,14.78,13.42,5.17,147.05,electronics,1,920.34
2a007236-9c1a-4ac2-a53a-5701a441ef51,15.34,7.82,6.92,497.3,glass,2,793.25
2c5cb672-9e2e-4459-a5a5-0e26b59f0d24,55.09,29.78,1.45,32.18,apparel,0,2559.99
d84ef4a7-71b7-42bd-a130-8495f2bd5db2,21.3,11.95,14.1,610.14,electronics,3,3519.89
eb0c6b4b-4c08-459f-bdd5-4849351a3e1d,27.01,2.6,9.76,293.67,standard,0,677.44
0849db8d-fe35-4451-88a3-6dbde8b2b7c4,27.51,22.36,7.69,1194.14,electronics,2,4282.34
e36ae754-6d69-41f9-8d43-069eb5950db9,17.59,6.97,8.5,614.73,glass,2,1044.14
d492fb74-1c06-4510-9a33-b0ee41af2794,36.78,47.08,8.66,636.73,apparel,0,13003.64
4e49608d-d68e-4581-9e91-cb17e0dd0ec3,14.17,14.65,29.39,3306.48,fragile_liquid,3,6574.34
8a9826b4-4e05-475f-87b7-7d6b5cb2edb2,11.37,26.34,14.82,1140.99,electronics,1,3940.29
a20ed791-0557-4776-af08-4910ce1e6521,24.24,37.39,6.19,783.76,standard,0,5426.93
51324460-befd-4adc-80e7-a70eba3bd29c,35.51,21.53,10.19,1278.57,standard,0,7184.8
d354c2b7-781e-407c-bec1-88084f1e7c34,9.49,16.54,12.08,1036.18,fragile_liquid,3,1917.43
0bacadff-15a2-4e08-bce0-3436f116a497,8.45,14.32,6.08,509.65,glass,3,652.65
a1fce9d6-db9a-45b0-8210-aed127533183,33.69,16.62,11.21,261.84,apparel,0,6502.09
07510c23-72d7-4b17-8295-c14b7dddc145,43.51,41.72,9.14,711.24,apparel,0,14771.24
3232da7b-ceea-42fe-8590-d16e938fdd9f,30.31,10.94,14.06,1289.47,electronics,1,5299.41
9119c5c5-d4b2-40ca-9336-18b71885961b,38.87,29.57,16.14,740.94,apparel,0,18631.82
a9723a31-c8a3-4420-985e-e475eec745c0,21.76,12.69,13.33,941.16,electronics,1,3148.16
d9a52adc-78e0-467b-bce6-6dd0f9888ab5,13.78,14.92,13.86,1572.05,fragile_liquid,3,3069.17
c7d46b83-c8e6-439d-868f-a596f094ad1b,29.96,27.12,17.85,2264.76,standard,0,12624.16
fae0ccf5-d67e-4afd-8a41-6efafe4cf7e4,38.77,27.62,17.55,2898.02,standard,0,22116.48
b3225365-3b25-4ea8-90b9-5486c05ddd7e,29.12,16.46,16.51,1333.62,standard,0,6850.06
a91121c0-e555-4ead-ac5d-66ba0605882e,15.41,13.1,21.14,2330.48,fragile_liquid,2,4137.87
3278e920-fb52-4518-8128-d97070dc4511,14.66,24.72,24.8,1292.44,standard,1,8743.73
1eaed3e6-86ae-41e2-9963-efce6e91e2c2,27.56,29.28,17.18,2155.91,standard,1,14235.56
ee5393f3-dd4f-4d6f-89ea-5cdc8fec614c,43.66,27.65,12.78,583.35,apparel,1,15147.15
7c035c63-4e5a-425f-8efe-a09af4ff2224,14.49,33.08,15.95,1012.7,standard,2,7644.34
bd1ffead-849c-4b62-8f16-5b57dc71882f,37.44,29.33,11.45,466.61,apparel,0,12116.91
fafebe7e-38d9-4b9a-9bf8-83246460e8c0,15.84,30.71,5.53,690.95,electronics,3,2800.93
79279d3e-0597-4296-aa80-3f4fcadb8c0a,42.66,26.72,14.22,630.17,apparel,0,15530.32
7eafc191-b54a-4ceb-bf10-a8649216c416,11.46,8.09,8.81,399.79,glass,2,903.13
4f368454-d108-4020-996e-fc006f1437d4,21.67,27.81,7.73,158.17,apparel,0,4146.84
57196c83-9964-4113-bb7a-ebdf2a331b66,34.01,17.12,17.84,415.56,apparel,0,12852.91
25bc74e3-dfdf-4b1f-8219-4f4f4473cbb3,16.27,8.08,21.06,1602.1,fragile_liquid,3,2891.99
6f5fc396-dd9c-4cb7-9dda-d081f646cf51,9.26,17.38,14.97,1368.75,fragile_liquid,2,2671.16
c6d8237f-5f85-4af5-8111-eb10a424373d,32.5,20.53,1.0,10.0,standard,1,693.66
096bc9fc-b17d-4d4c-a9bd-477af8e34c22,27.19,24.91,7.04,1154.12,electronics,1,4534.81
d014f733-50f0-42a2-83ea-da4875a0e14b,22.01,14.37,13.26,1111.93,electronics,2,3439.11
a27f5ed5-5406-4473-85c8-6e409f2f11c1,14.57,11.82,12.15,1288.72,glass,3,1852.87
bbc64d2b-201f-41f0-a043-49996c4d3fdb,11.1,11.51,14.87,1176.84,fragile_liquid,3,1995.56
56ae314f-611b-4d83-bf9b-94acc9188173,14.7,25.57,11.71,1155.75,electronics,2,4193.42
b4d3531b-d441-4ae0-9671-440e2a4bb8b7,31.6,12.43,11.33,1174.55,electronics,1,4031.64
930a83cb-7a27-4760-8477-188f4eef07e6,1.0,19.94,10.17,13.54,standard,3,189.86
539a56ba-d651-4e3a-8ad6-0322a3d3b418,20.95,19.56,9.92,1090.87,electronics,3,4516.72
525f14aa-2234-4a1a-b20d-6c6870b74d80,32.31,16.66,7.53,1011.93,electronics,1,3655.47
53c00b57-fd8d-4e78-8537-ea61d20f4165,10.83,11.53,19.27,1317.91,fragile_liquid,2,2088.37
0807da01-4062-4187-a45d-752eade9e0ed,37.72,27.46,11.09,420.73,apparel,0,11365.56
3bee76d6-78cc-4ce6-a1f2-bfcf4809f373,33.29,17.12,11.82,1702.23,electronics,1,6689.24
ea59e99a-cdc3-408f-bfb7-0ddf90119998,43.32,53.46,8.14,2742.4,standard,1,18816.69
478fd5d2-cced-4eff-a1ff-f05789fcb794,30.98,27.87,2.97,90.55,apparel,1,2327.58
5885410a-e8d2-4b08-9cf2-87228b07e020,27.2,10.13,4.49,260.57,electronics,1,1101.05
6d1234bb-e5ca-496c-917a-73c3dc755b97,21.74,20.33,10.88,1171.39,electronics,1,4983.7
dad2b896-9cb3-47f9-b04e-eaaa2ed0ea12,29.16,17.29,11.85,1416.44,electronics,1,5991.5
6695e05d-9b0e-49c8-bf64-548fd7d9ddb5,34.35,22.65,25.4,2793.63,standard,0,16384.62
747adf75-8346-42ad-baf5-fd2b1b57796b,17.68,19.02,4.93,336.65,electronics,1,1760.04
64851091-1f8f-4cb2-bc21-06cd5eb7401f,54.25,32.28,13.74,950.3,apparel,0,28065.69
7327f41d-98e2-43f7-8e92-5cea86fec9cd,46.82,29.78,7.54,1552.67,standard,0,12485.79
d32f015e-e22b-44b5-8793-022688520873,11.32,27.01,6.78,472.01,electronics,1,2071.85
8cad2a31-e4d2-4948-b885-bad2d55de5e7,18.04,13.03,18.05,2388.18,fragile_liquid,2,4576.67
4bf74cc3-05b5-4bbf-a279-953bc87cc222,15.86,29.3,1.7,139.21,electronics,2,818.75
3a3dce76-de80-4f77-a904-dd1409819c8d,27.05,14.42,6.88,637.56,electronics,1,2754.72
248e902e-4e51-41a9-b936-b7104ad7f405,16.38,8.67,5.64,443.46,glass,2,783.34
3d546693-76a2-4cb0-b933-95308067e789,22.55,37.09,13.05,1730.72,standard,0,10062.12
338bb633-bd6b-4907-9bb2-3106ea2fd371,27.61,23.4,13.79,371.07,apparel,0,8818.85
90dcb2d1-ed7e-44c9-8932-03f02d5790ec,24.62,7.55,10.07,465.54,standard,0,1857.53
ade60045-3120-45cc-ab6e-dc6e69b82738,35.35,26.11,17.11,642.93,apparel,0,16120.98
55447d26-98f2-4896-8b76-af90e8d46792,38.87,26.85,12.91,1960.42,standard,0,13923.1
921ced87-7d29-4992-9da0-70f8f9c75a54,8.95,12.71,5.75,332.68,glass,2,653.07
05da1f34-b091-4a7a-8f08-b843899bf364,25.87,7.9,12.58,343.45,standard,0,2731.72
3d963e05-ec90-44b6-ba85-e29a572af494,30.25,29.24,10.41,398.39,apparel,0,8595.37
dab5dab2-5187-4f1d-bec9-8e4623c15f74,14.42,9.77,11.09,954.64,glass,2,1720.64
748ba7d4-746b-4579-b835-8a22e09d0b95,26.11,7.77,15.56,681.87,electronics,3,3350.22
90cc9e28-c13e-4a08-8b18-835a2a41c893,21.14,15.88,12.03,724.02,standard,0,3841.89
cd910edb-7596-4808-8daa-597381fa826d,35.5,18.55,9.62,279.49,apparel,0,7394.36
42225e9e-7171-4fb8-8343-0b3cbb45d608,12.07,5.56,7.69,259.4,glass,2,457.69
d601fadf-c649-4a79-8058-7b72879207b4,12.43,42.91,17.51,2339.55,electronics,0,9197.8
a759d3c0-b329-4a22-b5f9-3aad1ccf47de,27.0,39.25,21.01,3409.27,standard,0,19597.52
c2850ca8-1839-4a28-a053-895e5f2f8afc,15.57,9.2,21.81,1766.75,fragile_liquid,2,3225.41
7a0e0b2b-30f9-4185-8778-4ca13d12c2ae,8.62,10.65,7.64,436.16,glass,2,766.2
30d4ff78-d6d1-4340-b5e9-7a0622f89fba,29.92,28.02,21.64,756.97,apparel,0,18740.49
a9f42c44-db61-4118-b760-615aaf1c2151,13.36,12.41,8.48,810.32,glass,2,1400.91
512ec00d-fad2-46d8-bda2-f1da3a1e9360,43.38,19.09,19.79,662.4,apparel,0,19110.15
03c3b6eb-b8dc-4d96-bb78-2bcbae7b85fc,11.72,13.69,6.29,600.38,glass,0,1006.62
f9c04821-95d0-404f-893e-120561559079,37.11,28.04,5.42,193.08,apparel,0,5973.09
6c8dfd2c-08da-4d9d-925a-04f070defed6,11.27,10.59,5.65,32.47,electronics,3,806.77
b7a5152b-eced-4560-b108-34a76bb4ce34,28.01,23.7,8.6,216.2,apparel,0,5079.36
5bbc4e4c-fed1-4fec-836d-cbca93bb6f34,35.43,30.55,18.33,822.0,apparel,0,20116.68
ac0e29b4-5cc7-4a97-b729-af0fcb5ac1a9,29.32,25.9,23.08,2753.41,standard,0,19473.25
77c51120-a1dd-4408-880c-4d811e24dbc9,27.63,18.01,19.48,377.66,apparel,0,9378.34
8a76c39c-45b8-4128-a5e1-4b4944e8c066,30.66,18.42,15.44,379.76,apparel,0,8218.13
db31d9de-5e48-4e30-b60c-f8d41f924bd2,14.51,11.0,15.89,1437.02,fragile_liquid,2,2680.3
9749d51b-afb0-4f5e-9ad1-ea8ab35906bc,12.23,12.22,13.17,1037.8,fragile_liquid,3,2052.4
a8c68042-532e-484c-a801-24183a0c290f,15.61,35.68,3.37,80.08,apparel,0,1822.57
ee7e2614-8066-4489-9c3f-b19085893d41,11.91,17.89,16.92,923.8,electronics,2,3772.37
cdd57e02-a77d-4a46-875c-8c983acd0868,12.8,18.15,20.39,2616.38,fragile_liquid,3,4972.41
1e006340-cf3f-4458-a276-7434f61ba9ec,40.51,26.12,13.33,2177.81,standard,0,14227.34
d59267b4-98fe-4646-8dd4-db0f9e7f4a45,7.77,20.22,11.03,360.11,electronics,1,1500.92
128ca81a-0121-493d-818a-086407358d95,14.54,14.79,10.07,1265.08,fragile_liquid,3,1820.46
e7ae1b89-2e26-4c29-bdb0-deac7370d1a0,49.24,20.22,11.04,2687.39,electronics,2,12176.69
37a04821-0ac2-4d48-bbe0-2c1beae2e5cd,18.14,36.4,17.44,1724.68,standard,0,11102.59
24e31f03-ecf9-4572-b630-7a8892dfd46d,14.74,10.92,20.54,1837.68,fragile_liquid,3,4189.23
ed8866f8-21e3-45f8-a11d-417debde566a,33.6,34.11,6.59,1892.92,electronics,2,6706.13
1eb0772f-835d-44ee-86bb-b6343d3836ac,10.81,12.14,17.85,1255.77,fragile_liquid,2,2292.08
13002139-818f-4767-813d-9f1e4a18d001,17.01,23.47,19.15,1229.21,standard,1,9387.4
fc432b60-d2c9-49de-982c-239db8e52b3a,10.41,27.92,16.05,176.29,apparel,0,3958.05
2dfb4841-fc0d-4908-bb1f-7fb3cd01fa36,20.48,14.21,19.88,873.34,standard,0,5204.83
c221ba4b-c07c-4c01-ba5f-412d764bd089,35.36,10.07,9.68,95.35,apparel,0,3596.09
44a4ce43-4984-4879-b530-7d3c8b48c0ab,13.56,10.96,16.7,1417.33,fragile_liquid,2,2461.08
5e8d62db-4f74-403f-8c41-a410bf6152d9,55.83,20.3,3.89,454.32,standard,0,4944.34
a4bfaae5-d3ac-434b-a591-b2db5553bc64,17.74,22.55,1.0,61.03,electronics,1,382.44
9c18ceb3-b0e2-4988-9084-8953a80c793c,18.0,11.74,15.33,1726.06,fragile_liquid,3,2980.1
0ef74c40-17fd-419c-93d0-4ac70667aeee,15.09,15.98,4.53,658.21,glass,3,1140.88
5dfc4d9e-4738-439a-8f94-1c1447ada25e,29.78,12.67,5.86,203.73,standard,0,1932.0
0dbec17e-f190-4e24-9795-37833d5afb97,18.58,15.67,5.01,176.47,electronics,1,1657.96
3a2b31b9-c93a-4e07-86aa-024504b33076,37.17,38.87,8.59,525.94,apparel,0,12425.19
787cec9c-9e93-4fed-9d34-eb72a5d605a8,10.75,20.64,16.08,942.03,electronics,1,3904.67
b45f7730-3b8e-421c-a8cc-e758d0ca8db5,10.13,12.57,24.45,1654.24,fragile_liquid,3,2838.08
5a0dec2c-816c-432f-9297-3029602a5a4c,26.82,15.64,10.75,1118.04,electronics,2,4530.88
c139a3ad-8f7c-46b4-996c-38ddc581bdaa,25.31,27.38,13.97,360.58,apparel,0,10841.94
7c6d0aa5-9239-453e-8676-4d151d96ce3d,35.31,22.18,12.13,1366.46,standard,0,9356.17
ce8c459a-613d-4295-adb3-34d05e1d14b4,36.5,25.69,11.9,434.68,apparel,0,10544.76
9728649f-78fb-4770-9ea9-80b77b55b687,18.14,35.37,17.12,1790.16,standard,0,10219.83
16addfac-6759-4f8e-a4eb-97fbe976e005,25.71,22.19,12.53,253.76,apparel,0,7208.75
61d2758f-da89-4092-802c-0cf6d79fc619,22.92,27.89,11.3,1646.78,electronics,1,8465.01
808f90b7-8b00-4ffb-84f5-3101736cfd72,36.21,22.35,12.62,1581.07,standard,0,10859.89
5b291739-22ae-4e15-9ab3-eb004d58c128,41.13,4.16,6.65,310.55,standard,0,1084.79
a41ebb66-028a-4236-83c5-165e3a6cc77d,29.54,24.26,15.44,1638.37,standard,1,11068.91
ed8fa452-77ab-493d-8b01-e02e431ea74c,14.46,43.35,18.55,1799.91,standard,0,10700.42
c0d322fa-9c74-4c64-9009-81cf2237696c,14.12,14.83,12.36,742.51,electronics,0,2621.74
db933cd2-ff98-4727-abc6-bdd05d649660,12.09,11.29,7.49,694.63,glass,2,1141.86
96acba73-f430-479f-9356-252710c3c22d,48.28,19.61,9.39,340.16,apparel,0,9800.97
5d7c27c3-6bed-4c14-959f-749635976137,17.9,40.19,13.53,1454.41,standard,0,7962.06
f67b843d-cd21-43df-93cb-fb6c85e97701,19.19,16.61,11.19,505.81,standard,0,3700.13
274bf5d6-8fc2-4702-9728-a6f7d6a985ab,14.41,28.39,7.38,757.52,electronics,1,3018.52
1491eb6d-883c-458b-8c8e-217889b7b526,8.49,22.33,8.06,527.64,electronics,1,1586.49
e6c8b0eb-ce95-40d3-9fad-06a55467f422,18.27,22.43,31.0,1736.58,standard,0,11147.04
4c8809c5-09e9-42a5-8bdd-d57262bae882,12.53,11.82,22.42,1720.4,fragile_liquid,2,2619.62
4f64f969-174c-4b96-929d-8a23a23af341,18.46,17.46,15.16,1148.37,electronics,1,5606.3
8e00852c-cc43-429c-8dc7-442891e70e6b,43.15,39.58,15.88,1090.19,apparel,0,29029.12
9555e53f-eb74-4011-a95c-5865daa42ca5,37.04,21.64,23.39,2791.93,standard,2,18809.75
52524740-688e-4638-9c0d-7ddcd4aac3b8,27.42,35.03,14.58,545.56,apparel,0,14166.29
bfc2f202-9502-473e-9338-bf1e8d1b0bb4,14.54,11.84,12.91,1279.25,fragile_liquid,2,2266.59
4ded169e-c685-49ad-82e9-35c1ddbb6184,30.24,19.13,11.41,1665.74,electronics,1,6956.52
cae874bf-978a-4203-84d1-e47fa9e97242,21.85,22.76,10.07,1196.28,electronics,3,4799.28
e89b78eb-ac9f-4e8f-87bc-8feb4f196c6d,15.56,12.87,5.55,631.23,glass,1,1091.9
3a34c52c-e23e-4055-a5d8-44900dd96a3b,11.89,13.64,18.33,1674.65,fragile_liquid,3,2910.4
73297ff4-8511-48bb-8c2d-c854eaeacb50,10.71,9.05,16.95,891.32,fragile_liquid,3,1670.7
34423b62-b723-4261-bf8b-184750aa8b14,23.75,18.4,16.65,331.47,apparel,0,7509.13
7829ca83-1462-49d6-b451-cefd660767dc,39.88,26.75,7.39,349.23,apparel,0,10166.72
b1e19abc-4eaa-4020-a68f-a875e91493c3,23.09,14.54,8.97,810.28,electronics,2,3019.39
33e4ef0b-f2b7-4a59-b2ab-241ebe853d05,49.81,18.88,14.52,526.12,apparel,0,13914.63
ad33c7c4-19a9-42cf-98ab-14847889369d,15.31,14.67,12.34,691.85,electronics,1,3195.34
d041d718-eba5-4958-a139-b0d5a0a6ffad,9.15,16.06,25.38,2167.53,fragile_liquid,2,4268.79
01948006-5913-417f-80e4-3f89bdd550a8,16.07,16.16,9.21,664.73,electronics,1,2304.74
3eeed597-c386-45ec-af7a-101b41cad5d9,43.55,17.22,12.18,320.18,apparel,0,7925.33
a722d554-6024-418b-b2a9-e6f593f8e008,11.28,9.02,9.09,627.62,glass,2,942.35
7a7d2dbc-92f5-4f6e-b218-60bb86f5aba2,21.11,22.59,11.08,1307.22,electronics,2,5734.07
d7afcee1-23e6-4658-9c78-b442a36e3877,28.54,14.58,9.48,904.68,electronics,1,4217.2
4fe05248-a2b2-4976-bef7-2a4f84af5dd5,24.54,28.38,15.83,1562.15,standard,0,11330.76
74670fa0-8325-41d9-bf51-3c3fbd35f543,13.74,9.37,10.62,915.51,glass,3,1603.22
4fcb3c71-9f04-4a46-a5df-d35058dbe6cb,36.06,22.6,13.13,466.15,apparel,0,11072.51
4a3bac4f-b43b-45a2-bfcb-fc21c74acb97,14.38,11.17,6.47,670.67,glass,2,1126.4
e9d6efc4-cc42-433d-aec1-6bcd460e8e78,30.2,18.05,13.87,276.34,apparel,0,6188.64
2447a7b0-7681-4df8-be9b-fbe28b03f793,35.36,17.14,7.32,214.58,apparel,0,5181.97
d9521a09-7cdf-4eff-a893-986787a60c4f,10.15,16.77,4.51,220.42,standard,0,850.63
fbce5574-040a-4e28-bffd-319ff351a8f5,39.98,31.45,12.94,700.57,apparel,0,12894.16
2349326e-466e-4af2-a894-b8fab6460e06,45.52,20.81,10.92,408.99,apparel,0,9676.18
8c820a23-ea1f-44bb-b8ac-3df3d30f8d2f,14.13,7.65,7.42,506.38,glass,2,933.99
e16e5359-cb7c-49ba-8c26-9c7ea1f1aa4b,44.49,19.06,19.02,660.46,apparel,0,17971.9
440916bb-67b1-47e4-9c13-30b2b03f8576,31.48,36.97,1.0,181.2,standard,0,1117.17
381a3fff-dea1-4d45-93b1-eb63af3b8050,26.06,21.4,7.4,211.7,apparel,0,4203.98
1cd73934-1288-45c5-a599-d02a67329b10,42.39,38.44,5.96,382.33,apparel,0,10935.69
520299cb-bfb8-4cf6-b4c3-14445beda1a3,28.45,26.58,23.1,2642.45,standard,0,16335.35
988edb81-9761-4418-b3af-992209f2a0dd,16.06,9.67,23.89,2050.57,fragile_liquid,3,3644.41
cae0e7c8-88e8-4007-98c2-f81e6551be12,13.51,9.71,16.93,1299.59,fragile_liquid,1,2147.64
52d13850-46db-43de-917a-80f64b98082c,35.79,30.98,12.08,543.35,apparel,0,11126.15
0b336812-dc5e-48e4-ae49-658454aedeef,14.48,10.43,10.17,930.6,glass,3,1806.98
26c3f7ad-01f5-457f-9e3b-0ffb6770e206,15.78,5.28,12.55,495.2,fragile_liquid,2,1114.03
a036de76-6469-4a8e-be1d-160cccbe77ae,20.74,13.3,10.48,1523.84,fragile_liquid,3,2885.66
0ccb7aeb-bf47-4291-a4df-011b2b274654,15.94,24.27,9.4,171.18,apparel,0,4051.16
30c1c740-f347-4215-97cd-2926edbdfd37,13.01,9.06,10.62,670.5,glass,3,1495.66
9993bb8e-d6f7-46b6-9afa-75f525f962e4,28.87,24.63,18.41,489.76,apparel,0,13083.14
1e6786db-0236-4feb-91e5-d1e7c464e91e,11.33,49.36,16.79,369.18,apparel,0,10745.86
b374545b-d77a-490e-ae19-c2b1bbe9c1f0,26.41,23.39,13.71,2076.31,electronics,2,7068.27
7d93b214-0b0a-47b3-9040-79620c9be5c7,10.26,8.98,7.84,518.86,glass,2,923.96
2fcd2762-756d-4fd2-b64d-88c6f4c82f9b,36.07,18.98,15.79,1683.87,standard,1,10965.95
85ef95ac-da24-4ea3-b182-b0c8a790aa2b,13.28,8.97,9.25,243.3,electronics,2,1088.37
7151db60-fd04-4cb5-b7a1-b23172ee9ab0,29.1,15.78,11.18,1365.07,electronics,2,4930.34
1482d6fc-04a3-4365-912e-44caf1937a77,14.07,6.84,6.29,381.33,glass,2,448.39
c8271df6-43b5-4779-aae8-08291e1d13cc,10.85,11.05,23.62,1599.98,fragile_liquid,3,3987.41
70387837-8d37-4872-a783-86a68faa4db2,33.97,23.12,11.92,2492.87,electronics,2,9596.44
5da30df3-d4d6-48e4-8025-d65f5192d5cf,9.81,8.71,7.03,341.07,glass,2,591.4
8168ad40-9eea-4bd1-b162-2e17613c0a77,42.4,25.02,19.82,849.57,apparel,0,22480.99
3990ac19-1c6b-48c0-91f5-f67f2d7c3a2f,23.55,23.44,2.09,92.71,standard,0,955.5
72f73386-edfa-4e38-b2d1-d5503bc0ad16,41.19,17.96,11.0,1221.2,standard,0,7894.98
d9b80e7d-82c0-4d20-85f3-1c8b6e84c181,35.76,35.59,16.1,878.36,apparel,0,17990.52
84227dfd-bd69-4092-8c20-91eeec7c0768,12.61,12.79,22.25,1902.07,fragile_liquid,2,3557.15
50804ca7-34b1-4159-848c-9c073901f781,30.5,13.73,15.36,247.96,apparel,0,6219.01
2c5e066e-1877-43eb-a6c3-1119cc6d6002,27.57,24.85,11.76,308.32,apparel,0,8321.04
dc7c35e6-812c-4968-9d4f-a01e985b5bf8,11.75,9.4,5.86,371.7,glass,2,746.73
5288303e-21ff-4067-9fa3-150cc32fe8e8,17.14,11.11,9.84,533.59,electronics,2,1770.28
cf32fcb3-6ec6-4323-8eda-3269d08b6b85,34.79,19.29,8.17,1360.84,electronics,1,5616.05
e2df8dbf-6ad1-465d-90c4-5c4587d7df9b,10.93,16.51,7.9,820.02,glass,0,1596.69
3e9772fb-20a2-41ef-b1be-50b7123c4af3,24.75,17.66,24.84,1615.16,standard,0,11678.73
260e9585-5414-49fe-8ce5-4153a6db2d9f,8.11,15.31,22.84,1567.21,fragile_liquid,2,2521.56
0b9dfebf-e4c1-49cc-9830-1f4c3fb103da,15.39,8.64,9.13,812.95,glass,3,1364.54
5a33d8e5-d134-42cb-976d-a9cd8276bfaa,13.7,13.68,15.73,1601.35,fragile_liquid,1,3435.71
bee0acbb-5223-4c64-8b2c-c62bfc6c6530,13.87,8.19,17.83,1170.21,fragile_liquid,2,1901.64
1643a392-4b28-4aae-a8ad-5afcee1a33c0,26.69,19.3,8.81,1067.31,electronics,2,4950.96
acf3dc1a-d528-47ff-99fe-8178191c56d0,6.58,9.41,30.56,1003.68,fragile_liquid,3,1806.25
7585cb46-b02f-4583-a0b3-03a6f672ceff,37.33,9.33,16.6,865.44,standard,2,5621.31
5dac53ef-2a3a-44aa-b615-1a518b5f92b4,17.81,9.78,4.21,384.29,glass,3,743.63
65157556-9d9e-4d0b-9f84-c4aa87032962,17.11,19.37,13.79,2409.43,fragile_liquid,3,4323.01
8b2d072b-d827-4639-8899-cd55028fefaf,13.1,9.4,7.26,605.18,glass,1,957.89
cc5f453d-903f-401d-9176-b2ebdb5b7935,35.56,39.0,22.91,1261.03,apparel,1,33860.89
3f743876-93f5-4c09-8d60-f666faca2c62,12.2,16.79,4.35,156.48,electronics,2,821.35
978fc7eb-c5b2-4b2e-8ea6-fc54c6035164,23.93,22.67,15.01,1987.77,electronics,2,8534.44
9fc0dc65-2c66-4ece-9681-c84616f2040d,15.05,29.55,11.04,1183.37,electronics,1,5667.6
4dcb696f-304a-46ad-9d4d-6da89a9d3203,17.16,8.99,24.26,2086.06,fragile_liquid,3,3723.85
58f4a9c7-406b-4581-bb5e-e644b4603253,10.42,12.36,5.88,383.7,fragile_liquid,3,730.04
12b976ee-68b3-4a39-a2a2-c4939c8bb553,13.25,11.13,6.43,611.67,glass,1,955.65
43361470-ed55-4d02-8e2b-64cb18f9326a,28.31,17.56,14.8,1907.22,electronics,2,7708.89
d8ef88ab-dc6b-40de-bdd9-0bedddb3e739,30.08,26.32,20.32,608.05,apparel,0,15559.97
fda9faac-6c64-4664-bd97-cd43b1309cc9,10.98,11.92,9.22,693.57,glass,2,1102.26
97ba8201-a867-44d2-8238-8ff47c34a421,14.28,9.07,14.57,1010.78,fragile_liquid,2,2160.03
919422c9-0a0e-4de1-b89e-0fda6733c2f4,14.74,12.2,18.64,1880.07,fragile_liquid,1,3406.07
172f58ec-af13-445b-8805-61e6b24342b1,25.2,12.64,1.17,10.0,standard,1,361.34
41fc35f7-6cc9-4ab8-8083-c42f1eb2cfaf,7.98,20.18,15.6,1366.55,fragile_liquid,2,2479.79
22a745ae-b895-4cc4-8567-b5c606e60d82,16.32,11.95,15.95,1714.24,fragile_liquid,3,2671.48
9e6bd240-eb5c-4738-a050-0fd18bb64471,16.66,23.69,6.97,755.16,electronics,1,3116.27
a135ed83-a654-4b20-bffd-c05a8bcadb4a,15.09,10.7,27.94,2499.47,fragile_liquid,3,3999.07
0256dd1e-68d4-4f13-8248-8fd87ee54f61,20.03,12.02,10.83,1403.15,fragile_liquid,3,2485.13
48b97039-a5f5-46bc-b797-f547dcea2de8,8.75,14.81,4.31,317.24,glass,3,600.82
09fcc5b8-de83-4845-a164-812c25cf53ab,27.0,6.97,19.37,455.92,standard,0,4033.54
5a7dda30-07b2-4521-80ec-0840ed1e2a7e,32.32,19.23,11.43,1742.24,electronics,1,7380.38
7e889e31-c812-420d-8e61-b14efbec6a85,26.92,1.0,14.95,102.66,standard,0,449.86
8f418dc2-47f2-4aa6-b540-57bb70b1a65b,58.53,29.98,5.59,359.8,apparel,0,12106.26
af939b33-6702-4e4f-89be-9ec1d3b30396,11.46,8.61,8.8,417.02,glass,2,962.68
3b268890-e783-47ca-84ff-2998ae5ff66a,34.54,21.7,15.99,2979.2,electronics,1,12544.33
d80da93b-dd7a-4040-a62e-423949c2f59d,28.97,14.38,10.72,820.88,standard,0,4368.0
5fed0e65-26af-4f73-9c1c-3a6df5a21006,15.02,10.76,16.88,1401.73,fragile_liquid,2,2842.54
43142985-25dc-4bbb-bbf5-00ffd792a097,15.55,13.78,22.43,2661.18,fragile_liquid,2,4561.11
387c605e-76fd-49eb-9216-997a378af011,37.1,18.65,8.52,1454.76,electronics,1,6416.4
c0e07be0-7d59-45e4-9a2a-efd4802f1d51,47.13,26.61,13.74,2715.57,standard,0,16205.54
a953c495-eb40-4ae6-a7ec-8855705dcbbc,23.22,32.15,22.26,660.77,apparel,0,17563.88
5ee54650-a791-42fa-b00a-b4f073c54841,6.65,12.57,15.9,666.51,fragile_liquid,3,1395.37
03eb201f-c81e-46de-8968-fde8bce9b6fc,41.01,16.99,10.34,251.98,apparel,0,7965.2
53ab423e-b19e-4f96-a8de-6988768468c3,10.9,11.91,20.63,1511.17,fragile_liquid,2,2450.44
4bbb4c79-d543-414f-b11b-72982a66ce89,16.18,11.69,14.65,1450.11,fragile_liquid,2,2842.3
6848c669-f989-4893-9d35-5dbce21bcccd,19.86,14.92,16.66,834.66,standard,1,5259.91
3aa0ae46-c9b4-46d7-a25d-2a0495677345,15.64,10.42,8.47,855.02,glass,3,1326.01
3890ff4d-1f86-49bf-a7d6-c14dee01721a,29.6,10.52,10.12,489.78,standard,0,2816.3
dd9ae08c-c101-4f18-b5f0-73a650f85e01,13.59,13.3,22.26,2251.33,fragile_liquid,3,3795.55
6cc0a0bc-8151-4c31-ba6b-081e504088af,12.27,10.08,9.95,652.87,glass,2,1188.71
196f4af3-2207-4f68-b23b-e8c39fd19081,13.31,14.24,16.02,1631.5,fragile_liquid,0,3333.67
6ae9442c-9e4c-4220-ab85-7b3ff3b73aa3,35.69,22.15,4.56,924.39,electronics,1,3693.43
769b1241-ac7b-4a2a-894e-074df22e40bd,26.8,15.29,11.86,235.52,apparel,0,4456.2
4ce758f7-1c0d-42c7-a6d4-737c1d543a7a,30.37,9.07,17.24,1116.44,electronics,1,4627.2
e6ac597a-e1ae-4046-b1d0-b49846d09e91,27.2,11.42,8.01,663.62,electronics,3,2988.82
4d0bab84-0950-4eb8-acfa-38709a786696,36.33,14.73,8.71,1310.95,electronics,2,4588.75
f3b3b252-6b4d-41e5-814a-cb02ce44a023,35.75,18.12,13.18,335.34,apparel,0,10584.43
03efc2d8-efca-4c0c-a480-141b6891b880,37.44,19.85,13.61,2523.5,electronics,2,10102.47
8083e8c1-6fe1-4a09-8214-81acc67fd160,44.09,30.27,11.24,619.12,apparel,0,16726.91
b6d2cb0a-f473-41ef-9367-8597f13fcc07,22.29,29.41,15.96,474.0,apparel,0,10009.87
9cb04327-d765-4a8c-a2f3-a400702a7319,24.65,17.23,6.99,782.89,electronics,1,3254.35
67631ec9-c317-4ed6-b916-d8817b7ccd29,19.7,35.39,22.39,2620.34,standard,0,15685.17
2fa96927-ea9e-41c0-bcd3-271e07f4eedc,26.89,17.55,10.02,766.7,standard,0,4546.62
e42308e8-366b-448e-b89b-3f6df5892627,12.85,15.91,10.52,539.27,electronics,2,2191.94
6dc5656f-65eb-4ade-a34b-95be7d9ba293,22.46,26.01,18.63,1412.33,standard,1,12776.2
7b54331c-881d-4a0e-bf6b-d19bca6942f5,11.69,14.74,23.99,2327.75,fragile_liquid,2,4857.96
a884456b-cf6b-411a-b623-d095e8e98f48,8.34,9.27,6.79,286.57,fragile_liquid,3,528.13
b42fc348-17ba-49ed-8fda-e29c217f4450,36.86,44.51,8.14,494.71,apparel,0,13198.95
4a2e0a27-8ceb-4b06-8f74-f512d7eaaf23,14.26,10.91,18.55,1678.02,fragile_liquid,3,3127.91
ddf1c4b5-f108-46ee-a190-2216ed2cc288,39.16,26.75,9.34,386.09,apparel,0,9336.42
3e738da0-0376-44c1-b7ee-f8c571654d5d,32.46,10.42,11.67,1052.33,electronics,2,4225.97
06eae1bc-66ea-4cb6-8761-9ca6dfb7862d,31.22,17.02,10.82,1420.72,electronics,2,6056.47
2edf58a8-862d-430e-aabb-2249634b3bb7,8.99,13.09,14.9,901.45,fragile_liquid,2,1535.57
4ec21883-60c5-4051-9870-4eb4c3f3afa6,42.79,22.38,12.68,457.12,apparel,0,10171.18
0a4a47ac-54e0-46c5-a04b-230fdf2f7abd,13.27,10.81,8.02,687.71,glass,2,1340.72
2fb89de9-29d2-4e99-819f-c577935e66fd,49.42,18.1,11.21,389.44,apparel,0,11407.69
de132a1a-49d4-4e2a-b7e7-6f9886dc5368,24.77,15.2,4.55,419.66,electronics,0,1555.48
f23c000b-a7aa-4f5c-8607-b6c4dbac9a00,11.34,11.53,7.72,585.22,glass,2,1088.99
21f14af5-5822-49e5-9d96-497287e6226c,24.02,27.69,8.0,278.26,apparel,0,5640.99
833fb393-5d14-44bf-942e-231a73a18393,45.0,28.96,6.62,368.74,apparel,0,7213.51
d3e949e2-e391-4749-aecf-160cc018ade2,8.55,17.94,3.22,10.0,apparel,0,522.83
1abc7578-bd1f-4f99-a409-807e7f534102,15.14,8.65,8.39,657.08,glass,2,1153.89
6f90b3fe-a34c-4bc3-b869-52c8a29c672a,51.11,14.45,16.86,1817.28,standard,1,13620.55
b582aaf1-9794-46bf-8742-fadaf3b026d9,4.3,9.25,9.11,212.51,glass,2,341.94
79b6c1c2-2b1e-46b4-95f4-92ad541f2855,25.84,26.96,13.17,350.97,apparel,0,8693.85
24472a70-3952-41b3-9b25-5d17c033ff70,22.79,33.49,8.69,262.3,apparel,0,7327.17
af639d1e-4381-4517-9751-0036e4bb5ebb,11.54,9.37,14.99,866.74,fragile_liquid,1,1790.2
8a18f1b7-d420-4d6f-8a52-aafedbf9684e,10.34,10.76,15.55,956.1,fragile_liquid,3,1642.11
04810531-35de-43e9-be6a-69db1d779e97,34.04,16.63,10.02,1364.2,electronics,2,5876.47
a9d39857-d62d-47d9-b151-e5f7eddb6241,17.02,13.82,9.14,412.22,electronics,2,2112.55
00c201b3-253d-4ad4-a59a-c90356652bd0,3.92,19.39,18.84,211.57,standard,0,1395.25
ddd4a311-24b9-4f2a-bc44-e31d41303e13,26.16,28.44,14.18,2633.56,electronics,2,10296.91
3fdcf1bb-28cc-43aa-86b6-f9ef8df57f84,12.0,17.02,6.36,859.99,glass,2,1273.56
2c0be2d5-e3d9-4550-b703-2eb695a3e1cb,22.91,17.42,10.84,949.38,electronics,2,4250.6
dbb59150-32cb-48f1-920f-dc4f43201800,17.54,9.86,29.57,2685.35,fragile_liquid,1,5372.7
4539356e-dc6e-42e2-be6e-7fcf0879c401,49.16,35.71,10.81,766.73,apparel,0,19842.61
7fd65c11-d392-49da-b75b-adbb48a65f15,29.3,14.7,17.83,1950.35,electronics,2,8801.81
ffba1a58-2ca7-429f-b986-f40677cdc50c,43.03,40.24,9.79,689.95,apparel,0,14187.17
bb8f44eb-fd74-433c-8afb-82e7fbf5be72,9.72,6.15,6.57,216.34,glass,2,291.99
1350696e-5e81-4d87-ae3f-045d9f832310,8.75,18.6,15.77,1297.65,fragile_liquid,2,2449.21
eaa80e4e-f7b9-46ca-9290-5ad28b5cfed6,41.53,31.1,13.87,674.16,apparel,0,16481.53
54ffed80-05bd-4844-810f-46edc890718e,52.13,26.99,8.51,590.23,apparel,0,11816.96
09a7eb14-3eac-4ce8-8b40-d5caadee5e58,37.72,25.2,7.84,1743.89,electronics,2,7160.57
4b159872-6044-4aa1-bbfa-d602e46517ae,18.65,24.79,17.86,358.91,apparel,0,9381.42
74bbac8d-5c11-4435-96d7-1beb67ef69c4,24.27,17.71,1.0,131.91,electronics,2,464.16
1fb56fc4-04ae-4526-b2d6-146c2c81a451,11.29,12.42,17.92,1330.2,fragile_liquid,3,2726.49
ee4231d4-ab42-4285-9362-12f2a45fc0c8,12.14,7.93,22.83,1040.83,fragile_liquid,1,2085.28
ed4e4ef3-47e0-4c42-b485-744c5b6b7922,18.57,21.61,18.69,1169.36,standard,0,7338.55
956c0f13-a04a-4785-83fc-3e57cc94521a,48.78,18.44,20.35,2799.48,standard,0,16458.86
af2e5c5c-5a11-4ddf-bf02-d2425b2b05d4,12.71,9.37,10.43,845.01,glass,2,1215.82
afb7ed68-a36d-49e1-a06f-58dfa7b5d43a,19.15,19.33,18.21,252.56,apparel,0,7645.96
8dc6451b-2ded-4925-b137-12142eeff908,34.87,10.32,9.52,437.35,standard,0,2928.31
10c04357-0ce0-483e-bc2c-67f045a8efe1,10.63,9.98,25.96,1455.71,fragile_liquid,3,3133.87
fad21da3-f4db-4cca-9812-78cbe79f2dfa,22.53,17.86,16.94,991.0,standard,0,7028.82
0fb5a9af-3cea-4af1-b439-9e14ddf05117,16.66,15.75,22.61,3240.48,fragile_liquid,3,6020.2
8d59698a-f4f2-48db-ab64-adf4c2475b91,23.56,21.18,10.55,1343.57,electronics,1,5524.4
49894723-d06e-4dab-a5bd-28806aefab88,43.86,17.18,7.4,1366.12,electronics,0,5170.86
bef8885a-23e7-4cbb-bd16-58c9e2cb6eb1,25.96,6.27,6.99,261.55,electronics,0,1244.26
5fda54a6-a886-46cd-8592-dcc6cc9742e0,13.72,10.0,17.6,1312.7,fragile_liquid,3,2580.65
f90ce3cb-28f4-46d3-b3d6-f82713f7367d,21.1,13.35,8.24,1276.07,fragile_liquid,3,2112.61
bfc1ddff-009e-4f5e-9f59-d392ad1a2596,17.6,16.9,16.64,183.67,apparel,0,4612.24
e7cf1a0e-f24e-443c-b394-8e867501a7c5,28.28,18.02,8.6,969.37,electronics,0,4703.43
6fc367f7-8bf1-4e2a-b8b5-d3f7141d26d9,33.31,12.91,11.33,1237.68,electronics,2,5256.37
7dbb7efc-13c2-4a96-856c-18b9bea99a5e,14.14,12.05,8.48,876.82,glass,3,1370.27
8d359216-21bf-42bd-a8d2-6f2ab1b3df62,31.24,9.61,5.93,410.79,electronics,2,2075.53
217856f8-e7a2-4c94-888b-4d75ebf2b929,28.69,23.47,8.34,1381.32,electronics,1,5599.23
f8df40e2-484d-46e8-974f-2c10a6e5ea17,51.77,20.69,15.1,710.9,apparel,0,17160.93
35ff6561-b1a8-479c-bc60-5f19ca0ff127,35.47,29.68,14.52,619.98,apparel,0,15477.86
d2dc596f-801a-49c7-b2ed-02b1d0bfdf39,21.23,18.45,19.91,4353.25,fragile_liquid,2,8668.07
57d34ea1-ab5b-4233-a887-314c352c3148,34.89,50.44,16.95,1160.72,apparel,0,24004.64
3df2e050-a34c-4adc-81c6-571ad75dadda,11.86,12.28,22.03,1805.73,fragile_liquid,3,2934.35
85633211-fc97-4d87-a356-1bbdb97d2836,30.82,16.75,8.41,185.69,apparel,3,4287.27
e6e417a4-4651-40c4-8ed6-af9e9c5f18cf,28.54,17.56,9.64,787.97,standard,2,4848.62
35cfbe52-1e83-40af-b0f4-59abeb402122,61.26,14.73,11.27,410.6,apparel,0,10625.57
0a480674-a13e-4fa4-ab53-1c218cc2a3c1,21.23,14.93,5.99,572.51,electronics,2,2027.6
aa694adc-b3b5-4605-b6c8-cafbcb78a044,13.55,14.55,12.63,1341.0,fragile_liquid,3,2600.89
b38f6c80-4071-48cc-9faa-06198cc98f26,39.46,21.22,1.99,32.83,apparel,0,1570.89
4d03effb-fae4-4e05-aa70-ac4f43d90268,23.65,18.13,7.5,834.91,electronics,1,2771.56
ab535277-a6b4-463c-b682-b86f96a09ee9,18.98,18.12,10.69,962.92,electronics,1,3461.81
274e4003-3175-475f-ae82-70d645a78d54,17.37,11.22,23.66,2616.1,fragile_liquid,3,4576.04
c21b5fbf-89bc-4ff3-9c39-db4f6bfe6e76,18.55,17.79,14.07,2500.91,fragile_liquid,3,5268.09
bae57950-4a83-4545-9895-43455b94a97b,33.83,11.17,12.11,1223.51,electronics,1,4590.71
51e0d09a-eade-4a28-901a-c3281fea455d,15.15,7.1,4.8,341.0,glass,2,472.68
58a85ecb-75ef-4662-9ab3-a4a354867da2,12.27,10.28,7.46,604.29,glass,1,887.94
c267cb49-19fd-411d-b874-dd2cbc4adb50,44.57,24.54,19.35,3216.11,standard,0,24423.41
de31f903-104d-4062-b8e1-0ee27216b7c5,14.08,13.29,12.57,1333.29,fragile_liquid,2,2294.56
16dc283c-6da9-4598-9464-301306ce53e5,10.7,30.05,21.88,1107.1,standard,3,7224.16
20fb6a4d-53eb-447f-8c97-a217d4e8e0c4,13.7,10.02,7.94,692.44,glass,2,1037.15
adc89d82-aa72-4ffe-8718-355bce2b42b7,25.61,28.72,8.82,1045.21,standard,1,6755.99
aba3638a-70c5-4f98-847b-2f66a06fcc95,17.26,8.42,12.42,1098.47,fragile_liquid,2,1636.52
f2c26be6-732a-41aa-906a-400e6c65a6d8,15.63,37.06,16.42,1462.64,standard,0,9039.79
1bf44aae-23cc-4f91-8558-e89a576e2c17,30.56,24.44,11.44,288.92,apparel,0,9125.14
6c108795-cf4d-46ec-840a-0108f9c4e36d,33.95,23.31,17.54,2164.5,standard,1,12448.63
95439c85-d797-4171-a0f9-2c2bfe61c29d,35.39,33.01,11.93,561.6,apparel,0,13410.75
3b37d705-8538-4e14-a0e1-2fa54f378cbb,30.15,25.48,12.84,2361.58,electronics,1,9745.98
89b7e834-cd9f-450c-a54b-9d6e3f6d6899,37.52,8.84,9.58,128.28,apparel,0,2868.72
2b1f912a-b1de-4ad0-befa-1fef8dc67d94,15.19,5.27,3.72,186.24,glass,2,296.63
192581b5-2b75-4857-99ac-90e335392b35,11.02,7.56,9.3,224.2,electronics,3,750.27
130d2ee8-cb98-4c58-acf2-6c53fd031d93,27.83,22.43,7.31,157.97,apparel,0,4909.79
dd005426-ee9c-47eb-810b-43ec68896712,14.47,8.58,19.63,1339.47,fragile_liquid,3,2885.01
01c7ff3e-d480-43a9-a51c-0595414c8583,13.8,9.78,6.44,553.28,glass,3,918.94
7fc22b49-e6ac-4856-acb3-1ed4433521f8,17.46,28.33,9.04,1067.83,electronics,3,4566.52
77165fb3-abbc-42a8-81df-52dd1c7c347f,39.88,36.18,24.03,5124.42,standard,0,38630.91
3819f59e-9fbd-4367-8707-8eac71649ff8,39.93,27.75,3.01,126.31,apparel,0,3633.23
c1049ebd-8271-4b7f-a520-60f1a5a9b1c6,36.68,23.22,12.33,1520.16,standard,0,9495.54
2fc428fd-2474-43de-8b52-ef59d091d979,16.01,8.68,10.42,850.64,glass,3,1351.8
151fc660-9b70-4b56-ba42-a658c7e3333c,20.31,18.51,11.09,1060.52,electronics,1,4313.31
95f1b593-29ce-4841-95c4-6c13e5519ebc,19.09,18.02,11.64,1020.79,electronics,2,3763.91
6c796bef-5802-4dbe-8518-fd921b646e3f,23.91,17.14,11.95,680.65,standard,0,5531.32
03cc9bcd-aea6-4f74-ac6b-57dcf3ad9386,10.25,7.79,8.63,413.64,glass,2,589.58
92ed45ee-4d59-42ce-a549-c513f58f5c16,32.48,27.82,10.34,347.17,apparel,0,8645.0
cd3cab6b-4924-4d71-92eb-fd6fab8635db,27.66,18.17,11.76,1409.95,electronics,2,6004.69
928139d7-057b-4c94-99a0-f80671d77d2b,30.73,37.02,5.97,287.0,apparel,0,6961.71
f417ffc0-e53c-4b93-9cff-b59ca7de7166,36.06,18.86,1.0,39.99,apparel,0,602.53
c8ceed4f-1598-4372-b423-2d3fe426e7ea,34.84,13.21,2.32,96.56,standard,3,1166.37
17c0474c-d92b-444d-b1e8-fd6d3ac911f0,21.44,29.81,13.22,1309.13,standard,0,8385.42
2b110588-97a0-493b-bf9f-759fecdc663b,30.67,16.45,9.55,1184.3,electronics,1,5370.99
17a49f7d-7e7a-4454-9598-e6c9707ef293,45.35,19.57,17.95,2373.75,standard,0,15905.01
1c8e4aaa-da72-4183-8822-8c4a7068066d,7.34,11.2,23.3,1033.01,fragile_liquid,2,1917.86
d15292e0-8b35-4394-a9c3-3c3017d9441c,40.52,20.33,7.88,997.36,standard,1,5831.43
b6547dd5-0f5d-4441-8e98-e070234ee397,15.83,12.83,16.73,1866.69,fragile_liquid,3,4105.54
57bd06e8-8d3f-4bc4-9b68-2906bc101a45,13.49,11.93,7.58,663.59,fragile_liquid,2,1173.45
968631fa-ecd0-4f90-9dfb-c7057063d4eb,39.21,24.38,12.08,1651.14,standard,0,13106.68
47069e30-2c0d-4290-bdd5-46d1abd2d91d,40.79,6.75,3.44,149.36,electronics,2,1022.4
85bf5efc-8423-47e2-b4e7-147fb554be30,12.26,6.31,19.09,801.03,fragile_liquid,3,1304.14
f9f135a6-8746-4c8e-891a-8bb917156510,48.19,12.3,16.09,2335.67,electronics,2,10077.93
7eeb2406-9540-485c-b4b3-07367984a0c8,19.06,14.9,8.89,592.6,electronics,1,2701.33
91686d75-3dbe-4552-bc2c-11d529686d6d,24.2,22.51,6.4,875.55,electronics,0,3413.07
e7c0acdb-787c-462f-b5ee-7f515febbaa7,9.61,9.11,16.79,827.98,fragile_liquid,2,1467.32
1366f4ee-58c7-4be5-b866-48b0609f1b61,23.47,13.91,6.58,521.19,electronics,2,2091.92
8e0ce6fb-f39b-40b9-910f-7dc2380a8f0e,10.21,34.21,12.6,728.31,standard,0,4051.42
cf46f528-69e9-43a5-a38e-24c1b3361232,26.89,37.24,13.14,2073.8,standard,0,13082.07
778e9b51-78e2-4219-beb9-0134ff691d41,53.77,40.43,7.99,675.25,apparel,0,16530.49
a03b42f3-a3a5-4f1d-b184-267333350856,7.83,10.06,7.93,407.69,glass,3,656.97
445d183b-bcad-43fb-a5a3-df4f075047bc,23.54,10.09,8.85,537.41,electronics,2,2161.25
a7df4192-3ae5-4e13-8827-21fa986511ea,22.42,8.74,18.46,962.55,electronics,2,3535.62
b1552638-b7e2-4333-9fc7-562167bf0ed6,23.01,17.23,8.29,855.03,electronics,1,3362.18
bb375c85-4b31-4c77-a448-bb3445488722,44.37,14.67,8.2,1336.78,electronics,1,5170.61
795378f4-849f-464a-80e4-23e52bfc3d24,30.14,26.44,11.29,2399.47,electronics,1,7967.96
e43cfc21-470b-4145-aff3-522cb603c027,6.69,15.18,5.91,219.91,fragile_liquid,2,672.69
1cd94f0c-e4f4-4933-ad3e-a74d07d260cb,13.97,21.99,11.13,900.29,electronics,1,4245.84
0d279f66-1b37-497e-9be5-72ab85f2ebe1,56.21,31.11,21.86,1570.85,apparel,0,35806.13
3a4efa7e-eda5-4003-b174-c2a0943aceda,23.07,13.2,15.16,1394.17,electronics,3,4773.5
c6b9226f-676e-44a1-b6c0-61dcf2281c82,8.88,5.7,4.79,179.68,glass,2,220.56
38f8f442-77d0-4d39-9a19-58c1f0360844,13.11,9.3,17.08,1048.99,fragile_liquid,1,2054.33
81793aac-ef41-4c3f-9dda-bcf014a91539,41.43,18.12,5.65,162.36,apparel,0,4555.28
d20a11f7-a0ea-4b5d-8baa-c601b512a4f7,15.57,12.11,14.05,1606.16,glass,2,2575.0
01b1f31a-9950-4f99-8cd0-0d8985acb2c2,21.9,36.54,3.02,334.74,standard,0,2436.69
f6a4ac95-ace6-44f3-a33c-c86dcf65ecb6,22.37,20.22,6.84,721.8,electronics,2,2950.78
3f8fd511-e343-406b-acc4-29ff07abc1f1,11.26,9.56,6.22,377.7,glass,2,785.5
76f040a5-9091-4fc3-97c5-d4e5a94135b7,18.0,14.21,18.32,2666.91,fragile_liquid,3,4647.72
2e3835c8-4529-480d-9081-2b24d436822f,27.42,10.45,17.36,1189.03,electronics,3,5262.03
0cfc5682-9f9e-4598-974d-89d33628e675,18.08,10.5,4.63,260.5,standard,0,982.04
4fa358bd-e431-44b0-b6cc-7ad14ca8b1ab,20.71,21.05,7.79,781.2,electronics,1,3275.04
8efb0098-4447-41cf-bac7-84192f6853d8,15.9,12.83,6.96,853.54,glass,2,1318.36
3104eb00-e387-44b9-ac02-893c30d96689,34.63,43.45,18.75,1156.64,apparel,0,32850.96
ff7abd8b-def8-4c6c-aacb-4313c4e9104b,31.51,38.16,11.9,642.64,apparel,0,13519.87
e473b2b4-a1e1-454d-976c-07c4694ef4e0,16.0,13.53,19.94,2460.98,fragile_liquid,3,4219.23
52974a35-9699-4ff0-a65a-29ce1c5d4961,20.62,27.17,21.83,1764.8,standard,0,10879.38
4bbf3a14-7684-47e3-b85e-70e1ba61ae68,37.58,11.18,4.81,48.48,apparel,0,1855.12
3dbb9916-f42f-469a-9561-7d35627460f5,26.29,21.99,12.94,334.54,apparel,0,8244.01
cf7342f7-8311-471c-80b8-13cd32626ad4,25.89,26.57,13.25,1512.5,standard,0,8744.75
963990b9-ef0b-45b9-84d6-a44be93561a2,34.65,13.62,17.86,1216.1,standard,1,7320.26
ab96283b-f69c-4a60-9932-e1632a552ba1,11.86,15.69,5.64,157.02,electronics,2,1093.69
b9c55198-ce6b-48f1-9a63-bc86edf841e5,43.73,26.8,14.23,661.29,apparel,0,16777.68
bf36727e-47fa-4aee-990b-6db2c769bf70,9.49,8.83,8.41,385.86,glass,2,724.34
5673f52d-bc29-40c0-ba08-96d5e0282bdb,19.2,21.28,14.36,740.33,standard,0,5810.67
77619162-0299-4508-a500-a9c018117176,3.67,10.7,8.67,175.92,glass,3,315.22
d78c56b3-58e5-4cf2-bcfe-76997f959cda,27.36,21.84,24.53,2251.23,standard,1,13516.17
e62f072d-9bc6-47a7-b171-c22dd394bf39,15.5,11.64,14.46,1505.52,fragile_liquid,1,2803.37
9a7018b1-5832-4807-bc5a-f3ebf0d8b52c,5.69,19.46,16.55,355.95,electronics,3,1993.34
1115429b-570b-4a40-8241-618ed88218e1,40.15,29.98,3.8,133.68,apparel,0,5031.07
c3c06a58-301d-40f0-ac34-4a9cc43dfea7,11.7,6.48,6.67,380.59,glass,2,440.32
339d2391-4434-437d-8355-a14fa5f35b7f,17.53,19.03,13.13,1120.02,electronics,1,4360.21
3438b7fe-e631-421b-a2ea-75a4d95ad64e,43.18,29.51,18.89,960.32,apparel,1,20142.04
e7e790ab-5e21-4f67-8f18-3ab1cd681c58,10.92,12.33,9.95,798.09,glass,3,1185.48
4f57f9cd-0b9a-44c6-aa90-e71e4014bdf0,13.61,14.08,8.7,455.95,electronics,2,1676.23
293937c9-318d-4e0f-9277-aa4952c0ccb6,50.4,35.4,15.54,1090.74,apparel,0,33408.05
fc2dff0c-a3ca-4887-be69-793ef20c4956,15.33,15.93,1.33,124.97,electronics,1,386.66
f42a5d6c-baa1-44d5-aab7-4d18f7b02d7c,46.81,39.43,13.11,968.46,apparel,0,28338.03
4de1b283-7232-48c4-a81d-36ab64795b64,38.79,11.0,7.92,169.07,apparel,2,3150.52
ef6bd8b7-14d2-48c1-b212-c25676a27448,31.73,16.37,13.62,1049.92,standard,0,6732.22
fe6ea532-8f6f-41a9-961e-e78967925d06,24.63,17.49,10.73,1176.57,electronics,0,4110.28
317a613b-a8ad-4d87-878e-d154e914f40a,8.94,8.53,7.77,335.56,glass,2,553.65
44c7974c-aa67-47fa-9d82-44b1a80ddb6c,12.31,8.86,18.42,1071.48,fragile_liquid,3,1982.89
de669e49-082c-43c8-89c5-62dd5bc5fbe1,50.69,26.32,10.53,2091.24,standard,0,15344.63
c8e47fe0-b0c5-47b3-b9bb-e84531f43ec9,31.81,29.33,17.97,2528.21,standard,0,17226.72
550b6ae0-684a-4480-b1da-b8568e170d5e,14.22,9.57,11.35,944.58,glass,3,1635.75
c01f3161-f624-4cfc-b7a9-1bc8babf109a,35.72,22.79,9.74,320.82,apparel,0,8189.48
f8353bf7-d3f8-4c62-af0f-5c0d1913d3dc,26.04,18.18,1.71,377.39,electronics,0,716.43
e19c227c-fede-4619-aaee-49e3bd65e072,19.29,20.75,8.43,840.27,electronics,1,3084.11
90358e44-ec3b-4c16-b94f-50d519288f8a,8.03,10.8,10.66,536.79,glass,2,1016.25
74584212-a354-407b-8560-65fa17c086a1,44.69,21.81,5.39,1286.09,electronics,2,5579.2
a02618f3-ab73-4f76-9ba5-8c6162d5957b,26.31,25.05,6.55,1034.11,electronics,2,4780.77
7780ffbf-8914-4634-b3cb-e1a52656a1a7,11.31,18.09,8.37,1018.89,fragile_liquid,2,1911.48
29107f63-a8cf-455f-a076-c49d3948fbb8,24.16,27.57,7.16,195.19,apparel,0,4799.41
ceca4459-ad49-4bcb-b1a3-f043565f0efb,15.39,17.99,11.63,1017.81,electronics,2,3105.89
04c50da3-f180-43d4-92b0-bb683e317fa2,34.79,21.66,12.51,2436.62,electronics,2,9420.98
48c31c4a-250c-4410-8808-3581e577cc7c,49.3,26.47,2.03,138.98,apparel,0,2416.48
e1496cbb-76c1-461a-a185-75907c9937a2,12.72,10.65,22.0,1739.75,fragile_liquid,3,3097.64
992d283d-d247-4f1d-af3a-b80618f94c8b,19.53,11.26,13.17,1597.81,fragile_liquid,3,2436.18
5795ad28-c989-4be7-87f0-b21c6d323e0b,36.28,34.3,1.0,260.7,standard,1,1135.41
b9c97ca0-47bb-454d-80df-404cac94bcb9,26.48,17.59,16.47,1848.48,electronics,1,8826.5
4a3130a2-495b-4210-8872-714fc9bed2c0,35.32,13.62,22.96,1768.81,standard,0,11615.33
5b7ac05c-4535-40df-b26f-cf0f6080555b,17.54,9.84,10.86,1206.25,glass,2,2028.43
3a57b002-8d91-453b-8c70-7484e6a3dac4,13.57,12.57,17.54,1597.59,fragile_liquid,3,3175.99
9e5b07c4-4c4f-47b6-b002-eed36fabf2c6,14.99,14.58,8.62,1137.15,glass,3,1742.05
73501a88-afbc-47c5-9923-d08cfb064ccf,49.17,20.35,14.11,623.25,apparel,0,17479.37
5f0a6b39-8890-4fae-a8ab-719e345617d3,8.93,11.44,8.67,476.09,glass,2,1062.64
2059111f-a0ec-4310-bc80-f0155db19107,11.37,14.0,20.69,1812.18,fragile_liquid,3,2795.6
b6318b0d-bd65-4016-8017-23b76268bd38,36.55,16.53,13.13,1235.85,standard,0,8451.73
af1328ad-3514-41cf-9bfd-7b4e5db95b93,36.5,27.6,17.79,715.15,apparel,0,16714.56
76b6e947-9e57-4e69-8456-979a8d678ec9,28.31,5.84,9.16,57.26,apparel,0,1280.76
8e995a43-8b9d-4d03-b69d-085f755f2511,39.97,23.71,8.67,378.7,apparel,0,9093.5
012d1b42-724f-42c1-9477-18997e4fffe0,13.75,21.8,16.87,1151.91,electronics,1,4803.35
16217251-7414-4fed-9232-238ecb3070a6,52.17,17.11,10.3,429.92,apparel,0,8369.54
3c7b8831-0ba6-41e6-ab78-dbc4fae257bd,10.23,9.92,11.02,656.45,glass,3,1215.09
fa8a5d72-af20-4f93-9c6b-3649d4defe38,15.78,12.08,25.73,2761.3,fragile_liquid,1,4998.45
1e834f4b-9aca-494b-a07c-988ba1e8e990,14.92,5.22,8.87,428.73,glass,2,678.69
19f2dd48-0468-463b-9edf-924554db6270,20.49,18.02,17.58,1658.44,electronics,2,6964.82
f1f8662a-ff8b-4c36-85e0-58ac2e46f843,22.53,18.95,3.0,305.06,electronics,1,1130.94
0c49c632-2db7-471c-8d93-a023b4eb6d21,13.88,4.46,5.48,179.94,glass,0,409.34
14dd74bf-8e81-4181-ba99-69b6e8272b5d,20.51,28.52,12.09,313.53,apparel,0,6669.08
19c0deea-bd52-43cb-b04b-12957e1193e5,29.51,27.66,20.55,647.0,apparel,0,16569.48
d6b5b5f0-17f4-4c0b-bc93-72232125961f,29.96,13.05,13.36,1266.38,electronics,2,4854.45
65428cfd-7b18-4224-8990-a6f5d04dca37,46.62,33.67,10.4,4078.99,electronics,1,15727.63
668a3973-a150-4ed1-a0d0-472eef234a3c,17.48,16.12,5.85,443.34,electronics,1,1800.05
e29b8889-608f-412c-b60c-7206c099c80b,13.74,10.8,8.47,725.25,glass,2,1351.23
50303d7f-ec49-41d9-83a3-8e6cb324e16e,49.22,26.74,9.56,527.35,apparel,0,13336.77
052e6bbe-171d-4396-886c-6fc285d17109,9.93,38.23,10.72,204.03,apparel,0,4306.5
b052e3fa-3d05-4430-82e5-78a847428a47,8.78,10.5,6.35,418.68,glass,3,640.88
ea673cb5-0bc7-460f-9ab1-569aa610601c,13.89,10.31,28.12,2111.02,fragile_liquid,2,4434.08
4271a671-9ff0-46f0-8ba7-396a5f40ab60,20.62,11.38,17.75,1090.64,electronics,1,4908.1
8cb5ec57-fa82-4d2a-bb09-110d8fd90c7d,44.1,16.1,26.97,2953.69,standard,0,19869.07
dc4844b0-496f-4482-bbbe-1d8a02dbdc3a,25.95,16.57,12.66,1448.2,electronics,1,4112.96
e2171a9c-367f-4120-9529-3051a65bd073,16.98,13.46,21.02,2593.88,fragile_liquid,3,5289.54
e0a96355-7e52-470d-b5ad-3914f0a180d3,25.61,14.08,10.27,928.16,electronics,1,3572.41
697556b7-6a8f-44bf-b77c-b0101c2181c3,10.33,5.95,7.96,182.9,glass,2,448.89
a580342b-df6a-4328-90f2-df163100165d,9.89,19.42,9.56,521.1,electronics,1,2120.94
51a6231d-1d72-408c-9fde-0d45aa294d3b,16.82,9.49,18.42,1648.22,fragile_liquid,2,3113.02
cdacf44a-6fa9-4d5c-a773-1f9dcfecdfca,12.94,11.82,9.44,871.14,glass,3,1407.2
02bb514e-fa8f-418b-844a-aa11698dc641,14.44,11.68,6.39,558.47,glass,2,1015.15
8cf3fd5a-677c-472b-aa43-af34a7b41e3b,14.39,8.67,7.07,498.85,glass,2,980.75
f32c5ed5-4f5d-4d77-b74b-19d3e63ef4c9,38.28,30.32,7.23,398.71,apparel,1,8998.07
bb1a18bb-857d-449d-8f02-1b5c7290a8f6,18.86,14.82,21.14,3310.6,fragile_liquid,3,5678.47
677a2caa-1245-4a0b-b56e-7d3e2aa1f623,32.04,17.36,13.27,1788.61,electronics,1,7708.32
41742a54-a3f8-40c5-8c5a-586e11ff8a2f,43.16,24.71,5.2,202.89,apparel,0,5379.81
641eda83-4ae8-46fe-a7e7-7e7736b65c8a,7.56,12.82,6.04,285.66,glass,2,597.69
daba2eba-5628-4bb9-8708-2ceb3b1c903f,25.66,37.15,15.45,2210.24,standard,1,17454.22
624dfa18-e714-4b7b-8646-fd52cd4a6dcf,13.59,8.16,23.73,1487.46,fragile_liquid,3,2919.81
8e48aaf5-a915-4d07-95dc-7303293b4c5e,10.83,6.95,9.34,333.71,glass,3,692.87
c5de06b7-26ec-4499-9c86-83f8f770eea2,41.82,34.95,9.69,564.04,apparel,0,12171.22
c50ebe5e-dead-4351-9fc0-810152b1b77b,9.32,10.21,8.56,435.85,glass,3,815.93
52f903fc-3411-44b8-96b9-f4afcc33f723,37.83,36.92,14.37,788.81,apparel,0,16717.37
b8cc7388-0d47-4f9e-bc22-b52aa2fcb17b,11.82,17.26,21.1,2331.39,fragile_liquid,3,4093.32
f8f7d9ea-a58d-4e3f-bfca-7011df9cb3c3,30.96,9.36,1.32,11.2,electronics,2,486.7
cc736657-1c89-4cb2-90c2-ca542a01ba8d,12.45,14.76,16.78,1635.02,fragile_liquid,3,3123.38
e94376dd-08b8-45d3-9b12-d841a0ca6496,35.07,20.87,9.93,271.58,apparel,1,8644.79
5e0932b4-3974-46a4-bbf2-86420aa654c0,10.91,11.38,8.46,637.37,glass,3,1087.91
0eeb1f7f-a084-4786-bd8a-6712e1136e2d,13.92,22.34,5.6,389.75,electronics,1,1417.73
cd474225-3981-435d-b44e-b578d182e383,28.56,19.59,15.3,369.61,apparel,0,9090.1
0a6c3251-9bd8-4689-9d7d-06379a626521,33.18,17.46,5.92,870.31,electronics,2,3655.87
cbec6b61-5554-4743-92c6-33c85688eef8,26.59,19.43,5.34,161.84,apparel,1,3514.33
46cd2d79-32ed-49d8-a067-edc9faf61eba,11.41,19.29,17.73,2210.17,fragile_liquid,3,3626.75
e26a7f79-1a06-469d-bdb3-5e169aef2ec3,26.98,15.87,6.1,576.54,electronics,3,2988.4
06f4a0ea-60fb-4d95-9240-cb42690522ce,16.94,10.26,10.2,1114.19,glass,3,1805.73
d9cafbf1-b4ef-426c-93b7-e53fb5b44106,40.73,23.95,15.56,597.61,apparel,3,17959.84
410e3f7c-fe46-4c1e-b04d-3a54075cb437,8.14,13.52,7.98,487.0,glass,3,843.03
cf4d225f-8d88-4c6b-94bf-a5b942f279ce,40.24,28.72,9.76,1619.61,standard,0,9542.73
c761975d-5b25-4efe-a1b6-ee631b48bd00,36.79,27.07,14.7,570.41,apparel,0,15417.09
a0220c3f-f4b4-4ea2-8fe2-cf225255b442,40.66,21.22,17.34,608.12,apparel,0,14148.54
d9f7789f-6638-4fbd-85cb-9e899f2a46d7,46.97,17.07,9.62,1052.63,standard,0,8081.83
e9993f38-6276-445c-9b07-8f0faa443720,30.75,33.48,1.08,50.13,standard,0,1025.66
66ea7254-a642-414e-881b-67edd3a19191,25.49,21.58,9.88,1406.19,electronics,1,6005.34
25f2dc9c-6ac2-4507-9c35-9c189d782ca3,54.69,20.2,14.72,642.18,apparel,0,15925.53
9eabe09a-625a-493d-b26e-2a84b7aea785,43.11,27.09,29.07,5175.68,standard,0,31160.28
0dfced33-0ce2-4a70-b5d5-8e5c29c5d659,18.86,11.35,5.57,368.46,electronics,2,1269.51
7cd8b9ab-c1eb-4454-8027-bb76fc827b34,34.9,31.58,15.31,659.29,apparel,0,18282.74
178b030b-d7b2-4a86-915a-7958f1135267,19.32,24.52,20.7,1394.4,standard,0,10234.82
7063e57c-8931-497a-878d-cc1ffc0045a7,32.29,38.39,8.43,452.08,apparel,0,10431.31
036a4214-70ec-4a7b-a9b4-a480fb471ce1,14.59,24.75,13.94,1202.89,electronics,1,4682.14
1a80432a-965d-4235-8ee6-fdba8cad4edf,18.81,16.79,12.64,707.71,standard,0,3864.4
b8d0879c-149a-45e6-949e-ae2dab480eae,10.8,16.6,14.74,1323.28,fragile_liquid,1,2693.0
55c27442-8f64-4dc4-aed2-a02c266b968d,10.73,5.3,24.04,783.36,fragile_liquid,2,1511.17
d3204ea4-a78a-4762-804f-e5ab474e9051,17.99,10.02,9.07,957.99,glass,2,1613.64
51982c27-d5c4-438d-aeff-6ee3a8b77dd8,28.09,17.06,13.99,258.18,apparel,0,6753.21
2cca4fcd-8056-45b3-bd48-d7895b1bbea0,25.02,24.11,14.09,2188.38,electronics,0,8840.28
9b2dc7eb-754c-48e8-aa0e-b7ed5e69798e,44.96,26.07,1.09,76.46,apparel,0,1442.12
1cb4eea1-e5d1-433d-8d13-cf75fa8a4f06,22.03,14.85,6.12,522.83,electronics,2,2273.34
fa3de1c3-9a28-4b9a-a209-39b9b7f288dd,22.27,19.14,13.49,232.66,apparel,0,5391.75
5b93bf55-e584-4e6b-b398-2cc4a558914f,38.47,19.52,11.98,369.48,apparel,0,10544.9
6b63a3ae-a7a6-4351-9095-5d8a7114348c,21.53,7.88,17.88,456.38,standard,1,3593.81
1121ed2f-b2a6-4015-9c3c-71c2c6b0b483,16.65,11.99,21.83,2317.58,fragile_liquid,2,4261.35
0365374a-e3a7-4d79-9439-1a3e08f8ad8d,40.17,36.23,9.07,498.57,apparel,1,16400.05
4b5c4c96-98da-4021-8284-7e4b6cc91def,18.2,41.84,21.19,2408.8,standard,0,16504.16
92dfb99f-fdb7-4499-b6b5-e6be2401180d,49.86,35.88,15.06,1117.39,apparel,0,27626.28
6041ff82-efdd-4e53-9c7c-36b20e613e01,39.93,43.54,13.18,872.61,apparel,0,21692.57
bc912e75-407c-42e6-aa70-8c6139115005,37.06,23.25,9.58,313.84,apparel,0,8803.04
30f1de08-90cb-4b13-8954-60c9f3af8b6a,12.41,8.34,17.19,1074.97,fragile_liquid,3,1852.35
d2b55acb-b0cc-4371-ad0f-9ab6f0e3dfa3,35.22,16.11,17.14,2360.36,electronics,1,8014.89
802256d0-4b31-4a84-94f1-da4b70ce2979,33.26,21.2,14.67,2698.53,electronics,1,10274.93
812a7486-8600-44e1-a5e3-7bfb84268cde,6.94,8.0,9.57,306.22,glass,2,565.23
066b91ad-5276-4552-af34-f1e253a33ec2,19.66,27.41,13.33,1143.41,standard,1,6817.09
9874a1d7-78f7-4251-9e28-0a625e07bfa3,22.35,30.0,12.12,316.04,apparel,0,8935.91
1eceed3d-8104-439f-b411-70a734c885dd,23.68,17.69,14.37,1502.38,electronics,2,6507.59
f457f4da-274d-44fb-a312-4fec3b73417d,10.08,10.94,6.55,398.26,glass,2,814.79
2200e43a-5631-4f9d-a00c-3600d1229a4a,26.66,22.84,9.0,748.28,standard,0,5965.53
6b18877b-6a4b-44c6-8c02-bcda31d4af40,19.58,29.5,5.48,725.26,electronics,1,3296.34
8aa27f5d-f308-42b4-a8da-cfb8776c2ba1,16.51,9.66,15.67,1354.42,fragile_liquid,2,2627.94
71e57f09-4b19-4e40-a15b-53121a8132ec,11.37,7.83,6.44,370.79,glass,2,516.37
ca7587f2-389d-490c-846e-f2f3e5a30343,61.89,23.65,13.51,727.13,apparel,0,19229.86
4fb58fbc-1a8f-4dc5-992e-27ad731cdead,16.21,13.5,18.51,2246.38,fragile_liquid,3,3701.99
69dda034-2ccb-48c8-b570-b627febcfdcc,31.03,28.17,13.26,407.11,apparel,0,11346.69
bd303ab9-5d7e-472a-bd32-36cfae45bc74,41.43,32.68,13.35,713.06,apparel,0,18623.31
128f2872-efad-478e-9f89-f527fd6ccce6,19.19,9.76,30.09,958.57,standard,0,5477.0
0229b1dc-aae8-4395-a4cb-ec2311eaaee2,12.13,27.35,21.43,1209.81,standard,0,7770.88
3e18e3c9-85ef-493e-91cb-24972fb60fd9,21.04,18.56,9.09,840.73,electronics,1,3478.0
26e2f623-b1bb-40f1-985d-a031f36da421,12.8,11.62,8.51,758.78,glass,3,1260.78
17ef415d-3c6c-4720-ad4a-85361bc345c2,29.65,31.63,8.68,1997.48,electronics,2,7877.1
cd9362e3-f142-4f05-ad25-29ddf13f9586,27.35,21.9,18.76,1535.15,standard,0,11372.51
60936257-2a60-456d-a1d2-7c22082b2589,61.96,24.66,21.07,1304.41,apparel,0,28023.65
86300ad7-de4f-4751-af4a-41480b23fdaa,27.38,13.62,6.63,701.84,electronics,2,2699.65
d2d8d047-88d6-45b3-a013-572af8c7e249,13.48,14.99,18.48,2036.25,fragile_liquid,2,3781.67
c7a66cb9-8da8-493e-abbe-94b0bb56026e,15.61,24.53,21.64,346.74,apparel,0,7261.93
5d8e4f04-fde1-4b17-84c0-f81525bbe6a5,10.75,9.65,16.39,957.25,fragile_liquid,3,1456.02
1efbdccd-855d-4162-97db-f86db4cff3ff,22.21,35.17,4.53,934.87,electronics,2,3986.94
2d5d9980-b572-42de-aed4-75dce5fc497f,28.89,23.81,12.1,364.76,apparel,0,8777.59
456acba5-4a9d-4429-9201-5025ae4df031,41.42,35.35,15.5,894.35,apparel,0,17266.27
606b81bb-21a5-45dd-9a08-b5ea6b563766,8.68,9.42,15.81,645.08,fragile_liquid,3,1228.91
b0a3dc6b-6871-46ee-a5e3-493eb87759de,20.39,16.3,6.21,590.45,electronics,2,2288.23
30df3587-b79a-458f-be2f-a46c0ef0ec78,28.16,28.21,6.37,174.78,apparel,0,4609.16
d3f90a2a-ef69-414f-abc4-b7bc067567b8,27.41,29.89,6.39,245.27,apparel,0,5725.1
b2cef861-2c6c-46b6-8547-df5a81e8d3fe,12.69,10.54,7.28,585.58,glass,3,931.03
1318dc95-f061-4aeb-a713-78e5d2e66fe6,13.72,11.34,21.9,1824.67,fragile_liquid,2,4191.03
2c40735d-374e-49e1-9f00-496df7f79d2b,12.43,12.69,21.71,2016.88,fragile_liquid,2,3259.97
d4931ae3-6c1a-4800-bb5c-dcde9afa29b5,10.99,8.2,7.45,318.84,glass,3,631.71
54dcded5-9e31-4d20-8f7c-0ed521ca14b0,21.0,26.11,13.79,1881.31,electronics,2,7511.83
695d70bc-0a90-4463-99b1-000bb408db53,22.8,13.25,9.73,756.98,electronics,0,3581.31
aeead152-7d11-42b3-a4ce-be542d3b065f,33.03,22.92,8.24,1635.66,electronics,1,5962.22
f8c47739-f83e-497b-b026-f1a9c409339b,12.77,12.86,6.93,685.5,glass,2,922.9
135e86ea-9eaf-456b-a0d3-fc58b095cc13,13.84,14.55,16.86,1967.61,fragile_liquid,3,3402.46
efc9c12c-325a-4712-aa64-30a7b439ab73,10.38,8.84,9.88,579.74,glass,3,800.59
08bc6189-4221-41fd-a853-8ef2d843014b,47.07,19.28,19.19,2281.06,standard,0,18477.48
5edd6bf7-4c38-494b-ae9c-c9ba02e79da9,26.81,36.22,21.29,795.12,apparel,1,16901.89
f80e5da1-f517-4345-bec9-b58e337e3cc3,30.94,20.38,8.56,193.81,apparel,0,5520.71
f1871537-a061-41ef-ac67-afaa4f422cfe,14.46,8.62,19.57,1334.49,fragile_liquid,2,2787.09
008b632c-6c4e-470f-8210-f9573e4bb538,23.59,33.7,11.95,348.23,apparel,0,10269.98
f1b95b1e-71e3-4daf-a0e5-246a76b9e6ed,9.7,14.65,17.35,1298.6,fragile_liquid,3,2483.9
f27ee8b7-8425-44d5-9583-64921b53adde,42.7,16.95,1.0,163.44,standard,1,723.1
ed139e51-9809-4d1f-993b-766b3ea23823,27.24,6.57,13.27,532.56,electronics,1,2398.21
b3a4d836-3f2b-4bd4-b913-7ff7d5d62022,3.27,20.24,15.16,262.48,electronics,2,899.34
a8397c5c-b402-4e41-98d8-85392d1ddccf,12.7,9.58,6.76,420.01,glass,2,888.53
caf5e889-9445-4e5f-98a9-423d7cf2a22c,14.47,13.08,5.49,585.44,glass,3,1088.72
d7835b35-3bf1-4db1-aae3-a0f15a1545ba,31.45,25.71,16.75,559.8,apparel,0,14865.85
03ba7a62-94bb-47e5-ac44-cb526352c992,13.68,9.46,13.47,522.67,electronics,1,1981.62
550ef782-ca65-46e6-825d-bfe3433e1024,32.51,28.85,13.19,1767.65,standard,0,13136.79
6035d01a-29b2-4886-bfc7-aa0723c44403,30.92,37.24,15.41,721.36,apparel,0,16282.98
0e7021c7-d93b-4da0-81e0-914d1925dd63,12.04,10.32,10.18,725.5,glass,3,1116.63
bba8b5b6-6ace-4584-894a-e5fb3589d802,32.19,18.34,13.85,2175.36,electronics,1,8905.35
173e8575-0fcd-49ff-8714-113c67ffdd93,19.43,6.43,8.96,286.47,electronics,2,1214.71
7a1e8f69-faed-4e8d-8f1d-77df86c3726d,28.27,19.89,12.01,1182.6,standard,1,6690.31
1b64459a-0b8d-4254-ac01-3d2c7b32f2e5,26.09,20.5,4.58,549.22,electronics,1,2905.19
e905c983-de64-4fbb-b5f8-6868225a3de8,11.95,14.99,7.46,756.02,glass,3,1311.27
fedc860a-2757-4515-af53-66de5060bbbd,3.4,12.23,8.63,197.08,glass,3,330.21
5378ca69-e0cc-41bf-bbe3-9f1599383f86,24.23,10.31,5.16,288.02,electronics,1,1282.65
92eeb8e3-ad16-430e-b874-e757b2e424c1,20.36,21.14,14.12,1505.45,electronics,2,5682.63
d678aaf2-a321-4d4c-8e3f-38688a8e4a22,47.59,22.22,10.82,431.9,apparel,0,11225.25
60904939-5a37-4e1d-b782-0fd53ac6c1a1,18.57,11.66,16.85,2101.63,fragile_liquid,1,3900.67
cc4d38ec-3e08-4e16-9c89-29aa77cede8a,42.23,40.28,15.11,1068.65,apparel,0,24865.18
fbdf28cd-7ae8-4a62-9cd7-74f6585b4b6c,16.54,16.59,15.74,985.33,electronics,1,3947.64
b9fb139d-99ad-45c2-b85b-7bd03f1a64a3,23.18,19.61,10.73,1197.64,electronics,0,5189.37
b3a6c5f2-b690-4333-b6de-332aff1f2bfc,46.24,38.65,4.8,299.41,apparel,0,8677.12
c1705f71-3782-4938-ae98-0dfa773b6fcb,13.3,9.78,8.16,711.68,glass,1,1046.62
4a57ace8-ffc7-46b0-98f1-f15619ac33b6,24.05,26.41,9.01,1486.88,electronics,2,6403.87
9fec041c-7ada-4c43-82c8-2c8b21e47a7a,12.11,16.93,16.49,1032.43,electronics,1,3496.88
532a3af2-c273-4839-8a2b-da1a7355768c,27.1,14.51,10.68,1100.02,electronics,2,4061.82
35cc0d26-3396-4b81-be48-7032f93fd685,15.17,10.49,10.27,537.46,electronics,3,1423.37
72435f06-d1e5-4d67-acf2-f55793ecd019,11.52,22.37,8.32,513.09,electronics,1,2453.8
81f8e88f-fe33-4905-8f38-2065944faa85,25.29,24.87,14.85,2273.16,electronics,1,9967.49
c9470d2a-369c-40a2-a100-b251992e2324,32.48,21.64,16.83,1634.22,standard,1,12322.28
5d174b3e-4778-4358-93ef-97a9b477a953,11.49,12.64,15.01,1158.33,fragile_liquid,3,2243.76
a851da7c-8002-4a5f-b6ec-a6693397f9a9,38.86,38.44,7.82,502.19,apparel,0,10865.83
e185ddd1-b539-44d1-9a75-4159b1db7a35,30.31,42.51,17.05,3287.85,standard,0,19903.21
daefab47-a479-4141-933a-8a6513894d23,12.39,10.97,13.34,1044.99,glass,3,1512.67
db22cf65-2dc6-4e74-8db1-cbd397d1aeab,26.13,27.71,11.11,362.04,apparel,0,8378.89
29a45b67-4af3-4e96-83eb-3a20e53e9007,10.04,9.92,5.62,380.36,glass,3,503.1
05107299-a7d5-4a00-8204-bdabe669acd0,39.67,28.51,7.31,1443.56,standard,0,8176.38
ae65f212-a973-4154-ada5-8d87b096d8c3,41.89,14.78,4.84,466.98,standard,1,3134.83
74299336-8a89-489e-bb83-c611280b43fd,26.47,24.22,1.39,221.16,electronics,2,824.71
c6ab9f1f-74c3-4fa1-96ca-03fbf471521a,51.25,44.38,11.12,953.05,apparel,0,23991.89
620075ac-46de-425b-8f9e-1c796798b656,23.89,22.89,11.89,1596.06,electronics,2,6453.7
f65b81a9-3db6-4b7b-bfeb-8ca65a58e6e1,13.78,15.21,8.93,521.77,electronics,0,2198.38
ccf208cf-f8e0-4694-beba-3cf648c75ef3,3.79,20.7,11.23,200.12,electronics,2,825.94
914829de-3cfc-4b56-95bd-d0a9ad6a751a,21.46,18.53,3.58,445.55,electronics,2,1383.37
156f750a-a22f-48c1-9e6e-65f92cc3605f,18.29,8.04,8.52,731.43,glass,3,1123.89
b97b0dbc-437e-4d5b-824a-b44e51dd8f78,24.87,18.59,3.85,363.92,standard,0,1651.08
a05dc0f2-314d-470b-863b-6b75dcfb308c,35.79,32.0,13.23,2322.54,standard,0,15408.57
9f839fc6-06b5-4f0f-a10c-dae26bfe40b2,12.42,13.31,10.42,869.45,fragile_liquid,1,1948.13
b3e6acbf-f84c-4d3c-b9d9-c7da019fcaa2,33.74,46.02,14.27,880.42,apparel,0,21127.27
b103d41a-3df7-4d3d-859f-6a2acb62f57d,17.33,10.14,12.49,1231.09,fragile_liquid,3,2514.08
811d2160-9d36-49d5-afb7-3da34d9260e4,11.74,13.57,9.43,328.53,electronics,1,1728.06
4e460bcb-79fb-4336-ac41-1f0a89ef0e13,13.07,8.3,14.35,885.38,fragile_liquid,2,1314.34
0c82bce0-2f39-46fc-accb-d569cce1bd92,17.74,7.95,5.95,460.71,glass,2,854.78
f7c4be73-3ba6-4b22-b2b5-a8255e8b9a6e,32.79,15.41,17.74,344.65,apparel,0,7430.29
eecb9e16-9b3a-4034-b601-79173c1b3038,30.6,21.34,13.86,365.61,apparel,0,8634.26
ab71034f-db79-436e-be71-645846be7150,7.33,18.82,22.7,612.57,standard,0,3563.77
470bcf5d-4d46-4a59-a0fe-b0db56c2f070,27.43,21.37,16.48,1478.04,standard,1,10771.67
366e5258-2bf6-4ad6-a247-0bc0914e0b16,13.66,27.26,7.47,502.36,standard,1,2768.67
b0417a91-d88a-4d95-87e3-cfd915a41402,27.4,15.24,11.76,1299.63,electronics,2,4568.45
a915753f-a7e8-497f-87e8-7ba5147ba6ed,23.44,34.04,15.79,485.39,apparel,0,13429.66
0aad20d0-ce98-4ea2-92c8-ec5e9f37cec8,12.32,14.23,10.82,1018.15,fragile_liquid,3,1882.18
3f55cb3b-0d98-4ae2-9c61-0e1681ff9e30,16.24,11.48,20.8,2117.26,fragile_liquid,3,4140.4
3936ba23-c7d7-4ce1-8ec3-026d50dcb19a,34.69,21.27,9.03,296.21,apparel,0,6695.35
7708e6be-45c7-462e-b3a7-cfab497403de,19.53,31.57,13.23,2052.71,electronics,1,8703.09
1cf66a14-2e09-4ed0-9557-cdf87bebf022,25.75,19.85,13.63,299.17,apparel,0,6487.97
4e658145-ae1a-48b9-89d5-5fb0f452f910,12.24,16.09,12.75,371.26,standard,1,2622.09
90f59ca0-f9f8-410b-9d6b-aa93194911f5,38.42,19.79,11.26,1042.95,standard,0,8419.93
947e1971-e2c9-455a-80e0-5dfa2fdc8c20,29.7,17.78,13.14,774.31,standard,0,6601.9
de284460-a10d-43e5-a558-e39c33b782fa,33.42,24.98,16.79,2048.71,standard,1,13876.76
24499259-9c65-4ad4-bd21-5a4eeb70715d,15.88,27.87,4.7,67.18,apparel,0,2250.43
565d8ec0-5e81-4c03-86ec-809a5edc5263,33.62,40.63,20.35,4153.38,standard,1,28152.12
f9d121bd-f1ce-475d-b6fd-109256168dd5,16.96,12.64,16.75,1942.93,fragile_liquid,3,3485.84
b29075f7-d223-41ac-bcd1-413bb05904d1,32.12,26.03,15.53,481.62,apparel,0,11397.84
0bb768d0-9a98-4510-86b5-7146710252bd,18.15,17.58,18.7,783.42,standard,0,6370.67
60da8cce-98ae-43cf-8ebb-e9337bb4411c,21.06,20.91,12.65,196.58,apparel,0,5608.55
cb16e12b-04fe-4caf-ae87-344e8f4aa0fd,22.75,18.37,11.33,210.49,apparel,0,4399.95
cf93d310-cf30-4883-aa8c-0368ff52573d,9.76,11.12,7.05,482.8,glass,2,821.56
7a903df6-7e78-4755-aef9-fe1e50ca764e,44.3,9.29,10.45,208.74,apparel,3,4495.98
c6876303-34bb-4450-b8f0-1a95796f5150,18.91,21.78,6.72,566.96,electronics,1,3219.24
f40571e2-5266-426a-828e-334d8cee1c66,47.13,13.85,13.6,337.92,apparel,0,9963.19
dfb31987-e1dd-4ad6-8105-df1dfc8a1edc,12.81,7.98,6.23,365.67,glass,3,727.14
768a6372-88d3-4080-adc6-ec02b52ecaf9,15.86,17.13,14.99,189.51,apparel,0,3796.47
8574e827-b808-438c-ac31-41c48f6e04cb,32.14,32.36,10.74,1649.25,standard,0,9684.44
d1eb3a9d-f606-4275-9042-ea6636fee242,25.43,14.92,12.05,1161.05,electronics,1,4901.8
3100dc2f-8c74-4411-84d3-313d6338c2bb,10.12,13.95,20.25,1503.89,fragile_liquid,2,2806.3
de2eb054-bc1b-4db5-8198-b97f47778457,27.76,19.04,10.39,1404.85,electronics,1,6309.19
91e9fd21-2461-4bdc-858e-a821c17eb435,18.2,14.05,10.27,571.82,electronics,2,2421.09
95fb058d-5441-4f19-8c62-5fa7c6eac545,25.58,15.81,7.33,645.95,electronics,1,3047.68
af260551-6b01-42b6-8138-4667a2f1e8aa,36.99,11.44,25.51,1598.9,standard,3,10548.78
f3115d95-045d-4499-b5aa-3165e3804eb9,31.65,22.9,8.55,1480.05,electronics,2,6274.77
d7240190-02b3-4365-a4bb-76b7148eac94,50.13,34.73,20.77,5350.09,standard,0,39130.16
9f28ac4a-a7a4-4db9-b774-07e65f04fd54,38.77,23.4,10.81,1586.38,standard,0,9098.56
f3b94b43-3d86-4bc1-bd68-aeaca914bb80,15.48,15.69,16.1,922.4,electronics,2,3464.41
b17faf77-adb9-4a93-a0c5-f76917a8340a,30.88,27.44,6.98,236.29,apparel,0,6665.25
c2c5c838-2fe2-4896-ac86-2f3be06fe06b,13.23,5.66,14.54,654.74,glass,2,1152.72
12274a82-6fb1-4cb4-a46c-2790df4a76ab,11.97,6.29,7.94,308.82,glass,3,609.71
e4d9b59a-f1fc-4ebf-8639-dcdfc3cbf678,26.3,16.27,13.5,1488.03,electronics,2,6135.74
da8f09c6-3e0d-4b0c-b845-727753a032fa,16.76,24.4,11.8,1144.19,electronics,3,4612.28
0b26e50f-5d06-40ce-b947-61b711b5daf3,41.23,26.25,17.27,2806.38,standard,1,19529.18
37adaff4-f29b-4cd1-8545-84dfd698a887,34.38,26.38,2.05,449.72,standard,0,1875.84
776f6457-a7a9-4011-a5f3-ed87ccbe3ac3,28.55,50.74,16.23,971.31,apparel,0,22771.11
990feb14-9c89-483c-ae72-58f209a45712,34.42,24.95,14.12,1730.94,standard,0,12236.34
eb40334e-e590-4ed1-8298-38e26cbd7402,27.33,14.21,7.26,137.1,apparel,0,2565.44
84d59127-c3dc-49fc-981a-7485b2a219cc,28.59,21.64,20.99,1804.08,standard,0,13830.45
9c49c26c-22d0-46e8-933e-6e1bb075c2f8,29.29,18.9,15.69,379.63,apparel,0,7983.08
0e7caf41-319a-497f-a0b6-3843a7da16af,18.5,13.19,16.06,2201.74,fragile_liquid,3,3716.01
2d62fbc9-be57-41be-b613-b6fdd6018487,6.82,9.04,6.37,214.13,glass,2,364.56
03c7f7ea-f027-4b0d-ab8e-8b9eb399f2c8,9.53,7.67,6.33,222.36,glass,2,425.45
961d3ef0-6bda-4177-95e9-1e7c5ba717e7,15.79,14.85,14.47,1749.38,fragile_liquid,2,3028.2
66bc1506-fbde-4ccb-9a74-e58e4e82e9d1,26.25,30.32,18.3,583.69,apparel,0,12554.91
99e05ff1-7f6a-4637-8494-e572917f8bb1,32.67,25.04,12.08,2601.62,electronics,2,11354.26
54f757f0-9287-436e-abba-2f01e71a13ea,34.97,25.62,15.95,614.71,apparel,0,13343.44
09ad8841-25a2-417e-bd90-59fc50078540,15.17,10.41,16.63,1384.79,fragile_liquid,3,2375.26
349f3813-8257-4a77-9a73-c2ebfb9ca220,10.27,9.58,11.9,675.04,glass,2,1233.49
63f0eeb0-cbd1-43c1-875c-a9ae9eb10186,37.64,19.94,2.69,88.41,apparel,0,2007.56
e558a00d-4480-4257-9d2c-87cbe09f14fa,31.62,26.05,18.37,2237.8,standard,0,14383.72
9613e0df-ef58-4a31-a1bb-95758f31ae49,29.69,27.48,10.2,2102.23,electronics,2,8049.97
b5ce2f2e-d2bb-44ef-900f-b2c05540a991,27.74,12.7,21.21,1010.93,standard,1,7351.05
e04c79ef-6788-411e-9200-57e8e66d0dcd,34.56,20.84,4.2,456.09,standard,2,3308.11
d604812c-b467-4dc5-addb-8c16b4c6be5d,11.48,11.9,18.56,1486.47,fragile_liquid,1,2852.19
67151b0b-3066-407d-89d5-62a4c6447466,9.07,10.11,15.69,732.88,fragile_liquid,3,1440.59
227649d5-d019-4b3e-a3e5-36d2aee40f4d,18.53,20.91,5.89,517.09,electronics,3,2399.47
306df550-7738-4760-a9ae-a30560f82f36,35.21,26.08,21.34,796.04,apparel,0,18497.02
518cd6c0-233a-4b61-b2ea-f89f4e480e0d,15.32,13.07,9.13,1065.79,glass,1,1758.42
5fa6a749-3189-4874-8d54-1ee198bca29e,22.58,13.0,17.58,2932.37,fragile_liquid,2,5556.28
d0ae5990-fb0c-460a-a9ff-f1aae1061887,35.84,21.99,2.55,59.96,apparel,0,1808.92
cf4ac02f-fe1c-4430-b465-2810715fe3b3,8.78,15.98,6.06,494.62,glass,2,693.37
d8dfd868-0544-4930-9b25-607a4bd0408f,43.33,34.31,14.17,841.35,apparel,0,18039.22
f6d002de-8660-4d37-93c0-4552193ad965,40.92,20.69,7.22,273.44,apparel,0,6486.6
2bea19fa-294a-406b-a78d-eb3283581e9b,13.81,12.33,9.82,859.97,fragile_liquid,3,1512.37
3f0e31f4-c80e-48d7-881b-0c212e38d2f1,11.29,5.37,6.83,305.63,glass,3,366.83
a0b55672-b10f-4620-9087-888323a25ea8,32.86,19.15,11.82,331.07,apparel,0,9293.66
5966a97c-0721-4ee4-bbbe-357e7a621cce,44.31,1.0,13.84,55.75,standard,3,619.01
2a1a04e9-4b52-484b-91f1-cd99494b14d0,13.23,25.52,12.7,133.7,apparel,0,4503.62
9fce5941-953c-47cb-ab7e-7d71fbd3e5c2,37.7,29.97,14.77,613.7,apparel,0,17189.5
618dbc95-599c-42cb-9d7b-e32c3479ef61,34.53,18.88,9.47,1543.33,electronics,3,5557.36
2d7d1abb-d7d8-439f-ad81-2983edaa5059,12.59,2.38,8.13,151.4,glass,3,219.07
d93db551-b743-4d27-90c3-e6442da2f64a,5.07,12.56,5.85,251.59,glass,2,370.08
695a411a-f98d-4aa6-a891-6a449162af38,35.82,17.96,13.96,2191.02,electronics,1,8149.04
ca98bed7-5b8a-4faa-ab84-46e3d20738c3,38.98,28.79,18.58,3085.43,standard,1,21208.81
722f1565-5607-46df-be4a-f9b3ef6bb329,35.51,20.93,12.6,1378.09,standard,1,8542.06
011cb7cf-4652-422e-9a72-cb0199a49adb,26.49,16.68,10.04,977.09,electronics,1,5073.95
d31fd508-4573-44ce-b41e-490efe5ba19a,32.65,16.69,12.46,1576.34,electronics,3,6066.4
cdbe6f64-4eaa-40ca-8a27-3b1fe294a193,11.37,12.28,16.84,1248.15,fragile_liquid,3,2125.61
0a32e252-64aa-4520-adda-76e2c2794aca,35.78,21.1,15.03,1562.16,standard,0,11153.25
af047f96-deca-4009-be24-994cfcc7dffb,53.67,19.65,14.32,586.63,apparel,0,12973.91
08d989ab-4b79-4fe9-95c7-70abbc964a09,44.57,36.6,10.86,708.42,apparel,0,19609.29
f410b918-9726-493e-b090-f46aa6792956,12.83,6.1,4.9,221.44,glass,2,362.8
fa7060e6-a79c-422d-b48c-4ef395681611,12.39,12.03,8.17,726.96,glass,1,1178.37
c0295f67-c715-43ed-995f-8d618eba607e,33.5,16.93,9.71,1315.92,electronics,1,5910.71
4861f273-3ef2-46eb-bc78-b3d158c1502e,13.1,9.57,5.28,406.92,glass,2,619.82
2222fbee-896b-411c-a190-4774e54e9298,13.81,12.45,8.13,867.38,glass,2,1477.64
9794e532-fc04-45e4-b97b-587f0a6b6d79,28.49,17.47,16.87,299.8,apparel,0,8824.83
dad77653-da18-4739-916a-8c5ca8ec0314,46.48,30.67,9.03,485.08,apparel,0,14499.55
02c9c491-7ac8-4641-9eaf-73ea01b5a7d9,23.26,24.45,15.85,365.57,apparel,0,6947.75
0b5a5dae-ac22-4252-a51e-c48411fd8430,16.42,9.33,11.46,855.92,fragile_liquid,3,1593.35
911788b5-6894-4548-9a00-475ce18335fb,11.17,8.18,7.12,408.22,glass,3,615.48
fd11f96f-1643-49d1-8e6b-068d820dfdd2,50.6,31.04,7.16,452.34,apparel,0,11889.55
459b3459-27b4-4a8d-ae90-a67bdac30c65,33.61,8.27,14.45,975.5,electronics,3,4149.56
55c8d3fc-39d3-49d7-92fe-3c744067bc4c,43.35,9.9,18.18,1048.24,standard,0,8374.33
789f9c4e-66d8-406f-a9e9-cff2227f0894,28.57,16.54,27.52,1816.59,standard,1,12188.73
eb3f5a08-5e8d-4f02-bf74-88c19e7f309c,42.36,16.33,13.28,2286.73,electronics,0,8205.14
b3f43969-85ea-409a-961a-ebbc2e284ea3,9.88,13.26,16.67,1234.59,fragile_liquid,3,2276.99
71f5ef5d-d6cc-474b-a3a8-f7da5ecfc9ab,18.24,29.77,8.52,135.12,apparel,0,5204.81
e638e451-b8a9-46a4-a8e4-4989aa6c884e,9.51,14.69,27.16,2059.85,fragile_liquid,2,3480.27
0dc7b6ef-80f3-4369-ac48-5b704267b8b0,37.34,19.88,6.49,750.73,standard,1,5277.09
28974581-29a9-4edd-b4cf-e539f8bb4691,15.68,10.76,11.89,1260.48,glass,3,1992.53
fcaf9ae6-d7ce-40f2-8b3a-86416ca007f8,27.93,36.0,12.3,445.35,apparel,0,12524.95
bbb65f91-595a-41af-9fb0-243ace95c2eb,27.36,54.79,11.76,688.41,apparel,0,17823.1
14dcff4c-9f7b-4dd8-b913-639a0a766f2f,13.76,8.69,17.63,1130.27,fragile_liquid,3,1905.44
35b2d7c4-8b14-4355-8e2e-e5005279c9f6,23.21,23.77,11.84,952.09,standard,2,7144.52
d76a6bc9-73e2-4bf1-b3a6-981a4c6f637c,15.8,22.09,8.51,297.72,standard,0,2816.97
0b018d28-98b8-4014-86bc-61cd385ba957,12.0,10.7,12.97,943.68,fragile_liquid,3,1790.98
23a1575b-d2ab-4dba-9bbe-8f49ba440029,32.65,20.84,4.85,772.75,electronics,2,2825.91
24d35ae0-0831-4b56-8041-4f67d61276d9,26.23,19.53,8.3,1034.48,electronics,3,3631.44
f0f1b433-674c-4926-88e6-442d6a487dda,18.13,14.74,27.69,4108.21,fragile_liquid,2,6790.58
4e9e0844-09ac-4454-9d86-94eab6c49cb2,11.49,5.77,9.54,367.64,fragile_liquid,2,827.43
419cd81f-3b29-4318-8592-8caaa9ece009,17.39,12.07,17.18,1942.47,fragile_liquid,2,3211.03
2f1e2e06-6a6a-4e5f-b67b-358e58c5bd93,8.65,11.46,18.16,990.88,fragile_liquid,3,1767.07
28c1877d-0a4c-4c99-a451-9aab5fd6f121,21.36,29.66,20.28,532.47,apparel,0,10901.57
cae39ae6-5e45-4a83-b1e5-548763188981,9.22,12.69,8.74,562.09,glass,3,1001.36
9d74fe6d-2142-4687-8a87-bc251011a43f,20.97,34.94,11.82,2214.91,electronics,2,10424.28
0925fc8a-f01f-4f78-878c-b9a4667b7e11,35.56,37.21,15.34,855.35,apparel,0,17823.78
2d407096-5687-44a0-b9c8-bc90d49e019e,50.64,40.97,18.15,1488.05,apparel,0,39793.64
f1932b8d-54b5-4692-97ec-33315c7fa4ee,13.25,15.38,12.47,1435.6,fragile_liquid,3,2627.39
3c6f6e56-dd75-4c1d-a947-d7c93c4b03cb,22.53,11.4,8.85,533.88,electronics,1,1927.35
8f06ce72-0009-4b82-9c4e-5c2edbd23ec3,47.59,19.52,25.82,3672.18,standard,1,25896.5
26cf927b-a150-403f-a4e2-89bf1d63f096,43.5,19.13,19.1,631.57,apparel,0,15299.53
6df5d377-ab1a-4cba-9486-0e5e975e8a15,37.4,38.41,31.58,6757.03,standard,0,42772.59
2cda468a-4dde-4f5c-87e1-0acaea1aad3a,42.69,17.09,15.16,2671.22,electronics,1,12040.55
e5a1332c-4c16-4bd7-a27b-5ddefd83044a,10.94,17.87,19.2,2117.57,fragile_liquid,2,3570.58
118b4917-56b7-4d52-ba64-2313a597ed8c,12.04,13.62,10.84,1123.17,glass,3,1740.32
e01df70a-168e-4b41-88d5-70ecbc9e91d6,33.37,18.4,7.45,1134.42,electronics,0,4295.94
5598b426-14fb-4629-9979-b7159030ed71,16.47,31.73,7.84,1081.84,electronics,1,4225.63
4515c242-583f-4f39-b758-4729e92688b3,21.45,26.68,12.52,1110.65,standard,0,6257.52
b2abe797-6584-4a6a-8855-95bed966a8e1,40.28,17.62,9.72,230.41,apparel,0,6897.07
e0366196-831a-43de-afed-243ce0384a29,22.12,18.72,11.32,1258.49,electronics,2,4995.14
df639f65-0e58-457c-a6fc-4a3f27a4fbff,13.32,7.34,7.95,477.88,glass,2,893.14
2721f365-3ba6-425b-9455-ff7ae3285fe9,39.61,18.76,17.9,1918.5,standard,0,11993.47
f1191c05-f26a-4dd7-b4e3-3bb6ee311932,18.23,32.89,15.98,373.35,apparel,0,10387.6
a146dbd6-945b-4b1c-8981-20a8aa3956a4,17.16,30.4,8.39,686.01,standard,3,4389.04
78c088c1-af6f-400e-a373-90759f4da434,13.12,11.51,17.52,406.06,standard,3,3236.22
58c58c71-e730-462a-8543-bd199804b81e,30.65,24.22,15.08,2646.16,electronics,1,11896.55
2bd440e6-f66f-458c-abeb-f7ac8f73a85f,18.22,24.54,15.87,1864.86,electronics,0,6847.51
0ba7b19e-df66-4914-b0a7-ec39fddfdf71,11.76,11.51,7.66,576.91,glass,3,962.4
72a12509-1d63-4234-b8aa-e9fa21416750,47.53,29.95,13.95,758.62,apparel,0,25744.25
ad814e3e-4cfa-4cbe-ac0c-fdbeb4fac60f,38.29,9.91,9.44,936.75,electronics,2,3351.57
3bcaa2c8-40e3-4220-a9ac-75fe9e847c2d,47.92,23.08,14.72,628.69,apparel,0,15101.5
4d67a184-550d-4e7a-8f80-87a41993c4a3,34.4,32.17,20.71,892.29,apparel,0,22794.58
e0bc27be-f745-4d9b-98f8-0022ac512559,14.2,7.48,20.86,1245.93,fragile_liquid,3,2180.43
dbf3a994-56e3-4444-b090-f5d73dd5aa0c,23.3,41.65,17.95,695.51,apparel,0,19979.13
c7b2118f-cc42-48db-a462-b3a3ba4a1592,12.79,21.05,17.69,850.33,standard,0,4934.19
33968048-4bdd-4a28-a8e4-8e763b09dbe2,18.72,25.33,8.55,174.42,apparel,0,4213.86
ec6ce916-3682-45af-b95e-c9440296ce9f,25.35,29.42,7.33,1443.67,electronics,3,6084.76
85e4d6e2-5b2b-4d46-ba5e-0dc0d55a58fe,29.7,21.73,8.86,1335.24,electronics,1,5878.83
2c8f1d49-5d15-462f-b063-11d0296b73fa,27.12,22.07,5.62,787.51,electronics,1,3106.26
790741c2-4227-4b7e-a530-d2f383934b29,12.56,29.23,8.93,331.43,standard,1,2972.89
5f6b1c44-a9a6-497c-b1b5-94f2d8c1cc26,30.99,19.57,9.83,1601.68,electronics,2,5538.63
90a3ab2b-210b-4299-b115-06bc45e4c526,24.37,23.55,15.45,2243.67,electronics,1,8506.35
6b0e3803-9bc8-4ad8-9991-e8c3ce42413c,8.94,6.52,4.58,199.58,glass,3,246.15
286e432e-5cf2-41d9-aefb-373b8e511fd4,21.62,18.98,9.62,1045.93,electronics,2,4236.57
37fde3bb-24ce-4400-910d-0bebcb763243,11.09,12.21,21.87,1659.33,fragile_liquid,2,2919.03
9e34d189-099b-44a7-a756-782bd96778e0,36.44,34.55,6.69,276.96,apparel,0,8065.93
91453cc8-afa0-4380-bf57-1b75df95b649,38.3,26.25,9.48,1256.72,standard,0,9137.81
94216d47-2cde-48e5-bd5a-400b083f0978,26.52,40.28,33.02,5213.16,standard,0,41736.55
5c560a6d-1c5c-4c3f-bc4f-e7b2cf3de9ee,40.68,26.21,17.92,2872.18,standard,3,21006.37
d1ab33fa-f9a8-47c4-8d65-7b46ca251452,18.81,12.04,10.62,524.07,electronics,1,2547.16
45b5b1e0-9c88-4d80-acf2-d9bc71f166f1,39.02,21.54,18.88,724.28,apparel,0,13495.34
cf4154e2-619b-4399-9b35-aa6f046a372d,16.47,8.54,17.54,1236.2,fragile_liquid,3,2265.33
4c8e9ad2-e3fe-4357-8b1d-5a87713d7050,38.83,18.67,11.75,339.5,apparel,0,9263.09
e0463d0b-39cf-4e83-8245-c39abaae99b2,13.27,22.8,4.65,408.66,electronics,3,1301.44
a48006e6-50b1-47f8-a49a-7079c4507d16,37.91,34.98,7.66,432.95,apparel,0,12055.42
92d5772d-162d-42fb-b64e-8680178c2d21,37.79,32.89,9.12,441.68,apparel,0,12285.8
60bec337-6fb5-4ece-a932-aa0451a20478,10.33,12.39,14.77,1068.89,fragile_liquid,2,1471.69
07500982-5066-4500-89cf-db2f2772f0ec,12.99,12.12,8.88,803.82,glass,2,1501.87
f2724d66-e577-4849-ad33-44afb38b5e5a,42.68,21.57,5.9,638.05,standard,0,5552.16
7fac6f67-c33c-4e78-b8a9-b6376a39bddd,35.49,18.03,22.93,2165.86,standard,0,13651.45
e08a8ee3-2f87-4505-b9f9-d4f21f2c4c63,30.38,31.66,17.12,4083.43,electronics,2,15416.84
588eeb9c-c4f1-4e8f-a5a2-32fb2b77e7fb,8.75,10.91,18.75,939.05,fragile_liquid,2,2016.23
94459875-8254-447f-a4b8-6e687e6b87d9,19.94,24.14,15.56,1919.55,electronics,1,6925.4
0a72427a-edae-421b-a5e0-79e614fdd214,14.61,8.99,22.28,1629.94,fragile_liquid,3,2714.05
8eaa3fba-876e-42b2-99b0-6eb1e2834c77,25.55,25.51,8.49,151.03,apparel,0,5415.22
32583ad5-6ddf-49b7-a561-1e442d02e695,16.64,13.37,6.83,819.44,fragile_liquid,3,1850.66
dee70c65-bbef-4fa0-a667-4f057d118315,27.4,19.81,15.27,1350.31,standard,0,8913.98
b4ebc845-3f50-49c7-bd44-394c2fa2ed1b,8.45,21.63,8.18,433.21,electronics,1,1464.11
de78b179-3715-423f-961c-ff10c363aa90,33.46,10.22,10.01,808.43,electronics,1,3469.58
3a335a96-e922-44af-9cbc-aaeb82061b61,8.71,7.59,18.03,725.9,fragile_liquid,3,1255.38
8dd649b7-2519-427b-a231-e04342335b99,20.55,17.9,11.68,1165.6,electronics,0,4528.93
031092f8-92d5-44bb-a430-c6f106764c52,11.43,9.83,4.83,273.1,glass,2,575.09
35fb26c2-96e3-4683-935b-e670ea6e29fc,19.9,13.61,5.71,78.86,standard,0,1690.01
abb2ea74-eac9-4772-8f71-663ec28de198,14.0,13.93,8.79,1021.66,glass,3,1795.89
5e9f715c-4aa5-400e-bbd4-ce188a08ab21,12.88,14.61,10.09,1187.04,glass,2,2025.68
478e1945-55e1-45c7-bc31-0a772857e626,9.12,15.48,20.86,1657.26,fragile_liquid,3,2807.63
6f0ea1d8-2295-4b94-98d2-8ee2db07094a,35.77,32.13,8.18,353.71,apparel,0,9387.39
b9f68979-1d54-4164-b468-268fd7605d2d,30.44,21.21,4.17,674.81,electronics,2,2422.45
e2fb6dd4-a9c6-446c-869c-ba7f5db8b9f4,15.27,26.54,10.29,704.7,standard,0,4011.96
77625ed9-9ca9-448d-bedf-f15a6e0b62b0,26.87,17.7,10.13,1133.15,electronics,0,4818.51
a218b686-8e62-4c6b-841e-7a3df26bd933,11.4,7.1,20.71,854.56,fragile_liquid,1,1504.55
997dd520-d957-475e-9408-afee2f79bf3d,38.42,27.05,5.4,255.04,apparel,0,5072.72
218ba898-bde8-4427-825a-a166d2fc9995,12.93,9.39,8.79,593.8,glass,3,1221.77
5e7c544e-2d8b-4fa0-879a-fca1dd29e562,25.58,20.26,9.51,1249.49,electronics,2,4583.55
b3ec1fb4-2bde-493a-8af5-20fa4a9ad0da,17.18,9.9,9.1,930.14,glass,3,1791.27
de4502b1-2fe5-4a50-b13d-ab1b5c72bd2c,7.88,22.65,12.01,538.44,electronics,1,2061.78
f2bc8e3c-fd04-4eaa-85e8-c6b53a3b4bb0,12.61,17.01,14.5,109.87,apparel,0,2605.52
e0dc6d6a-e253-497b-8c3c-52b064d62c07,8.81,7.95,9.82,453.43,glass,2,616.62
141699ce-b341-49c1-974f-7fc3d92ae6dc,5.3,12.83,18.14,690.26,fragile_liquid,3,1251.98
2bb692ad-84d2-41e4-a513-3ac1fd944014,34.74,25.67,16.36,512.76,apparel,1,15690.85
7cd3af74-7051-4b8c-aba5-5b31942888b9,5.71,9.89,6.05,300.75,glass,3,323.02
2835aa79-3c88-4e6d-8d4c-eb5a71254a73,35.39,27.45,1.78,106.67,apparel,0,1977.48
99ff58fa-b133-4369-a7b0-d0d200d3fb52,11.53,10.7,6.16,549.17,glass,3,755.8
86341403-8041-4ca3-9652-3daf08754eb8,16.25,9.66,19.02,1617.04,fragile_liquid,3,2813.41
d6ef689e-2091-454f-8dda-15b8265834d1,15.75,11.28,7.43,810.5,glass,3,1412.07
37497b4d-71db-417d-9450-23ff434e01bb,14.59,6.24,20.19,978.76,fragile_liquid,3,1798.53
6f4e9c15-7013-4081-b3c7-d5efdd8ef224,24.46,13.15,3.53,289.93,electronics,2,1322.45
c0b3058a-1eb5-4e76-b641-4a470b223bc0,25.79,28.03,6.21,128.07,apparel,0,3678.13
b97e3412-3e51-4a26-8078-6a79388cb19c,11.56,10.7,4.96,301.62,glass,3,568.05
344d97cd-462f-4438-b5e9-47f31bb00b34,25.5,19.14,14.43,1757.43,electronics,2,6930.88
04ce54d4-c0a1-4d93-83a3-c8725d356f61,25.67,20.45,9.31,1014.5,electronics,1,5935.47
d1cf91b9-76a4-4a76-8bbd-d0d607dea08c,29.17,10.94,11.6,912.05,electronics,1,4265.98
121283a4-629e-4949-a8ae-2452da1ebc04,20.2,32.43,6.99,131.69,apparel,2,4152.91
b7e4e638-c3a9-4a6a-8696-2ec5fcf25979,47.25,29.15,11.18,2206.46,standard,0,14206.62
ef8b97e7-4b6f-4d21-9951-3f9754745835,30.25,18.25,22.08,1631.49,standard,0,10599.72
0ef3a2e7-51e7-4831-867d-6f2cbd8bbe5c,20.21,4.6,9.25,296.83,electronics,1,793.44
5041f6cf-7449-4eda-b0be-42d228250452,33.77,3.82,14.81,273.13,standard,1,1829.6
1bcebe7c-e462-43ba-a22a-a198c90991f2,16.66,13.48,9.28,1307.07,glass,3,2023.54
7c4c5249-9667-467c-98a7-4684474d5305,33.41,29.21,13.26,543.14,apparel,0,11332.74
0b024aad-7023-4810-a700-1f02734be7dc,12.7,13.93,22.23,611.3,standard,0,4475.44
0bfda568-d859-4e14-a577-ed0dfb123ac0,8.89,13.18,6.18,484.42,glass,3,666.63
bd4e29ba-bc0c-4928-90d6-cace121dadba,14.32,11.6,4.53,408.61,glass,3,877.52
3cee86e8-a36f-4ee1-abd4-fedf408d6707,21.4,19.12,19.92,2092.73,electronics,1,9747.99
2cd263d7-9f3d-4612-9ccd-126a78bee059,8.9,8.6,15.17,665.78,fragile_liquid,2,1092.28
817287bd-31ab-4f99-a8a8-269327610b48,25.76,26.79,23.28,2336.16,standard,0,14935.65
530b8d82-bcba-4f68-97e3-17b483924664,61.73,25.58,16.8,1051.56,apparel,0,24424.92
46b87fa5-8cdf-4b52-85d3-495a9989cdb9,19.2,10.8,9.22,226.27,standard,1,1678.05
c167253c-9b3f-4c54-8931-7ccc887eec47,12.73,7.52,10.22,606.35,glass,3,1098.38
5283f5d0-8ebc-450f-927d-9d6c4caf79a8,37.59,31.79,16.99,2838.94,standard,0,22290.42
1e33a0f5-c499-40ae-9e53-6f3c3b18d2ae,29.86,7.38,4.12,220.36,electronics,1,1004.71
a9384124-b27c-4bf9-a4db-5d8b4ba8fd29,39.37,21.3,13.51,2760.09,electronics,3,12204.5
2275e0a2-df57-4872-9d43-94362dc39f1c,16.6,12.76,26.24,3004.31,fragile_liquid,3,6309.3
bc24e1b3-c359-448f-ade8-f8a22fffbdb2,8.9,10.98,9.29,534.95,glass,2,680.44
3711bf9e-7fad-4fb3-9b2d-95c64707575e,31.32,31.69,16.75,692.98,apparel,1,16899.59
2db98217-4398-465a-962b-201d8231f257,44.13,24.76,22.15,3595.65,standard,1,28656.17
9bc09ee6-bb8c-4485-a6eb-ddd99c07ecd5,13.8,9.12,17.18,1220.21,fragile_liquid,3,2418.46
45a811c3-a05b-4c1a-8a32-b04e83856d6f,12.12,9.72,13.85,863.79,fragile_liquid,3,1395.16
e1bf9559-1e98-44c8-9179-282f9065aef4,36.26,18.26,12.2,1986.75,electronics,1,8641.98
7a1bcea2-80f0-4709-92aa-7eb3200712d1,18.94,13.24,1.0,98.89,electronics,1,235.22
487f4895-a640-47bf-ad20-4279dcb99232,23.05,34.34,9.57,361.57,apparel,0,7523.32
2e56273d-37ef-4a2c-9804-95ba92861b9e,55.53,19.64,26.49,4276.39,standard,0,28820.73
86880cd0-b2a6-4c34-9266-a2b3b5d96123,11.88,10.79,17.25,1329.63,fragile_liquid,2,1952.53
73995d2c-318e-4e79-a41f-744a81f9f3a2,19.75,11.33,16.31,639.97,standard,0,3209.05
074e7c0d-dc98-4679-85ad-f4dd810504a9,31.1,22.5,18.15,1986.7,standard,2,11932.06
326d122e-bfd7-4b7e-a1a4-fa776502b760,26.22,13.08,6.95,702.41,electronics,2,1863.94
6a97017a-36c6-41ce-b8b9-71d136b51c1f,11.75,17.86,7.48,955.93,fragile_liquid,0,1965.91
a2afa6b9-a5b3-40d7-852c-f56ebf5672b8,10.59,4.14,5.68,174.61,glass,3,268.21
a0d211ee-6175-426b-ae13-dfd8fd5a32a0,38.08,30.39,14.02,635.5,apparel,0,20563.91
d2333dc3-ad8e-4658-925d-41f433936237,28.29,19.22,9.69,678.91,standard,0,5477.49
82f09d0a-f94c-4b6f-84fa-744a4e664799,16.69,20.02,15.7,1352.89,electronics,2,4781.83
1714be59-b96d-4e32-b85b-104cd2ae3828,45.27,26.76,15.78,775.59,apparel,0,15442.24
b5d14129-9d29-4734-bc33-7fa0360ef42d,15.58,8.63,17.52,1396.19,fragile_liquid,3,2730.3
e7416eae-a195-4c98-9792-62c5aee4a772,14.25,14.47,13.5,1539.27,fragile_liquid,3,2969.36
7b7cca0d-47fe-4ab8-80ce-f2ed31103992,12.4,9.71,21.4,1418.99,fragile_liquid,3,2484.86
4ed4246d-9cc7-444d-9bf0-3e443758e758,13.76,40.91,16.52,1545.55,standard,1,6657.12
ed1a8921-7397-4bcf-8a2a-bf5d96d7ebbd,13.62,8.72,9.61,644.3,glass,2,988.37
95cf1db7-1c9a-4981-8372-95428d759f33,11.59,10.04,25.91,1634.67,fragile_liquid,3,2689.3
a7f7f59e-954b-43c3-9eb1-800d77d6bd2a,8.69,8.08,5.25,147.9,glass,2,424.67
2fc379b8-1a81-4d5b-858d-3d6c30e0a503,11.62,10.07,9.11,573.63,fragile_liquid,2,985.97
3ba3a293-9d1f-4a30-98f8-b04e3ff0136e,39.5,15.66,7.74,730.15,standard,0,4683.07
0a684acc-6f47-4095-9175-a5138341090a,37.2,14.36,5.03,114.02,apparel,0,2301.77
22e900f5-ed79-4cb1-9689-08ba5eb961e6,35.74,33.24,16.99,771.89,apparel,0,17903.93
a6db0f5d-e83b-4c14-9e79-942adb5bf541,23.58,23.05,10.06,1327.12,electronics,2,5678.63
475d1940-8114-48cb-b3e3-d83d3189802b,23.06,16.61,14.98,1534.51,electronics,2,4965.74
bbc51ef0-cc44-4d43-970a-24b7ef756fbc,28.46,14.55,1.0,120.2,electronics,2,459.52
22dda947-aa94-40fc-90cf-15269395500b,16.3,8.6,9.78,832.13,glass,2,1279.87
74903cac-ecb0-4500-b750-1ca8017624ab,6.69,9.64,11.41,483.06,fragile_liquid,2,663.56
5bd91a23-c908-49ee-b2f5-af8fe21922c4,11.82,18.8,5.86,829.73,fragile_liquid,3,1096.95
44abcbae-55dd-49cb-b039-8829e626b2ad,12.41,8.55,9.2,581.28,glass,1,951.6
a54e4548-debf-4e1d-bdd1-a5c8c98b9e32,26.56,25.57,6.96,723.54,standard,0,4742.24
5c0a5b83-b083-43e4-887c-48294fc0476c,39.08,23.49,12.27,465.92,apparel,0,12110.81
818db611-091a-4f7e-8f0c-2c82ca56d6b9,11.51,12.85,5.89,522.45,glass,2,840.85
a062af7a-3d25-43db-a34b-0919456e8a39,54.37,39.14,13.94,1174.59,apparel,0,30482.02
fbae4194-b0cd-4bed-8437-ca036a707dbf,22.87,14.14,15.46,787.66,standard,0,4898.55
00be3c5d-f68c-4b67-bdc6-d1916835c97b,47.29,4.88,8.14,355.47,standard,2,1773.9
2d94e781-0840-40a2-bab8-086b58469516,16.73,16.03,12.53,1825.81,fragile_liquid,2,3880.63
ce9e3d78-53a0-4c91-a430-d62f813d0fe0,38.46,24.02,12.74,504.08,apparel,0,11282.05
ed523796-3433-4c09-81ce-d1235df1dad5,16.06,9.17,16.23,1301.85,fragile_liquid,3,2496.93
28a0f4d4-4d62-475a-b924-a6bf825029d1,26.88,14.11,8.49,839.34,electronics,1,2948.29
0aaeac4d-4496-47dc-a121-b1084038edef,33.01,33.22,7.03,273.79,apparel,0,8270.71
7e8199b4-c516-4d19-b989-08780dd1cbd7,20.75,14.91,15.16,2502.59,fragile_liquid,2,5168.97
f14dd463-1f55-4aa6-a81d-4657eb793408,10.39,7.07,19.67,815.1,fragile_liquid,1,1701.08
2cc877d9-2cee-4b2f-8f59-4fc3257cf88c,16.07,11.42,18.65,1839.69,fragile_liquid,3,3296.99
b5ec4e4a-b0fc-4b6f-9ab0-a3ee7749460e,12.09,4.45,9.71,414.69,glass,3,419.16
5738f985-5311-4707-8350-532a2923cc49,12.11,10.53,19.48,1476.78,fragile_liquid,3,2685.41
a527f0b4-fc55-494a-9fff-7c337ddd45a5,36.08,15.76,15.93,2204.59,electronics,2,10131.2
59bbd284-7f37-45a0-9497-91f538ba08bc,15.45,17.92,12.18,1936.26,fragile_liquid,2,3732.97
b7b10edc-92b3-4388-a705-c833a2570198,24.79,13.83,12.81,2496.83,fragile_liquid,2,4196.24
7834e157-4b4d-4d11-93ab-837733d6b7d0,37.35,26.77,15.97,643.18,apparel,0,15485.01
d782672a-efbe-417b-b815-dd1b313f3deb,14.51,10.48,8.49,865.99,glass,3,1253.09
e33d27f9-1eaf-404d-bcd6-4dead3ff5dc2,41.9,30.27,11.18,593.18,apparel,0,13964.2
958e5fa9-1d32-4d6b-aa77-ff0787088a2d,34.99,27.31,14.57,3506.76,electronics,1,12636.17
f0ef8364-1b89-470e-a603-c8e80c4bf567,12.53,7.98,11.83,734.32,glass,3,1157.14
176b8757-2b6c-4d85-8649-a1370da4964a,20.38,18.38,11.58,1215.41,electronics,1,3868.37
c1c94863-b29b-452e-8e3d-c97fe14a6215,54.42,37.28,19.47,5962.69,standard,1,38339.62
d006de3b-bb86-4834-a504-ea5fe9afc997,29.67,20.04,12.02,1733.87,electronics,2,7530.36
681f4126-9193-486b-9837-f73c6485e1c5,16.42,7.62,10.68,785.22,glass,3,1369.99
7ca8b3f6-b3d3-4b7a-80af-041e9232679d,12.64,12.12,12.54,1061.21,fragile_liquid,2,1779.11
653407da-dc71-4e0f-bafc-e20d6b7b4c7e,39.92,30.57,15.29,751.73,apparel,0,19211.67
cf30abbe-0001-455b-bdd6-e13cdeb9cae9,30.79,23.5,17.45,1837.15,standard,0,10617.28
5e0c5918-f5aa-489d-908e-3b56fcd825a9,5.13,8.53,7.3,201.03,glass,3,311.62
c6ae7068-f63a-4e82-abf7-4590f74a809b,18.87,13.95,13.21,1888.79,fragile_liquid,3,3212.13
89c9ec75-d263-4a82-b0fe-8309c86af5a7,32.22,23.41,15.22,1806.64,standard,1,8284.79
213247c7-6bc1-4018-aca0-220a875a5618,18.59,11.69,8.99,506.86,electronics,2,1644.84
32eef2bb-4708-4564-8524-419f8cb1ff94,24.12,27.55,18.42,484.63,apparel,0,12753.21
e1a1f6bf-a489-4740-9464-e6709070f056,29.97,16.82,11.45,1240.1,electronics,1,5502.51
01b06cb3-0603-41a4-9b3c-cbbcebf076e6,58.97,20.28,16.21,751.7,apparel,0,23320.08
056f4df4-8d28-4e36-ba3e-c1c81100a7d3,11.57,8.26,5.05,295.19,glass,1,483.55
fb7953f3-3c39-47a2-9173-1e332114cfa8,21.94,12.6,13.25,968.79,electronics,1,4225.99
ae290690-5ad5-45b0-8568-4e3752c6824c,22.86,13.1,13.62,955.5,electronics,2,4426.46
e68948c4-4bd7-4845-b0f4-61a698eee9dc,10.03,5.98,9.1,350.72,glass,2,564.15
e3a52d1b-efe3-4529-a2f2-a803b2c820f7,28.59,33.09,12.87,1845.83,standard,0,13465.8
fcb423aa-bb9d-42e2-8909-1469d1800dcc,13.13,16.05,18.01,2071.75,fragile_liquid,3,4016.57
4b303185-ed3c-4c7a-b759-8ce3149f8821,10.45,12.75,19.08,1386.26,fragile_liquid,2,2502.8
fddd75fc-c49c-4caf-b652-24a01977f07d,28.63,27.94,12.82,1484.67,standard,0,10255.09
c647684c-33fe-49b2-b494-0af1bde9b59a,25.44,25.69,15.74,1454.03,standard,0,10736.51
03a8f619-9333-4047-adbe-cc2f79f5b5b9,11.05,14.15,16.99,1432.2,fragile_liquid,2,2172.89
39993b3c-cad4-408a-973c-5109a5677902,10.18,18.88,7.39,312.38,electronics,1,1677.13
7532d975-6f66-4fda-a088-05631db02242,46.45,12.17,22.23,1755.25,standard,0,13292.86
0167d339-6310-48d2-9471-95e8f3867d4f,23.36,24.97,5.57,799.78,electronics,1,3217.13
75d67bf9-c81d-4685-b694-1a1f0173f39d,14.88,11.43,9.47,1067.48,glass,3,1715.35
df63804a-21e9-4a25-b982-d60efa558fed,48.44,18.59,8.37,304.6,apparel,1,8022.21
6046c7e2-a1b0-4de2-affd-ee159acba02b,15.38,10.27,21.99,1974.96,fragile_liquid,3,3449.8
6555960e-be6a-496b-a2dd-c5defe4a55bf,7.63,13.33,17.9,962.02,fragile_liquid,2,1992.09
5f4ad8b6-3d4b-43a4-9ee7-f0448a737184,16.34,5.48,7.81,413.06,glass,2,692.82
01d42656-df08-4438-9fbb-f77ed3572735,28.35,13.55,2.04,334.15,electronics,2,785.36
f7959935-e63b-4f2e-8d03-7cd33816dfc6,12.46,16.18,9.35,590.73,electronics,1,2063.23
d0af55e1-3672-4605-a62b-15d43c4f0318,34.37,23.62,24.51,3032.08,standard,0,19392.37
fa6f1944-74a1-4d95-a36f-b4c5f01b3617,19.39,27.75,12.33,1074.75,standard,1,6552.67
b77cebe9-1d4d-4e18-a277-f35852263b63,24.62,3.63,15.27,334.1,standard,0,1372.97
1cd4c1aa-b447-454c-ad3c-369f18d0656c,12.94,14.39,16.19,1559.66,fragile_liquid,2,3208.92
e95bf9bf-b320-479c-8a3b-143e89f13ff7,32.47,16.2,6.11,848.19,electronics,3,3461.73
9b3627a0-39d7-42d4-9488-02b348fc6791,35.86,29.74,20.73,3374.41,standard,0,27749.31
98d2b68b-7143-47ca-995f-1a69de09e567,41.29,33.59,23.58,1295.95,apparel,0,36422.48
9759f3c4-2dfa-4e93-8eea-daed28eb023f,13.91,10.36,8.1,655.96,glass,2,1272.13
f9306ae6-82f5-4366-8e8e-e2bb85e125cc,30.51,17.19,13.98,291.74,apparel,0,7795.47
b5fb3bbf-1302-43e8-928a-7df23e5d9450,23.81,24.6,14.25,2180.19,electronics,2,8200.48
135d1afb-7a5d-423c-8d96-d2b13bb6bf05,22.06,12.65,9.35,734.01,electronics,0,2839.76
c2fbc541-0bc3-4226-b6cc-45ec4745c812,33.26,14.42,14.87,1055.01,standard,1,8215.09
ee6171cb-5c19-440c-ad3a-408454e06314,39.73,31.76,10.67,533.06,apparel,0,13665.79
647fc50b-196c-4903-8a2e-af7cf5bc4dfa,15.96,16.83,10.42,728.3,electronics,0,2083.41
258a99de-3d68-40f5-a412-61e3953c814e,39.3,32.75,16.32,856.93,apparel,0,19501.63
30d95167-9491-49d1-83fc-1d666f54abbd,31.23,32.96,11.73,480.28,apparel,0,12043.56
36a2cc2c-ca8e-4c1f-b7c7-4bae8a370018,21.42,22.24,5.28,513.57,standard,1,2776.76
ea753eab-b002-4029-ae0a-f3f9223d6060,22.77,19.63,12.94,1313.75,electronics,1,6138.19
d32e5591-62ed-4350-a59c-e72360b70332,23.9,9.25,11.64,342.36,standard,0,2667.49
00d26b9e-e073-4f18-a825-446231dec40b,32.01,29.13,7.49,233.69,apparel,0,6604.94
032c4b7c-78fe-40e1-a387-505d8e2c3821,29.54,13.46,9.74,1002.87,electronics,1,4354.34
50a14908-cdcd-4c00-9006-443b56ad878b,38.08,32.86,14.61,638.46,apparel,0,21032.3
b7a6dcbe-1493-440c-897d-3271e7ed8e66,42.02,34.31,13.28,699.11,apparel,1,18653.58
f4410e21-68c6-4d0b-b4b0-585de5772a4a,43.32,31.4,10.03,594.86,apparel,0,14058.88
e17a6f59-d4ee-460d-b517-93a5135b8329,14.57,12.76,6.42,675.14,fragile_liquid,3,1165.1
31384bd5-99c9-4ef8-b071-da65e85d0eb6,24.98,29.93,8.7,273.33,apparel,0,6722.44
cd69c948-9ef5-43eb-aadc-cd01458ecbd2,32.96,28.62,2.74,94.37,apparel,0,2652.19
1dc7c67e-38e4-4ecc-8fb4-a52cd36b4f92,23.65,25.91,17.59,1650.37,standard,3,11755.95
9a36019b-c4bc-44c8-8580-c27dee5003df,28.34,6.44,13.8,396.84,standard,0,2845.43
44f2452f-630e-495d-a9c1-9b63d59ab33c,34.71,32.78,6.34,242.97,apparel,0,6526.53
3d9ee006-51b8-49d1-b079-f8faa7bff826,29.06,23.35,9.5,1687.19,electronics,2,5924.91
5258bd43-b7bc-47da-8086-b6793f76122f,21.98,23.53,14.5,260.76,apparel,1,7702.59
07f12934-0a87-488a-92ec-93aceaba53cb,20.67,14.55,11.12,153.52,apparel,0,3466.49
cd6cd05e-81b1-41b2-8e0f-0713c5c4cc83,30.48,14.47,20.32,337.79,apparel,0,8833.94
c9484806-991d-413a-bccf-c76b3047cc3f,31.21,20.1,8.56,1339.77,electronics,3,5573.98
1f77bdef-9377-43cb-b74f-5d0e5973006d,30.36,39.69,11.34,605.83,apparel,0,14728.12
c84316eb-9a8e-4c62-9993-4202bdf96023,11.51,10.79,9.03,673.11,glass,3,1192.81
f7860ffa-e29a-475b-8c93-aecf977c1fd3,16.42,10.99,5.35,637.39,glass,2,941.03
ab78f450-2af1-4b28-b131-a3e34ce98e24,29.46,16.58,24.84,1767.31,standard,0,12181.45
efa50594-c421-4e8d-9557-d005d81ae6aa,42.48,31.96,10.11,2007.15,standard,1,13457.84
d18597d2-908f-40dd-ab2b-994eab16b91f,13.31,30.26,25.13,1426.08,standard,0,10479.28
6b670fb9-6f59-468b-9800-2e598f724e04,24.9,19.19,19.22,1388.76,standard,0,9599.13
4a3f92c5-6c3c-4655-bf10-bb33d229d21c,13.13,11.95,6.92,637.51,glass,0,1066.51
43057831-7d81-4479-9e92-af5c4244a42b,10.5,16.37,21.03,1861.38,fragile_liquid,2,3485.98
c068cedc-1664-44fa-b059-26768498c891,19.19,18.66,10.99,565.6,standard,0,4213.0
cb7aab0e-10ea-48d4-9c27-5b3d3ad4a381,27.39,16.26,12.59,807.24,standard,0,5829.58
47adf62d-bfeb-4f59-9793-e2946ef4ca0f,11.75,3.15,9.7,157.33,glass,3,280.5
2fb50aaa-8f38-4601-a492-77ed05f719be,35.03,28.74,7.26,1855.1,electronics,2,7423.78
d3130049-a379-4a89-9027-40ecd1e71e07,28.25,18.68,2.77,82.46,apparel,0,1559.68
48477ea3-b4b3-4774-8436-52d09504dc83,12.7,8.27,2.59,223.94,glass,3,267.11
4d9015ad-6b69-4811-bbb0-764aa6200df7,34.59,8.25,16.21,1212.89,electronics,1,5414.08
6b798b51-2c1e-4024-8130-b5968a1743d4,20.23,1.0,18.55,12.92,standard,0,399.31
a2553204-0ad6-4aa4-b348-4d90664b616c,15.1,10.76,21.88,1979.27,fragile_liquid,3,3350.97
eab739cc-af31-40bb-b671-cd73399dc600,15.91,12.07,10.94,1271.54,glass,3,2222.41
d8cacdaa-232b-4b0b-8191-3dd7a1a05c3e,30.67,11.05,11.3,123.15,apparel,0,4128.0
282dc5f2-550a-4f52-ac35-19a53228884f,35.03,24.61,15.05,535.51,apparel,0,13427.64
9e3b5fea-d427-491d-af15-3ebb31a45754,16.69,10.41,17.75,1663.98,fragile_liquid,3,3077.4
9e91f168-78b3-4fe2-813d-fd3f07511798,10.13,8.93,8.79,603.9,glass,2,714.13
3ece990e-029c-45e5-8213-4d8958aa2043,28.39,17.54,25.49,1894.06,standard,0,12169.47
39c6e5d4-49b5-4036-bb1a-9d270050e682,13.17,4.69,20.86,761.12,fragile_liquid,2,1104.67
e725b385-4323-4872-af5b-83afa3d7303d,36.16,32.99,1.0,19.52,apparel,0,1233.13
19773a30-82dc-4b37-8a9e-1a4465bdba25,25.33,12.43,16.61,1378.01,electronics,2,4715.03
f90a20e2-4cb4-47c9-bdf5-609451ca37df,10.56,10.04,8.54,554.74,glass,2,749.57
a7bc3664-127e-40c2-ac26-04e310383f90,30.09,11.2,14.2,1162.83,electronics,3,4692.54
1e3057ce-c19c-4e8d-85bb-a21b0e427638,42.32,19.32,12.38,2360.45,electronics,2,10185.18
caffd59d-7b6d-4b04-a4d2-1b2ea8930d09,12.66,11.9,9.38,851.16,glass,1,1546.41
d10043bb-2348-4fa9-879a-5d198104ccd0,29.52,31.16,11.18,477.29,apparel,0,10034.11
31939258-1835-4990-9746-b6354faa2472,10.27,5.71,12.84,532.12,glass,2,729.99
8fbab0f7-36dd-4717-b572-1205742583e6,40.88,28.92,20.21,952.67,apparel,1,23838.95
18575d37-7cfc-46f5-a787-4840ad5bf195,43.9,34.64,7.4,448.9,apparel,0,11696.79
ef9c80db-3978-45ef-9f1d-dc0543ea04e8,35.88,20.44,18.33,1950.11,standard,0,13671.5
10db639e-0a35-4a2f-bc79-604a54ebfbfd,13.33,13.73,7.8,789.7,glass,3,1431.93
7cf189b1-0b77-4864-afb0-d9b78249f34e,33.92,28.54,12.0,480.92,apparel,0,10123.43
7c2f11b5-09dc-48b2-bd6f-4548af1027a3,10.15,11.6,11.52,707.78,glass,2,1175.9
91c099cc-78c5-4ca1-b753-4076b9dc27f4,18.71,14.58,12.52,470.8,standard,0,2978.31
66a52a92-f2bc-4a5e-ac5d-d3a18a8ab6ad,20.42,11.29,13.3,1625.99,fragile_liquid,3,2935.13
0591b825-5e59-4bd6-91a5-9965d0c72264,35.93,27.85,11.87,1571.98,standard,0,12475.29
f92a0e5e-cb80-4dda-bbf2-9c5cf40f234e,57.92,3.68,19.62,425.84,standard,1,4301.67
95221faa-dddf-410a-a825-508e0ecf0f31,58.39,29.07,9.66,2598.74,standard,0,17595.19
e260eba0-25f4-4488-8674-0a06508312bb,12.48,7.44,6.31,454.62,glass,2,546.7
69a8e7cd-f324-4504-b234-4658fb43919e,29.0,9.41,12.07,754.91,electronics,1,3308.16
4da1db97-142f-41f3-8c0b-194468606712,9.97,8.95,8.09,461.72,glass,3,723.2
54844a17-0f89-41bc-9a4e-226cbff9ee4b,19.55,11.39,1.27,131.61,electronics,2,243.74
c760d33e-a9bb-4b3d-a265-ac076880451c,11.92,13.74,9.14,449.3,electronics,1,1545.81
009f30ec-08e0-4639-b277-4f7a83eff306,33.46,15.17,12.43,1560.42,electronics,1,5622.29
969c7415-e01c-4bd4-a650-afafcf797e63,11.56,10.35,20.39,1409.15,fragile_liquid,2,2253.01
6ed5adfe-5ac0-458b-b81c-95dbe178e9bd,18.65,20.74,3.03,239.57,electronics,1,1218.35
abc51a48-655d-4164-8cda-f2c75a482793,36.82,19.56,1.0,59.2,apparel,0,790.87
12c41bd0-7554-4fcf-a18a-9bdee8387197,33.77,11.8,9.71,586.38,standard,0,3555.13
683e1c0c-ecfd-4daf-a3e7-3848ccd74d67,11.67,13.87,24.82,2243.24,fragile_liquid,3,4287.84
214d1880-174c-4a01-9a4f-e2825eba11b5,30.12,22.13,11.42,1129.67,standard,0,10801.22
3d0841f2-0666-4540-8fc5-f67bd15e3456,28.51,11.62,13.25,208.06,apparel,0,4426.06
6d46ac07-eb2f-4fd2-b4c6-5de4a01060f9,26.72,21.43,6.65,918.56,electronics,2,3869.59
d7e5beb1-eb65-4b42-bce8-57280ce56044,18.87,17.52,13.3,2332.47,fragile_liquid,2,4012.16
1af53ae6-b3c2-42e2-ad82-74f171bcdca2,37.95,13.57,6.74,960.92,electronics,2,3938.99
9cecbea2-0441-4e2a-93cc-22179d249c65,29.95,20.62,8.24,696.13,standard,0,5062.9
5a06e84d-7ec7-4c5c-8efd-d47bd02e035b,33.78,23.02,12.17,443.62,apparel,0,9718.24
0619af96-c1ad-4d6b-b562-4b2071e5f95a,46.38,17.17,18.46,2244.53,standard,0,16411.84
3e0e2e58-75cf-4469-8b27-54d8c74a4828,54.71,28.61,11.98,762.8,apparel,0,21345.14
93f8801a-cf7a-424d-96ba-30e3170e0ee6,35.26,23.7,15.97,2050.52,standard,1,14279.37
a9a56a3a-3680-4ec7-90d1-5168e31e093f,42.3,19.2,3.59,122.83,apparel,0,3273.46
502403bd-8b79-494a-a368-0c13ab3064fc,15.55,8.6,7.9,636.51,glass,3,1076.03
06b8327b-d365-457b-9b12-77b9b2165770,16.81,11.77,12.32,1402.4,fragile_liquid,2,2519.57
9404d160-fe63-4de3-942f-b4468c63b142,16.91,15.26,3.26,416.62,fragile_liquid,2,967.93
41cc1fa2-c47d-43c9-b90a-4cd5bcaf9494,11.54,10.9,8.49,721.77,glass,3,1180.83
24458674-1553-4752-a143-1a4e049b7d94,34.38,14.03,20.32,1532.82,standard,1,9880.85
9268d78c-3d62-4cc0-a9e9-07317c9c1ad3,14.28,6.12,6.19,355.57,glass,3,604.63
ab24372d-bec6-490c-a391-fa9e5bfc4ddf,26.64,31.33,5.25,1034.55,electronics,2,4600.98
1354f008-8794-450b-bdcd-24c8c5cca887,11.35,35.17,5.35,397.47,standard,0,2282.81
70702bd4-4346-4803-b734-74aa3e0a3708,12.74,14.79,7.69,888.68,glass,3,1548.3
a50840f6-1481-45f0-bd18-7ccdf4c68a14,12.39,9.18,11.9,339.98,electronics,1,1336.19
56e623df-9c61-492c-b6c4-13f7f4e76334,45.13,37.27,10.91,2633.48,standard,0,18587.74
38b74f06-f7d2-4845-a29d-bd5155acbb4a,19.92,22.73,13.06,1627.49,electronics,1,6407.06
86924137-a9ac-434b-8765-aeaf7459d2f5,5.83,20.56,20.75,499.24,electronics,1,2400.92
66a2f836-facb-4711-9f64-290923092ce6,29.62,27.44,19.91,683.44,apparel,1,16042.59
18a14527-00f3-4f56-9925-7bf6f6d2f6fd,25.36,27.09,8.58,1389.62,electronics,2,5768.46
cd1ad05f-9d1d-41ef-85b6-392986655603,14.35,9.17,19.62,1487.52,fragile_liquid,3,2403.8
a1591b01-bcf6-4c51-9550-6ba58abd47be,30.72,33.31,9.9,419.67,apparel,0,8334.02
c5830978-b7ef-4911-8257-a7d638b6d750,39.8,22.72,31.26,4054.49,standard,0,27536.11
764f87c7-bfc6-474a-98f2-bddfac4f9204,52.71,26.71,6.12,1478.66,standard,0,7859.0
a7f345fd-91e2-40cb-93d9-3241b784e6fb,39.84,28.49,18.89,3161.8,standard,1,22609.42
9c59f986-4cc8-45c4-a150-7930ffdfae76,13.79,12.63,18.92,1850.73,fragile_liquid,1,3111.95
dde07a97-474d-4e3b-b1da-b53cb9468dfe,52.98,24.59,27.16,5445.96,standard,0,36690.87
a74f7e70-ffec-4825-90bb-5c00cbe8cfba,28.68,20.48,9.38,1393.53,electronics,2,4801.74
2894f62a-befd-4806-a448-68a8a9dbdc48,24.73,13.78,1.0,31.98,standard,0,302.59
86e8e8bf-3612-40d6-a512-2fea9b97a27d,16.3,4.61,17.25,553.12,fragile_liquid,2,1315.2
9571bfa2-98ff-4fe4-b84f-b23e21a79778,26.14,22.35,10.78,1394.1,electronics,1,5225.39
8a203e34-059d-4555-98f4-f5d8f8a40c09,23.35,24.15,7.68,1263.79,electronics,1,4352.86
52f6a4fe-6608-4d0a-94c6-77abb05a0e1b,33.18,29.99,10.11,417.24,apparel,0,9063.77
065f87ea-9ecd-4bde-8821-62200e609de8,22.23,19.11,10.93,1253.44,electronics,2,4595.66
b6aa03be-3507-4c3d-8158-fc067624eef2,13.03,12.48,20.05,1800.44,fragile_liquid,2,3231.72
bba1f204-518c-4664-bfe7-9f1e5f7ee0b7,25.93,13.42,10.36,839.54,electronics,0,3675.15
dbc5aab3-3aeb-41ac-92f2-d7f36d1b0565,17.61,5.42,7.25,133.06,electronics,2,783.62
5eb8c178-251a-4463-a528-149b18a0f25e,34.55,37.52,18.48,919.98,apparel,0,28254.15
a5b02b76-9c8d-4407-942c-937a94223e9f,15.27,8.46,8.23,551.37,glass,3,1207.65
57270cff-7d4c-4cef-ae6e-3ec8eb849abb,39.59,13.73,14.7,1315.76,standard,1,7465.47
652894ec-637f-4a21-9b67-f562bd9f48f5,46.54,34.65,10.52,705.61,apparel,0,17821.61
06a11ca8-25eb-40b7-bf3a-91952709639c,9.92,16.33,4.57,458.59,glass,3,718.62
e4e87f12-4aa2-4b09-a94b-2eba0767b742,13.48,10.72,9.64,799.62,glass,3,1386.11
446bfa39-1929-4714-8687-f487fd6cf1ac,42.91,29.97,14.32,718.8,apparel,0,14771.55
52bbc979-8ed2-44c1-a7e5-6e57fc931663,33.36,24.68,8.93,1828.51,electronics,1,7584.03
09a2ce9c-58d2-42af-85d9-6693e06497a8,46.61,23.29,12.35,1861.11,standard,0,13418.91
bd58a08c-4feb-405f-9e25-f9ea60e0e2a8,19.65,15.84,10.38,1939.69,glass,2,3116.1
3fa303ae-22c8-4e59-be97-9fffbb9dd3b9,51.86,24.56,13.85,2660.09,standard,3,18314.81
2974ceb4-d2da-42cf-aa34-6bb0ba4ae28f,15.71,15.61,17.91,2423.35,fragile_liquid,2,4711.79
e765e8f7-842e-45b6-bffe-882de1b5be2b,17.8,17.11,15.26,2497.09,fragile_liquid,3,4382.09
7979655c-a0ff-4926-b377-36a50e7c4fa1,36.99,39.88,12.64,2647.38,standard,0,20771.34
6cda9667-6cb0-429f-84ae-3de1b631dec4,7.87,8.75,22.8,911.21,fragile_liquid,2,1607.21
7db95f61-8bf7-4f93-b6c6-5392a3a3cbe2,14.04,10.09,14.68,1122.72,fragile_liquid,2,2174.27
d7f64d78-8d2e-4fac-a38d-5efb81aa76a3,39.72,12.23,11.76,1424.96,electronics,2,5476.11
cae5adc9-2930-4a09-ba15-87a8ff0342fb,12.99,11.34,25.0,1977.12,fragile_liquid,3,4037.44
ce38bee7-8461-40b5-840d-3f150676b311,13.53,13.25,5.76,198.5,electronics,2,1100.39
35b14e18-8cdd-4a37-95ac-aa03ebadadb0,29.16,10.14,9.36,797.56,electronics,2,2775.78
eb9972e1-263b-4dcb-9ebf-40fd268b93e8,31.35,21.82,8.51,1407.96,electronics,2,6111.75
3bc89f1a-ad4d-40cf-b760-89d79469afb6,23.46,22.39,15.36,1268.29,standard,1,7531.73
285797ae-d654-4420-905b-63eb116bf800,8.71,12.95,7.3,489.2,glass,3,807.33
46155bc6-a38e-4426-85b6-5c0912496a99,38.13,18.99,10.0,1970.34,electronics,1,7027.84
c9a4a5bf-ec22-4d9b-891a-8d43d47b2639,14.44,7.99,6.86,590.17,glass,2,779.61
918f4863-35a7-4e30-b6eb-4205527336d1,13.12,10.83,12.15,1071.7,fragile_liquid,3,2003.18
4fc4a9b8-03fd-44e6-8f6a-4ccde3f95606,31.16,18.88,6.84,1066.06,electronics,2,3592.43
20d52cea-24a4-4174-bc6d-c05b876c2024,9.34,8.03,8.08,417.96,glass,3,651.06
762e2eef-ec6a-478f-92cf-70fc710d0011,17.48,40.18,28.0,3081.63,standard,0,17236.67
b78d3bde-456e-42c1-b103-cc334b1134b7,30.79,13.14,16.58,1660.55,electronics,1,5443.31
f6cb8c88-d7d8-4ad3-a314-d2527d4a1230,40.88,31.66,12.17,656.57,apparel,0,16119.04
9dbc61d9-68d7-40aa-82e9-fc5191ca4c59,27.84,25.4,21.27,2115.66,standard,1,13788.56
eb41463b-52c5-4fa0-a27d-294477fe87ba,33.3,22.08,8.38,1543.1,electronics,1,5243.47
e1b16459-745a-4201-ac08-3b63b1d1728e,13.53,11.89,7.51,759.1,glass,2,1073.73
a745e11d-e259-4cb9-a5fd-bfe08b7af725,34.66,20.23,16.74,1777.79,standard,0,10625.15
c66c0d9d-48d2-49bb-8ec4-893e2f9b7561,45.69,20.94,16.74,2493.18,standard,0,14557.56
93f175f8-6b06-433d-b856-d24b8feed229,10.97,14.9,15.98,1569.42,fragile_liquid,3,2111.61
b12f9bfa-7a78-4072-8124-0bb4eee3754d,21.29,13.81,22.8,3762.1,fragile_liquid,2,6766.61
f68970a2-1d5e-4a66-a1fc-f8343652e17d,26.88,21.47,7.0,950.63,electronics,2,4585.82
328f79e7-aa1a-4c1e-9a22-f898e13befb4,21.42,19.91,13.01,1276.09,electronics,1,6232.66
af7bcc13-90e6-44bc-a8ed-34b66ed691a3,25.1,6.07,10.03,223.49,electronics,1,1388.54
4bfc8976-a3a8-4d6f-adc8-7f73699d6e18,32.65,15.41,10.23,1311.4,electronics,2,4721.76
4d5d5c19-00ab-455e-b273-db859321c00d,16.31,13.43,6.98,968.51,glass,3,1580.09
a78b55ff-9ba6-44f9-b65a-892aa8cef99c,12.07,4.31,17.93,132.0,standard,0,958.21
5092919a-379e-42de-831d-1763c527c585,34.87,24.7,23.56,741.63,apparel,0,19462.12
f6a91e63-67f3-4640-8a0b-5a043d6bde7c,24.63,19.45,9.1,1071.64,electronics,2,4499.49
4df6477c-8982-456d-8832-24b4e1dc3224,24.51,20.6,9.22,1096.74,electronics,2,4945.26
611d30d3-4d89-4a0b-a62b-7a05934c6801,23.26,18.17,13.0,736.93,standard,0,4226.82
d1ccc15e-683f-4504-a311-9fd38b757acf,31.32,7.15,15.92,900.38,electronics,1,3710.36
045283fa-ba61-4d87-990e-9e0b1a2285cb,31.6,21.77,7.03,206.31,apparel,1,4824.48
a95b47b5-bdb8-41e9-a40f-c183c3d1d335,43.59,15.18,12.77,1323.46,standard,1,9536.79
6a9767c1-f5d6-4137-8550-c90433e1fa30,50.69,18.75,1.0,55.47,apparel,0,893.87
2b7b61ed-fcdc-4727-afd3-ef1b12c444f8,31.02,36.44,14.91,647.89,apparel,0,18294.51
6853ce3a-6637-4e4c-9a88-383b2154d763,32.84,21.94,11.22,327.12,apparel,0,8361.86
7eb85858-6f76-4505-903a-4fb640961283,29.36,10.24,15.86,1171.1,electronics,2,4657.78
3a96934f-fe3f-4612-906e-63c16ed41d9c,52.49,22.42,7.18,2041.33,electronics,1,7324.65
c1d90a3d-15a4-4014-aa34-e4679c09ebdf,50.69,25.91,20.1,3973.34,standard,0,25806.21
4ec4c118-cf07-4a88-baec-e667e486e9e1,13.86,12.69,23.78,2313.68,fragile_liquid,2,3675.96
cb639e7a-5952-4716-b540-936c81819951,13.34,12.57,9.51,972.9,glass,2,1724.92
97b4c950-c401-402b-baf5-bf9ec05ad44c,51.65,22.15,15.75,2658.36,standard,0,18633.9
82a987e5-4fca-400c-b750-ea58d71adf29,23.85,10.95,17.4,1298.38,electronics,1,5024.0
dbdb0044-b07f-4087-8180-325fff3a6b03,33.66,10.96,34.58,1858.42,standard,0,12664.79
69048c39-00c6-4ba1-b83d-e977cae32e0f,11.39,12.07,8.54,654.9,glass,3,1214.4
d6aeed23-d38b-46de-9e60-1d1166c040c3,29.95,30.33,12.67,1688.71,standard,1,10812.39
c24463e7-c012-40a2-81b3-7eb42661ed5f,30.14,19.62,4.46,560.29,electronics,1,2403.94
2c8fb69e-7685-4176-826f-024a72ce83c0,32.64,4.39,8.28,368.92,electronics,2,1223.18
054fb940-6ae9-4fd4-bdb2-9f8a58fef3f4,27.79,18.63,11.55,1639.68,electronics,3,5847.6
f6e70a55-0fe1-40b6-a33d-698931e447f9,46.46,27.03,7.97,372.45,apparel,0,10684.39
c0f0a3ab-eba5-4931-8167-d33a16699853,34.29,37.72,12.73,688.03,apparel,0,16883.29
6778a165-ba11-4a87-8e3e-bb8915212e52,19.99,16.56,7.73,676.3,electronics,2,2453.35
a0790d0f-5e2b-4e7d-a7c3-c5aa7bcacd81,26.81,23.19,13.2,305.85,apparel,0,8722.55
438e3a74-73f2-48d3-99d3-db4adaec272c,38.4,32.21,7.94,1608.67,standard,0,9456.31
469ee218-f6b8-4dd2-b510-2b323e490cbf,14.77,9.39,19.69,1515.28,fragile_liquid,3,2895.52
d42a41ac-0537-480a-81d8-04748ee41519,47.29,25.59,1.84,406.65,standard,0,2206.55
a46a06cd-5153-4867-bf39-982ef1d161c7,20.33,37.34,7.31,244.52,apparel,0,4920.51
aafce338-66e3-4514-a8a0-f6fd7aecd227,28.28,38.02,1.45,185.09,apparel,0,1423.99
c04d03e0-910e-4864-875a-a9629e2ea3bf,42.45,21.49,16.73,2181.46,standard,0,14296.38
7a0a4f6d-36a1-4acd-8a22-4f2518254ada,48.09,21.72,8.58,1295.17,standard,1,9386.96
66cbdaa1-192d-4ca2-a6a9-557cc0d0abc3,17.65,12.83,9.78,1297.23,glass,3,1997.4
973f2f7b-3c20-43ed-a99f-5e2e98c825e0,8.7,8.75,22.13,865.9,fragile_liquid,2,1832.49
1a241b18-518a-4de2-824e-200fb5671327,9.69,9.32,26.83,1353.44,fragile_liquid,2,2237.73
b944f8de-e29f-4224-b5f5-396f5da2c61d,29.41,19.49,2.95,503.23,electronics,0,1678.45
e2607927-4d17-40e7-93ea-8fe5a3875ddd,4.68,10.02,10.06,10.0,standard,0,468.85
f96c6176-b0c7-40fe-8d51-c2155a516196,23.46,10.39,18.2,2451.06,fragile_liquid,2,4427.81
e1ff16ba-7883-4927-b0ac-5c01f936f3ca,11.11,14.95,19.34,1770.68,fragile_liquid,3,3021.89
aa8d1f8c-5f7b-4aef-be44-5b0aa3174ef5,37.28,29.43,7.18,2017.55,electronics,2,7861.05
f590c29a-d6bc-4ae4-9a2a-722235b27bf9,12.44,16.09,15.5,726.13,electronics,1,3090.64
49217229-2197-4781-9d81-344429b8e222,11.35,10.73,18.96,1201.88,fragile_liquid,2,2303.62
b30f70f7-c810-414d-8edb-e931d32ee9c9,26.13,25.68,8.23,1376.74,electronics,2,5274.55
8275878f-4517-4554-bc28-5a79bc3228b5,40.22,25.95,14.64,634.06,apparel,0,19660.43
e876c480-8636-4cf2-8f58-dc00136089e7,19.71,32.21,20.25,1920.67,standard,0,13590.86
09f60fc5-5bd9-478e-b9da-14444b65879d,33.56,4.84,27.05,581.79,standard,1,4270.32
840db862-62a2-401a-a78b-ba5da7168aee,31.07,24.19,8.86,1742.36,electronics,3,5788.11
a4c7f24d-45c3-42b5-8343-aba6fa83a3ff,23.45,31.19,15.3,1656.7,standard,1,13552.15
64cd9e3d-ea12-48b3-b2cc-c284b39bbd78,15.19,32.63,19.53,1376.14,standard,0,9500.98
128e20e9-0549-4fa9-acde-9e6725f36b1c,31.72,15.12,10.06,1148.38,electronics,1,4570.8
f40120e4-5000-4392-aec1-a389d5dcaeae,18.47,4.82,12.81,378.42,electronics,2,1271.19
fbc190ad-59e1-4b9a-9720-3c3a5a0b1afb,17.98,18.59,13.67,1114.78,electronics,3,4788.77
23fb6288-216f-4742-96d7-5ba3c833b212,37.49,32.94,8.25,357.05,apparel,0,9514.0
b8ab841f-bb39-4e4a-914a-5f7a6021bef8,29.17,25.64,5.72,1008.28,electronics,2,4284.81
7f4de64e-4a50-451b-a447-2dca1ac466ef,19.34,14.77,2.02,272.67,electronics,2,550.08
295f8093-64a7-45ac-a706-bde9b937c3c7,51.43,41.42,8.89,766.09,apparel,0,17384.64
1beeed42-ff7f-419d-a2da-0f02fe50b426,36.65,26.33,10.56,437.43,apparel,0,10478.85
333317c7-7126-496f-8b4b-1aa487635f3d,8.83,7.85,8.64,266.42,glass,1,647.75
b7f50d54-f5c7-4033-a5ec-b4f00618649a,31.32,29.49,12.76,3000.8,electronics,1,13045.16
f38a8290-3323-4992-9e80-74e3b0ae0f10,12.76,10.04,13.97,989.92,fragile_liquid,2,1850.74
89150848-2e32-48c0-802e-f347154027d9,27.56,26.45,2.16,352.33,electronics,2,1808.5
9e85f758-4566-451e-9f6d-1b00a39cd130,12.24,12.43,28.04,2365.79,fragile_liquid,3,3609.99
35d071fd-5875-47e3-953f-eb10e08e3035,33.13,34.26,14.35,2544.58,standard,0,16016.69
12eae56b-e370-425c-a2ff-e7981d075876,13.05,15.04,17.78,1925.3,fragile_liquid,2,3208.4
d6e2ad38-3c56-4115-b960-b726a38d338f,33.42,19.6,21.82,2065.5,standard,0,15050.01
1ff98762-54fd-4dd9-a602-e226ca889c22,16.09,17.66,19.06,3041.91,fragile_liquid,2,5816.81
ff2d2125-60fe-4fa3-80ea-9efacf6895c8,16.95,12.18,5.28,624.13,glass,3,1064.55
f6b5709f-8412-4774-8db6-effaf34d9c83,40.07,27.43,15.1,687.1,apparel,0,16040.37
b12e7c2b-714c-49e4-9819-8fbc520685a3,26.35,29.79,8.67,269.33,apparel,0,7417.95
59fdcdd2-59dc-47d9-b4e8-a444094fba6e,15.53,8.15,20.69,1393.95,fragile_liquid,3,2419.45
af9ace76-2ecc-41fa-8f6a-6da501dbb571,27.12,17.64,9.28,1151.63,electronics,1,4595.14
54ffb941-670a-499c-8966-8d91ac8cb464,26.8,27.44,7.3,1330.42,electronics,1,5625.71
f3996aba-5840-480a-b7f9-0556615608af,30.23,19.78,16.93,2524.95,electronics,3,9241.77
321d6e75-eb42-43fb-9de8-eca3cf1e7bb3,15.71,10.46,17.32,1541.55,fragile_liquid,3,3402.85
6826fc1f-7085-41a6-8b18-781a10437fe5,52.16,21.05,15.1,2396.37,standard,0,17110.33
bf180990-59ae-447c-ba64-57fc1c5e521d,31.65,28.45,5.91,192.38,apparel,0,5216.86
dea9497d-b062-4cad-8488-7ccdc1253023,15.76,20.39,7.35,504.61,electronics,1,1876.84
612e91de-8193-4c9e-a3a8-9d01c3fdf07d,7.68,12.54,20.97,1114.22,fragile_liquid,3,1730.75
bade4b6e-548c-48d6-b7a5-e8fb0d58a5de,48.19,44.75,3.67,245.71,apparel,0,7675.24
bb0fec1a-afc8-4c93-ab46-34bf1a6db5a0,51.44,25.59,15.4,860.0,apparel,0,18897.47
df44bd38-01c1-486c-8406-8a8641b8a332,14.89,5.26,10.91,440.62,glass,2,905.74
5df329c0-c919-43bc-806e-7ae80bf94f0b,22.82,12.24,9.81,425.4,standard,0,2700.83
1b09188b-a47b-4535-9934-98b41982f4e8,16.17,13.11,18.14,2213.59,fragile_liquid,2,4030.51
aa026f79-0c49-44ce-ade9-61e929d47d47,31.14,21.48,12.42,2083.57,electronics,2,9434.68
8a7943f7-83cd-47b3-9bb4-4fc1b8bcf764,35.07,36.21,5.27,285.55,apparel,0,6769.56
7aace96d-a5ec-400b-94a1-60efe510ec74,46.33,13.17,8.4,171.63,apparel,0,4964.43
f5e43093-be8e-471d-bdc5-bb4f94bd267d,57.71,31.44,1.0,111.64,apparel,0,1690.43
df44592f-c0d6-4d5c-9f2f-7e255e8704b9,42.59,23.21,12.36,465.47,apparel,0,13043.78
e5c310ad-6c5e-477c-be9a-bd9b805ca2f4,44.66,28.63,12.44,645.39,apparel,0,14534.36
c1165730-eedc-4a23-b286-d85d1f608e80,35.58,19.12,14.6,410.63,apparel,0,9361.32
591f0dcc-a29a-4379-b3b5-75b59f6a9ada,22.41,19.61,15.21,1648.03,electronics,1,5801.17
421616f1-0de5-4b42-9e84-3416582dff40,13.44,8.39,6.73,366.83,glass,2,679.94
3b0696ec-baf3-4fdc-9bd0-c5ab9cdd6223,9.3,9.35,7.86,395.83,glass,2,604.43
fd0c9013-6780-43a1-8671-6c812e2b1ea9,32.05,24.11,18.76,595.61,apparel,0,13779.98
45a9f072-1e82-4be9-bd77-7f2b20f600c7,14.24,15.11,13.59,1697.01,fragile_liquid,3,3348.77
179984c0-d1ab-4033-90c8-86617bdd062d,13.86,12.55,12.12,1190.34,fragile_liquid,2,2071.95
e8f4f36b-45e1-4ff9-ad61-48fb86c18cf7,9.11,15.34,18.42,262.87,standard,0,2683.28
7937c922-5e0a-4145-a36b-feb009942d38,17.61,23.6,4.73,561.64,electronics,0,1956.48
c197da28-9559-45e7-9150-f6fc33c7a7fd,22.51,18.33,13.67,907.22,standard,1,6107.48
dbc6f717-0cde-4a73-8e48-387e770b401b,26.56,22.49,13.39,1884.14,electronics,1,7763.81
3d20ac38-8f41-46a7-b98b-b51d51f48933,16.06,16.03,7.24,420.34,electronics,0,1832.85
bc590990-9c63-43e3-abcc-03daa0e42047,17.18,6.92,18.45,1136.3,fragile_liquid,2,2374.95
f9d3f592-9580-4050-9f2d-b1845333661c,15.92,27.13,15.93,315.3,apparel,0,7726.45
498546d4-f4ce-41de-9b9e-08171bf51b25,53.14,1.25,24.35,366.05,standard,0,1445.92
def95459-7926-4304-b830-8601103c4ee4,17.83,14.41,14.91,2071.16,fragile_liquid,3,2973.16
506f45f3-572e-4158-8562-b61a0ac45163,18.74,18.65,6.14,378.39,electronics,2,2737.52
672f9c00-71e3-40dd-92dc-13de5ab7788b,26.05,17.86,3.64,394.79,electronics,1,1339.28
db79f70d-57b4-445b-b71b-c05a329d7a7c,19.99,22.23,15.64,1157.37,standard,0,7929.38
557203b5-ad71-4f9c-8393-28809054b1c6,29.44,31.79,25.98,3728.08,standard,1,27973.4
0b5baf3f-3261-409d-bcab-9ca031b20b4d,11.98,5.66,10.05,462.66,glass,2,630.17
9bf89890-7c6a-4b86-b42c-d11e30c0a000,8.46,8.41,8.65,464.16,glass,2,563.2
034ffd06-7daa-4072-a8c2-896d504ce9c7,26.74,27.52,14.34,453.18,apparel,0,8150.26
537243af-5ab5-4533-9f4f-68c50ca3fbbe,14.7,16.73,9.77,650.2,electronics,3,2399.47
e0dfe9a3-7f96-4323-859b-9022000b5e8c,16.8,11.75,11.76,1247.57,fragile_liquid,3,2149.93
0731da75-a4a5-40b1-ba2c-962cea2e14a4,10.78,15.88,13.59,1315.35,fragile_liquid,2,2154.1
29a49790-11c5-445f-8684-1b78fbf33751,16.29,24.39,10.87,999.2,electronics,1,4670.91
e9045e7f-9cee-4592-b829-4911ff9b2d65,18.98,14.0,8.85,1452.71,glass,3,2400.54
3a876a78-9818-4c0f-ab80-fd6da90bcf82,37.27,14.29,20.99,451.76,apparel,0,12261.05
b46583f0-dc05-41e8-965c-855ee7598411,29.81,17.76,8.66,1212.57,electronics,2,5068.91
fa950bf1-4034-4ceb-9cbc-d83ddf38d273,31.81,23.93,21.38,2375.51,standard,0,15886.51
f951742a-cde1-4ad2-999c-af3833f97c13,44.02,38.86,15.54,1025.94,apparel,0,25085.95
581a0087-8e6a-4cdd-9909-4898a8fd63d6,23.31,21.33,13.03,1654.02,electronics,3,6799.52
1c6cd08f-d06d-479c-b2b7-cf2d0f427fef,32.09,36.16,4.1,192.53,apparel,0,4880.45
bf204700-586e-437d-9759-e88e83cfb2b3,42.36,23.04,23.7,3438.92,standard,0,24147.16
14267682-5d05-4582-a6b0-f11521a208b9,47.59,37.28,12.49,3410.88,standard,3,26174.41
d04ec674-e5e6-4c1e-bbbf-e328c8d5ace6,27.47,4.11,5.93,183.79,electronics,1,831.22
dc542e3b-40b2-437c-a0fb-6ee661cdefc7,9.39,8.58,16.19,701.73,fragile_liquid,2,1301.35
f0b2cd99-a145-4b2d-ac74-da2659dc7326,40.02,30.7,19.44,1001.46,apparel,0,21169.34
9f75bb59-cb9f-49ef-a292-6fa8cb5d6311,1.0,26.74,20.05,89.71,standard,0,451.41
256ebd40-e014-4d58-8b99-b175a454f0c3,21.3,46.34,13.69,1938.96,standard,0,17159.0
87374844-b30a-4d1d-ba01-829a814f8a5c,14.66,11.43,7.39,676.44,glass,2,987.72
db3b6cb7-76c6-4761-a30d-0163b95f78bb,8.52,10.89,15.56,803.25,fragile_liquid,1,1344.63
a984c789-a5c0-4162-a9b7-0de266d634c0,33.0,27.16,15.08,2000.31,standard,1,14592.24
d49a1d7f-11d9-4b20-9f6d-f8c2c6d2067e,21.63,24.25,21.65,1676.71,standard,0,9750.3
bdc351a3-62da-441b-afa1-834ae3776a8c,10.58,7.16,6.41,236.21,glass,3,504.24
3af61341-4d9e-4117-8ca5-4457f6002878,30.93,20.77,3.91,540.85,electronics,0,2621.1
2f37b66c-db4d-42e0-b175-1a1889349c18,10.65,11.65,10.61,852.98,glass,3,1469.13
59738acc-c81c-48b1-9759-1ce404de1eb2,19.34,13.84,9.07,642.27,electronics,1,2050.65
07868fd7-27de-4c55-aba3-45b0a198e5a5,20.29,31.45,17.13,2773.62,electronics,0,11401.64
3b4d02b1-64af-4114-a466-8d74d6eab97b,16.54,19.77,6.95,610.62,electronics,1,2335.64
dfd95129-3d41-4f34-a8ca-9cbd7e420194,26.97,24.47,9.63,944.75,standard,0,6858.18
25cb5a10-a393-4b00-b36a-f6a38a01c5a7,37.74,19.05,4.29,632.04,electronics,1,3185.06
69ba7df4-fe75-48ce-9415-92e5d85a0999,12.65,27.03,4.2,282.2,standard,0,1722.64
eb16be40-6858-40d9-8509-01835c085c13,10.94,8.79,8.65,450.36,glass,1,740.93
f4f51e24-d545-498e-a902-d3758d222a7f,11.06,12.59,21.68,1646.11,fragile_liquid,2,2910.33
36ece1a6-6cb7-422a-b8a0-ed15b5af0fe3,42.58,24.93,26.98,1136.21,apparel,0,26102.18
154a721e-ce3d-4ce9-a5bc-cb58e215d1f9,39.34,25.21,13.49,3396.19,electronics,1,14182.6
3fdd4d1a-e3b3-485a-8225-aefc633b03d8,37.95,32.07,13.62,624.56,apparel,0,13830.1
b542ba23-b00a-4e1e-a42e-1b14c4cf8f86,32.39,11.14,12.57,583.83,standard,1,4218.18
1b76b72b-9e7e-4e8e-a9c0-8c8e7bb105e8,42.13,28.7,17.67,3180.51,standard,1,20251.65
4240cab2-2c80-4bd6-8bbd-603f1fe5fd48,14.89,12.4,9.59,574.88,electronics,1,1925.21
2a026730-98ed-4c07-970c-f292816d1faf,9.86,9.25,9.13,478.23,glass,2,734.43
867ae99a-959b-41dc-936e-ce5755328666,20.97,11.48,5.2,140.52,electronics,1,1220.48
a0961dc2-1114-4cd2-8cbb-86865c57414c,14.86,7.5,4.12,292.06,glass,2,402.86
d8d7e580-1f7d-42e6-8467-3b887a4b9927,39.51,14.42,11.31,1628.04,electronics,1,7363.77
564019cd-b68a-4b11-adaf-6e7fc38c86c9,17.8,15.48,10.65,402.17,standard,1,2600.23
0fa0b554-c983-408c-a241-d69105f0087a,47.64,28.72,17.12,922.74,apparel,0,21580.63
f75a9b37-a202-4ee4-a6b3-7c0d3b669f69,28.28,32.07,14.52,1980.02,standard,0,12020.31
b75470b9-ed2f-4260-a4d5-6c25dea0f6e3,35.47,25.05,4.61,549.9,standard,0,4394.97
ee1ca2c5-4705-4929-8a02-7c709971b46f,34.28,36.85,10.67,547.12,apparel,0,16277.71
d23611c5-7e7e-412b-98a0-345a39e81c32,24.14,29.81,10.35,1115.57,standard,0,6992.94
8a96a9d3-7517-454e-a485-656972b00cad,49.85,17.17,18.01,2245.98,standard,0,14205.45
8c83a389-ac12-44e5-ba61-7aa25c0e25cb,33.78,29.35,12.83,501.28,apparel,0,13732.29
98337d64-6f5c-4412-8676-aa0da6e66b85,34.47,29.61,8.13,306.94,apparel,0,8555.6
3046e272-c261-4a6e-8884-8f7b50e0c13e,8.79,9.67,23.45,1170.41,fragile_liquid,3,1935.92
aee49968-f290-4443-9d5a-ebe0d1428e8e,29.64,13.7,1.0,123.78,electronics,3,377.0
95023d47-2c60-4c3f-b13e-f22efe358223,6.19,10.81,7.75,242.59,glass,1,449.01
656c8d3e-0839-429d-94d5-074ea7a0feb8,21.43,19.99,13.18,921.42,standard,0,5549.46
5aacb564-da7a-48eb-8b25-4431b175f5b9,45.65,30.4,10.47,585.73,apparel,0,13436.82
190b34bf-c922-4c2e-bf50-f19b967535da,3.59,14.64,18.91,656.35,fragile_liquid,3,921.73
2624069b-b9e5-43a3-9369-87875821cae5,18.72,11.01,22.06,2371.99,fragile_liquid,1,4677.93
e44c9e5f-30dd-4b4f-a742-9040350a7845,16.43,11.65,6.17,709.47,glass,2,1181.46
fbfb2ff4-b9b2-46c0-a776-83612a2c45f6,23.6,5.5,14.87,469.3,electronics,1,2182.29
2cc6e290-a4c7-4d51-a161-6479fa1e3336,25.07,31.06,8.02,1030.69,standard,1,6119.89
b624053e-b238-4a82-b548-c0cc4c5159a4,36.45,30.79,10.39,462.17,apparel,0,11572.88
13121454-b47d-446d-a02e-4de753a861f4,11.95,9.97,25.72,1741.03,fragile_liquid,2,3079.92
fb5ac475-3535-433c-8ea0-7ca4e3759ee0,22.97,24.96,10.4,240.04,apparel,0,6502.13
1f7328e0-b849-4cf0-ab16-5f09a8d46448,32.35,36.81,19.91,3424.01,standard,0,29522.09
78a43cec-d4aa-46da-b849-94616cd610b1,17.46,11.51,17.76,797.95,electronics,2,3727.51
7cdaa091-e52d-48c7-8204-1422f7fecdca,21.1,41.82,8.28,1049.65,standard,1,6771.98
31cd3a54-7bca-44e2-8da0-4979aba0cc8c,20.14,36.44,19.69,554.96,apparel,0,13766.37
f3d7e804-fe7e-4a51-94a6-84d4d71d8fac,7.03,13.03,19.03,1013.98,fragile_liquid,3,1388.4
b7ad2da2-ed9e-4aea-932d-a6eb5632b653,7.63,8.55,6.19,207.81,glass,2,355.4
326cc224-5c0c-4dda-97aa-478d6d7bc695,51.09,25.4,9.47,433.69,apparel,0,11975.13
0ad75226-35e8-4a0e-9169-3f9826e95bb3,41.21,15.44,13.22,316.54,apparel,0,8598.34
8300a476-fa91-4bb6-b72a-952f587daf74,41.76,24.64,20.44,3256.41,standard,0,21036.84
0d3bde8c-657e-4a2a-92b2-f0751faf7f53,11.36,20.96,11.04,648.09,electronics,1,2707.15
34b530a6-1351-4034-82bf-650ff7156fbe,34.95,15.36,15.2,314.3,apparel,0,8574.3
9a07c992-c796-4ccf-b6e8-e3aabf114ef1,9.46,8.77,7.36,328.51,glass,1,582.21
196813a1-9ed7-41e4-a30d-26176934005e,14.95,5.6,7.47,378.9,glass,2,603.45
530a15cc-ad63-4cee-98d2-f85c1ea383e4,26.59,33.04,8.18,314.4,apparel,0,6013.03
6981d367-6d4f-4305-a83c-b9348b7d2041,30.37,7.09,7.08,344.49,electronics,1,1451.03
0f4499c0-2ea9-4b8f-ab11-33e0243c2486,12.27,19.53,5.66,265.73,electronics,3,1428.68
2480cf87-62cd-4841-99f5-416fb74be9e7,28.1,18.73,13.04,1826.28,electronics,1,6172.73
c4550489-2f32-429a-b5ab-85a276ef03ee,12.98,9.94,10.46,792.56,glass,3,1400.32
dd785c79-930d-488f-ad88-b2a990237d53,19.8,10.53,15.67,1828.46,fragile_liquid,3,3358.14
30e4f7c2-3adc-4983-b3c3-f0919d0e5276,47.4,7.16,24.81,1385.15,standard,0,8641.17
c89d6566-08d1-41d9-845f-5c88574bd6d0,26.66,33.75,20.66,2735.27,standard,0,19373.2
e7c5b4f7-e02c-4973-9796-20a63964d3f0,16.23,9.25,19.53,1629.73,fragile_liquid,3,3124.49
7d6aae26-75ed-4d14-a648-e3855b0d2aef,34.14,26.15,7.41,265.92,apparel,0,7956.02
a091566e-7d84-4843-b63d-1c9758785531,24.92,19.09,6.07,706.33,electronics,2,2659.79
5ebdae31-bc47-4bab-8e95-16f77dc2246f,11.11,19.24,21.99,2562.52,fragile_liquid,3,5127.14
6b0f5f4f-31b6-460e-a74d-224d63ef0e6b,21.68,15.81,8.79,786.7,electronics,3,3275.39
36dc6157-6537-488a-a68a-de0f1dbd0853,5.16,10.21,9.87,379.71,glass,3,489.6
eac37e83-fcf5-4999-902f-a991b971663c,40.07,15.62,13.05,1258.39,standard,0,7076.04
3079bf9d-625d-468f-95bf-d8bd643e774b,20.13,21.77,13.21,1465.88,electronics,2,5906.34
c4606c49-683a-439a-940e-9787cdbdcadc,8.35,12.03,14.5,729.24,fragile_liquid,2,1624.97
ec2fdde2-0e8a-44c5-92b2-03d6f3639423,27.89,12.83,13.12,189.82,apparel,0,5298.72
4e1fe462-d53b-42de-bd8a-858462615ff6,37.85,18.25,19.82,2079.34,standard,0,12624.37
952d35fa-0be9-43ec-a8ae-27c6d6c4658c,37.94,14.66,12.05,1634.64,electronics,1,6852.82
cd459d73-4ee9-43f6-a0b5-f66534626197,12.18,17.3,11.1,593.66,electronics,1,2707.47
b8711889-8edc-4f22-acf9-6648e4c930b5,34.21,24.51,13.99,2926.32,electronics,1,10697.18
4f1a6a17-384d-4a13-8a3e-04f1a844c5df,37.98,17.7,5.34,874.62,electronics,1,3226.67
7ba3adf0-fd11-4392-b595-2006b1503bc5,22.59,29.57,7.92,1336.99,electronics,1,4902.12
99f6966b-c271-41f6-9a62-389acb8b8905,39.1,21.36,19.99,737.25,apparel,0,14845.14
0d94e7f5-61e8-40fc-ae09-ffd55903f716,19.21,13.32,14.82,2142.4,fragile_liquid,2,3440.54
1dddd7ac-8d3f-4387-af17-a8a1a11c3259,35.48,21.39,9.69,1925.52,electronics,1,5596.63
2c70ad4e-ff0f-40bd-b3e8-414f58cd9eb5,40.27,17.48,1.0,27.21,apparel,0,690.82
7a0ebb21-dc5b-4210-8b6c-88d878ca29b1,32.9,18.43,18.03,1790.53,standard,0,11297.56
99a81f41-3827-4fe4-a4f8-d25fca007825,22.94,24.75,14.72,2120.67,electronics,2,7692.95
7644c3c9-10af-47f7-9f76-d7ef378a6780,37.91,33.12,12.4,643.99,apparel,0,16840.51
dc90426d-3e0b-4992-a4e5-2f427efa897b,37.04,29.32,18.83,829.39,apparel,0,21346.44
abd9eb12-1cdb-465c-8ea6-8e094b609d43,17.25,18.35,9.3,753.84,electronics,0,3061.19
13a60816-d8f4-4edf-9377-184394e96ad2,9.99,10.55,7.51,373.73,glass,2,820.78
6327f6c5-5e35-4f93-8169-241f04c945ed,51.76,32.54,14.31,952.91,apparel,0,27463.14
ef5fd513-7099-4a26-9cb2-7bc02fd30349,14.5,15.42,18.21,2251.24,fragile_liquid,2,4037.42
a7b7d7d3-cbc8-4cc8-8bd5-06d291b39408,9.74,8.77,7.58,374.57,glass,2,687.66
78a8af5a-dcd9-4c96-a499-de5088b0c4f1,7.51,15.54,9.19,599.05,glass,2,1312.04
b88609d3-2b10-49b0-a65f-002490864970,31.3,26.71,7.7,1641.81,electronics,2,7065.95
63ff32e8-440d-4d8b-a261-36158bc57bd4,54.43,31.66,17.7,1232.31,apparel,0,27530.09
bcd2202e-0dc1-4b64-ac3d-3dff6cd8781c,27.81,16.52,12.53,1264.55,electronics,2,6036.01
2c59cfc4-6959-408d-9a57-8cbbb5012f6e,27.13,23.85,3.26,272.87,standard,1,2438.4
61a78f44-d983-44a6-99eb-7a8d334def70,41.43,22.44,11.81,446.01,apparel,0,10017.85
f68583a9-4f13-43fd-9900-a82e1e83cd9c,19.27,16.76,9.41,622.36,electronics,0,3005.71
bce9b6ad-9ddf-4a04-8d2f-ff03b416089f,12.85,10.38,8.46,678.96,glass,2,1252.69
1fda9a4b-7b22-4b34-912a-adbf44a86884,38.81,30.68,7.02,322.77,apparel,0,6864.85
241baa9f-e18d-42b7-a999-9ca0c4673229,20.28,42.39,21.8,2832.92,standard,2,17986.84
bb31094e-976a-4f7d-be70-e1f95def65e1,19.61,12.82,15.04,940.87,electronics,3,4574.53
37c9eac0-836d-4771-965b-06e3993cb6df,18.87,21.6,16.86,1077.02,standard,0,7603.15
833a27b7-4dc7-4349-ad79-080047a4cb7f,28.2,12.81,16.62,1470.33,electronics,3,5932.69
c88ef4d9-1f66-43bf-9742-d8afc49ae93f,11.82,3.79,12.16,267.74,electronics,1,492.42
e6d7ddec-c77b-4fb5-9ffc-5df9bcdf4773,32.8,3.56,7.09,143.92,standard,0,958.67
e4c6e0a3-e011-47a4-8227-f36262d11784,19.91,1.0,6.03,102.11,electronics,2,132.59
7a12d8af-5898-474a-a674-ff88ea3b8f89,11.2,17.48,4.36,282.98,electronics,1,835.02
83fee0d9-22ff-4277-90a0-68951540e881,24.07,25.71,15.15,1265.31,standard,0,9789.33
14d140e2-d27c-474d-873d-e4828b58fac5,42.06,11.75,12.05,1472.82,electronics,2,6401.23
aa291288-3c07-4886-8efc-ee09ebb3eb8d,19.59,26.15,9.56,1282.69,electronics,2,5277.81
748ae3f3-b1c4-4bf2-b955-cd42349b56bf,36.9,30.24,13.73,601.02,apparel,0,15028.33
3f107b1c-c49d-4f8f-a438-e760801e2225,25.05,21.93,10.61,952.89,standard,0,6844.84
3321854b-7ae5-4f17-9182-720bfcd4eeff,11.91,10.97,14.41,1047.26,fragile_liquid,3,1840.16
e87fac5c-7cac-4644-861c-8dcab88e6dc9,20.77,13.82,16.16,785.25,standard,0,4842.4
74275920-baee-40c3-993c-117ed27e2412,28.82,29.14,14.59,3091.63,electronics,3,11725.83
290faf72-7a5a-4651-ab9b-f805e285fca4,53.7,23.31,10.36,514.07,apparel,3,13563.34
8ae2d024-e766-4824-9591-747a8529874a,21.87,25.44,7.55,156.99,apparel,0,4519.3
7db957f5-37c5-4c9f-8b03-f97ba96e088e,20.55,32.31,25.66,2641.75,standard,0,17409.44
462a7f7d-252a-44e2-ab41-ee67e74996e7,44.5,11.47,13.26,936.5,standard,1,7453.03
9f6d8aee-a09d-4c28-b89c-29e09f4a01aa,10.69,5.65,5.9,159.96,glass,2,346.82
720042e4-4512-4600-a6a2-faf9c5b31b1e,13.11,8.21,6.74,475.62,glass,3,799.69
9d950d4b-325d-4e6b-b284-6b0c6a519a43,34.36,20.13,11.5,2019.83,electronics,1,8438.29
53c46aa4-e69e-491e-8f21-eff63a46a52a,37.0,32.59,9.08,399.39,apparel,0,10930.05
73b340b8-e4af-4b95-a86f-5a253741a062,14.75,14.2,25.61,2968.57,fragile_liquid,1,4720.89
90b93592-10a4-471f-a126-63b786d47d20,22.04,25.0,13.3,283.17,apparel,3,7481.43
7a61cf14-a7c8-42a1-a2ec-d497032882d0,10.08,8.43,5.72,373.05,glass,3,517.8
cc402eaf-6d99-46dc-a2bf-2df778b1b4d0,28.98,21.72,12.61,1148.02,standard,0,8639.88
b54faaa2-0b9f-4387-a75a-2ac611bc55e7,20.52,16.55,10.29,912.13,electronics,1,3543.64
3c97302e-2592-487a-846c-d13cbc3588cf,16.63,28.77,6.24,670.96,electronics,2,3432.58
0e97c3e0-3e3e-49e9-a188-31500e5722e9,15.93,11.64,19.61,2057.2,fragile_liquid,3,3606.91
75e5133e-e947-486e-87b3-28bf5a26b735,32.16,19.11,13.0,2034.0,electronics,2,8362.1
a1dfa4d8-d259-4d02-9cc3-1fd15ff9620e,18.06,23.35,5.29,64.84,apparel,0,2063.21
a0777c8c-ac21-45d4-9b02-69f17074fb69,39.1,31.14,13.5,648.33,apparel,0,17196.8
7edbcb78-50f5-4a4d-9528-5f645ef57223,26.24,22.9,6.17,985.41,electronics,1,3653.32
c08c20d9-1843-43db-b4cf-44f8d67c1e9e,44.25,30.22,12.34,650.18,apparel,0,18920.02
cc15ab8d-5c5c-486d-8677-8ff62079dc9d,29.54,23.67,29.01,3080.96,standard,0,21811.4
678a0930-343a-4267-8a16-9ea8ad6d984d,20.0,31.57,13.32,2075.96,electronics,1,8025.47
9f31e59d-9328-4574-ac77-d785e3d928b3,12.98,8.47,24.08,1409.17,fragile_liquid,1,2482.64
f7745aee-f31c-4db2-9ef1-367e6a383f98,8.99,9.61,9.03,415.45,glass,3,763.8
09d288a5-9ec5-4142-b097-66b23713aeaf,25.24,17.28,12.25,1345.16,electronics,1,6297.86
29d154ac-e1f2-4106-bd3b-12875fb1b548,13.91,9.51,9.18,755.48,glass,3,1382.77
4bf228ee-c72d-4661-9231-b03dc80f7a49,49.92,25.37,8.49,433.44,apparel,0,9858.38
8f2ab66c-1153-437b-ba0b-c5b1025a3df3,40.91,39.88,19.86,1289.77,apparel,0,29445.69
f111c334-acbb-4f60-a4ce-ee537a89b0b3,38.03,4.6,8.51,288.04,standard,0,1549.14
5a3cee56-75e0-466d-a048-de05a1127d2e,11.43,6.03,6.31,283.22,glass,2,392.98
5652ada3-7339-466b-8b0e-63ddd0b5765b,19.08,19.79,14.19,776.53,standard,0,4642.35
23a593cf-852b-4528-ac47-684238a8c9e8,11.49,15.27,9.58,974.18,glass,1,1454.01
2b99bbff-9d1e-47c9-9e8c-ae2badf759be,10.32,10.75,8.2,479.12,glass,3,806.74
5ce8d79e-6257-47f4-ae85-88baa46dffbb,28.39,22.11,16.11,1516.08,standard,1,9969.85
573cf2ca-9f6a-4296-af16-b3a8de49d22c,8.46,11.49,14.87,775.29,fragile_liquid,3,1425.26
4a02d877-327e-4d9e-8286-48c6cb4ccbad,14.5,20.91,15.85,144.64,apparel,0,4900.96
d31aac28-2fdf-453a-afeb-be457a7db0e8,34.44,39.56,17.24,874.87,apparel,0,17543.44
ec68b7b5-5b56-4b0c-8a46-76567e61d8bc,20.75,25.05,16.06,1276.8,standard,0,8973.98
308991e7-a4f8-4638-8ecc-74a8b0d2b585,20.82,22.92,13.58,1091.76,standard,0,5802.36
630ca798-30dd-4945-8fda-d79afb16f492,33.39,17.84,3.36,534.31,electronics,1,2197.3
a9dd8085-2c0d-4820-af3c-d528f57a12d6,14.08,23.08,28.39,1349.47,standard,0,9690.4
5a99351c-fc24-49a7-a4ab-d03bf71f43a7,34.1,49.53,25.51,6630.3,standard,0,34312.48
8f2c055f-4733-4dac-a59b-3760156c2fb6,33.54,12.61,11.56,242.17,apparel,1,5112.06
00a67be0-cbcc-4fee-9521-62de3ab95c1b,19.53,14.55,7.32,101.03,apparel,0,1772.73
4ff02bdb-4105-4aef-b6b3-c4958dc89bfe,14.54,10.58,8.84,805.78,glass,1,1248.66
54e32cd7-3c8b-40a8-992a-1deb70b1fd89,37.81,29.93,13.81,637.82,apparel,0,16450.44
1789f4f4-8d19-48cb-ab6b-aa6000d324b9,33.2,16.28,8.66,201.98,apparel,0,4306.63
9562470f-5c28-4a91-9cf4-cf9ac5a56e19,45.67,37.26,10.61,732.45,apparel,0,15645.73
523911f4-0c6b-43f8-ba73-c8acc85581d6,31.59,17.75,18.3,2727.2,electronics,1,10678.24
bdeb5d34-ac95-4a7a-83b8-c7e5fbc303a5,13.99,14.02,13.16,1500.51,fragile_liquid,1,2176.66
71ca12b3-bb9f-46c4-9756-4a99427b873a,22.26,22.94,3.88,259.19,standard,1,2108.3
c390b836-9ad3-40ed-a088-6a4755a01eae,29.74,4.09,12.85,189.53,standard,0,1027.84
bfae3ac0-2c81-4c28-ac5d-f06fc44ef41c,16.92,25.99,6.06,697.08,electronics,0,2677.37
cd7b4102-ddef-40b6-be26-e65666399894,13.69,10.33,18.92,1510.26,fragile_liquid,3,2617.71
03b37f45-b8c3-4322-9e91-c23ba21257f0,28.24,15.37,17.45,1086.94,standard,0,7600.37
b0e56ec4-ce60-4aa1-83dd-839d391d71dd,44.78,34.13,14.85,876.34,apparel,0,25243.32
2b2488a9-debe-4218-a6dd-8bb4b30aa9bd,25.59,23.52,28.71,2529.34,standard,0,16347.39
505fdf2b-b0c6-4967-88d9-6b4cf5ccb701,33.37,25.13,12.11,417.25,apparel,0,9308.47
67847fa0-aafb-44df-a890-e16bac7b5808,55.26,20.95,8.04,358.36,apparel,0,8935.3
fe65fb99-3d98-40c2-a439-0e06fc4d05e8,10.33,21.28,12.77,712.3,electronics,0,2246.63
2c4714ea-ee96-4bbe-93c7-b890f8150166,13.16,11.51,6.63,515.17,glass,3,1058.7
8abe8e9b-d153-482f-a9fb-179e4231c11d,20.3,31.59,4.58,98.04,apparel,1,2441.91
86285a92-6c87-459e-8177-2bc5156850ae,23.02,12.82,20.94,3401.75,fragile_liquid,3,6098.94
d750d941-f486-4d64-8361-950945cb5659,28.99,10.02,7.2,659.65,electronics,2,2108.47
649740bc-353e-4900-ac46-48b53394554b,8.63,11.28,20.95,1146.79,fragile_liquid,3,1758.49
8368490e-c120-4773-84b0-cb7e0edb0d75,15.59,17.47,18.6,2851.33,fragile_liquid,1,6114.56
b8985e91-cc58-49aa-be3a-2cb1f415c668,12.87,12.05,10.47,1032.42,glass,2,1646.02
9764a29f-9e86-488f-a2af-6665d966072d,17.28,17.19,11.11,931.47,electronics,1,3461.12
ef8779a4-85b0-496c-bc8e-85ac3313b74a,6.95,9.02,10.36,421.84,glass,3,615.57
123bcd45-fa5e-4807-916b-504b9325cc79,13.62,12.84,12.68,1221.12,fragile_liquid,1,2177.98
dd2e8ef2-ccb6-420a-858c-d921eaa093ad,36.91,28.45,14.67,620.24,apparel,0,12521.76
f6b1d0fd-6967-471b-8adc-d086eaeefea7,21.86,10.32,25.89,3289.94,fragile_liquid,2,6506.8
b0344325-bcd8-4ef8-aef2-ea87fb658e47,48.72,20.77,7.87,270.08,apparel,0,7634.15
fa6d2393-c07b-4dfc-ae41-b8dbc4287b09,31.44,33.11,7.34,346.52,apparel,0,7600.37
9ed13563-68d7-499e-812d-9fb3f7110a43,25.8,15.55,10.9,1211.18,electronics,1,4045.45
3f193acd-12ac-4840-a571-d876e55418b9,17.54,11.14,20.73,2150.31,fragile_liquid,2,3803.58
4d9e4cc4-19ac-4162-8921-25b6415fdd88,1.0,17.35,10.13,63.35,electronics,1,163.82
d46ad359-20cb-4b99-849e-d9e723a605a0,9.94,9.86,8.7,373.15,glass,3,836.64
9c18fe61-322a-48e8-8a72-b222f5bfdaaa,11.35,8.2,10.31,563.32,glass,2,979.63
67c64ccf-17ad-48ac-91ee-0cef57bd197c,17.66,12.67,8.4,101.79,apparel,0,2095.43
3758e37c-4fb0-4f32-a21e-fa351d1fb7ea,12.25,10.51,16.93,1247.56,fragile_liquid,3,2179.84
536db153-2d02-44ec-9fef-18614259d1de,59.05,22.87,19.18,3890.87,standard,0,26454.3
fbf48d26-e98a-4900-8639-63c28d81e6f2,17.18,9.69,13.24,1228.35,fragile_liquid,3,2134.06
e10bfef5-3b45-46ff-a61d-915a8660a192,15.2,5.55,22.69,1178.15,fragile_liquid,3,2338.28
7ddde3c5-6b95-4b4c-9f13-83030b2f07a6,29.2,25.54,19.92,3680.55,electronics,2,15302.52
d5e2291a-f2ee-407b-89ce-5f2f66c62310,10.86,15.47,20.55,1906.12,fragile_liquid,3,3570.54
998cdb98-eb06-4110-97bf-ca040b0da72a,15.09,16.97,15.46,611.01,standard,0,4558.65
6a1d5e0c-e033-4bbc-aa41-db3174cb054b,46.39,19.22,19.91,2664.5,standard,1,19890.11
4f605fcc-5876-48c0-989c-177616eea851,29.67,17.55,22.13,468.33,apparel,0,9696.1
1cb2e9fa-0673-42d8-8ea7-02c0903a6e18,9.28,14.82,14.36,1096.58,fragile_liquid,2,2032.94
516f2d06-cbb0-4f09-b521-70f167cd522b,17.87,17.52,20.8,3569.76,fragile_liquid,3,6639.07
d708f983-b898-487a-a0b6-b9b4842cb908,10.4,9.92,6.7,427.2,glass,2,752.8
113a9890-dcab-49c0-aa5c-96fa1bfeb3cd,16.48,15.35,5.9,427.03,electronics,2,1725.42
3fb8bbb1-5c15-45f1-81ce-0bd7462710f0,19.64,13.62,22.0,3185.43,fragile_liquid,1,5440.48
62480e12-44a9-40c1-89b1-a843c6a520a4,15.81,14.57,11.32,1509.1,fragile_liquid,1,2482.99
97b17b5d-7342-439c-9c64-7c77d14dcf3d,16.44,7.36,24.22,1641.11,fragile_liquid,1,2893.64
d041d726-9840-4ab1-9d9e-0d82bb1522bd,13.32,23.91,28.88,1304.56,standard,1,8096.06
368e78bc-7667-44f7-a2bb-d5e59380d913,42.4,19.5,14.88,486.88,apparel,0,13198.86
04c67067-fa73-43d8-b29d-85bb66796e1d,36.45,11.07,14.11,1491.52,electronics,2,4790.27
9744ce8d-f997-48c4-b0ef-aaeb1b5cc2e0,30.42,8.17,7.72,345.06,electronics,1,1963.54
4c00e22e-a38d-42aa-b8f3-921ac129fb17,6.12,23.41,8.1,40.02,apparel,0,1097.69
392ba216-bfa6-4dcf-b954-90563dabd3b1,12.68,9.32,7.02,558.85,glass,2,687.83
45369bb1-6b9d-438f-952d-e45ca476eb95,35.53,18.95,7.5,1193.97,electronics,1,4197.07
675b8771-7f11-4e7e-b366-46241aeb9e5b,49.26,41.31,5.82,471.66,apparel,0,13184.77
d5dbd0f5-d728-4d95-877a-4f8b27b0d2f9,22.13,25.61,6.6,225.92,apparel,0,3631.33
dc12294a-eae1-4fa5-b841-dc6d9f982901,13.23,8.37,15.8,910.25,fragile_liquid,2,1395.78
9048aa22-132c-4149-a3d3-fcc4ab4f1959,8.67,6.17,8.65,243.92,glass,3,499.01
c35e8069-783f-4b3e-8f30-5379c86aee4d,31.52,15.1,10.93,1279.27,electronics,1,5084.46
04c6d41f-e3f8-4e29-98f0-5cc837006241,1.0,19.77,9.62,11.46,electronics,1,191.91
d20c8429-c27f-49f7-82dc-6412ba309680,13.13,27.53,17.88,290.64,apparel,0,7080.52
e9655766-b0ab-44a7-8e57-81135de6c416,2.77,24.74,14.14,182.64,standard,0,1044.31
acfd9b70-a8e3-44bf-b737-595fae1c1768,11.01,7.73,9.96,525.79,glass,2,846.09
6961208e-774d-4846-9d48-d8b1a4d34451,42.63,29.58,4.96,1006.78,standard,2,5920.17
bc52dafc-bea1-4fa1-95d3-d84a170b0c1c,13.69,13.86,7.92,976.34,glass,2,1483.56
e1b41199-7c2c-4852-8c0b-bf8ee2470aba,42.57,14.46,15.46,403.58,apparel,0,9660.79
14f60563-487d-4fb0-88ac-e2a35868386f,7.18,5.26,11.54,262.96,glass,3,398.16
56414222-c3ee-41b4-9a5c-9edbaa3ccbad,58.49,15.24,17.07,623.19,apparel,1,13660.27
0f7ecbb0-c9d6-4379-b02a-854b40eef5fb,18.98,5.43,6.78,397.24,glass,2,709.12
14b75d20-3d4f-48cf-b105-8f7f3b2cc045,33.76,14.06,15.92,2008.78,electronics,1,8040.14
4fb0ce44-f220-42ba-8216-4ac4b5c550e9,20.84,22.81,22.87,445.0,apparel,0,11278.94
fcb56adb-f112-4fae-a21d-bf61fbebafcd,28.71,18.43,13.62,1102.15,standard,0,6392.41
5e77ed18-6396-4b6f-9b28-91baf58526bd,18.19,5.3,16.71,884.51,fragile_liquid,3,1513.62
5f69bacb-36c7-4c9d-b979-8d32fef9927b,12.69,10.69,17.28,1186.99,fragile_liquid,2,2316.44
ea1331bb-21ec-4f48-9e08-4da3cb6c81a5,14.05,27.05,18.52,1021.2,standard,0,8188.29
93b5099c-59b9-4a6d-9d6d-75bcc8dfac64,17.16,34.62,16.76,1396.4,standard,0,8899.48
e5423af1-f6ec-4944-a3e7-a0ef67489ea9,22.96,14.68,1.0,56.06,apparel,0,327.66
a9bd8482-bee1-436c-bd43-07acb3927a73,23.7,26.27,16.26,429.02,apparel,0,9969.96
75e3121d-dc24-4f99-8cc6-6f7c2a1f09bd,20.43,27.17,15.32,2204.55,electronics,1,9030.65
7dd30098-6900-40e0-80d3-2c74a5faa4da,11.99,12.71,7.66,688.75,glass,1,1136.29
d1d1ce6a-b9aa-4e2f-b0dc-8bacd55ba799,41.55,29.9,5.35,241.54,apparel,0,6437.77
88354040-3c25-4e19-92e0-b7379d5d5d4d,39.21,19.91,4.49,122.61,apparel,0,3915.76
37c230f3-29f8-42c5-ae6e-78521c273c59,22.73,29.48,11.55,1162.35,standard,1,7699.6
3ebc9ff4-d45c-4418-bec1-4f1a2b97343e,22.48,35.6,24.0,2919.4,standard,1,17499.3
166c9160-f4f6-4174-9d92-4eea695f9302,34.61,15.98,8.03,1181.8,electronics,3,4139.29
b150a454-095b-41b9-8b18-7c5584d4a543,42.17,22.16,6.23,279.97,apparel,0,5288.75
88894f58-bf8a-4aa4-bfbf-cfbc09d8da04,23.71,16.11,15.7,1563.5,electronics,1,5967.25
38487665-83f2-4064-ba88-c90f847151a1,9.56,6.27,7.2,257.01,glass,3,473.05
bdb14243-0a6b-43ba-befa-093e19c18f5b,34.95,22.16,19.23,604.73,apparel,0,14154.83
e0bd9d70-8cc4-43eb-a735-607fc9c57701,47.41,35.71,14.46,980.33,apparel,0,25828.05
44dd6441-df1a-4d55-b138-dc8783168669,15.87,13.02,6.78,722.94,glass,3,1752.0
cf307458-e4b2-4c03-ad5a-ab970fe82614,32.47,13.45,13.98,1536.78,electronics,1,6248.01
67667295-f722-448d-8734-d06300356075,21.27,21.15,4.11,379.85,electronics,0,2084.11
32fa1c21-b35a-4ee8-a117-bc25b5bf991d,32.86,24.38,9.77,1190.08,standard,0,8192.12
851a8084-c56d-4796-a936-b07d244a3bf8,12.49,7.96,12.94,787.79,glass,3,1306.45
e05d1dea-3a5d-432e-bba3-e4de83f5027c,18.9,6.69,19.89,1365.27,fragile_liquid,2,2627.99
938a6673-2553-477e-8268-a9705c68adb1,18.86,7.47,16.95,1314.23,fragile_liquid,3,2436.3
e1504404-6949-4f1d-bef9-95b0cf45926b,10.12,11.93,10.92,783.76,glass,3,1346.92
5df97022-2e8b-4901-812a-8c983c5252f0,43.02,22.24,11.84,460.46,apparel,0,10041.23
864b445f-e999-4ffe-bf7d-6ffb05a0615c,24.69,33.46,6.7,219.0,apparel,0,5176.51
ab183cad-f37d-4742-818b-4ee0584834df,42.45,18.07,11.97,353.93,apparel,0,8919.51
3120a8c2-33b5-4755-b989-72b945aeae3d,24.08,12.31,10.94,832.63,electronics,0,2284.15
de01561f-41eb-4d9a-ac4f-bb32fd64a187,28.7,23.85,7.53,192.66,apparel,0,5984.94
359c73ac-645b-4be4-af18-35288d750420,41.71,36.41,20.5,1235.24,apparel,0,34413.55
a387b071-5b0d-4f4b-b77d-2e48a7b65c49,43.84,26.23,13.68,603.79,apparel,0,16753.07
0afd5d08-0f36-4840-a3bc-20eaf468d4ad,23.11,13.51,16.8,1395.42,electronics,1,4327.19
a94f800e-f3a0-4e4c-989a-83344ff87a1c,29.8,19.99,6.88,1043.76,electronics,1,4651.82
756a5aca-46c1-4df0-ac92-867b11ac7d7d,11.5,18.33,4.27,231.66,electronics,2,1090.39
c9cdaef5-c8a2-4b45-835e-ff7922e9d978,7.9,2.48,18.51,165.76,standard,0,350.8
eb6fa012-7742-40f8-9b18-0df81f1378ad,10.27,14.49,18.94,1463.77,fragile_liquid,3,2527.4
998547b5-53f3-4d53-8620-e85c18bbaf78,40.08,5.22,16.8,784.18,electronics,2,3261.47
908b7965-a222-4e8e-aea8-0327195f4c7c,12.16,7.71,7.37,339.64,glass,3,685.44
40f6ffba-32d2-40a4-976e-09a63610f8e7,9.39,18.42,12.62,333.29,standard,1,1970.76
0a12d8a7-4baa-4c81-b91f-042c700e55d9,20.94,10.84,10.37,675.73,electronics,0,2241.94
8537c667-61cf-4a2a-bc73-cf47a64f6352,34.76,35.6,5.93,1160.34,standard,0,6331.08
47ea7fed-f14f-4258-bfbc-d529c86f2f8b,56.58,28.37,11.47,736.37,apparel,0,18132.98
628db78b-f73d-4053-a66a-9baec3b18780,25.35,17.14,10.61,146.54,apparel,0,4595.32
59087e6f-1ed4-4518-9a09-3b6271b7efe8,31.18,27.2,7.76,281.49,apparel,0,5832.34
78a5537d-2c43-4c7d-aa8b-83d002aeffaa,9.17,10.73,16.67,854.11,fragile_liquid,1,1805.83
513f8a6a-6647-4265-8392-c98ada30e871,51.43,25.33,19.79,3776.63,standard,0,21800.2
2d0ba417-3779-4b7d-8d6d-d09c35308cdc,17.26,15.36,15.89,2375.73,fragile_liquid,2,4498.23
b452cc74-5d7b-4d5e-a763-2e7863b560f4,46.13,30.68,12.53,2683.12,standard,0,17256.14
f7dede46-da94-4f84-a080-23920ba72b75,37.7,34.04,17.72,885.2,apparel,0,22328.34
e7659832-679e-4729-9373-74d20874ae92,39.37,25.67,14.67,2289.72,standard,0,12883.29
61a72bc6-b129-4a8b-b674-e391d0412927,10.69,16.48,21.48,2073.43,fragile_liquid,3,3962.81
ab4918cb-aac4-4ad1-95fe-040c16581250,11.61,13.89,21.01,1947.14,fragile_liquid,3,3398.82
0979b6f5-1208-40e6-a950-4c5484e9c31d,10.71,12.92,10.02,397.75,electronics,2,1288.12
95cf3b0d-96ea-4e19-ad49-3124528d3b4f,19.08,34.22,6.67,743.98,standard,0,4583.02
c7bd795a-2fbb-4949-90d7-1a9c55c37694,36.71,25.44,18.31,2630.63,standard,0,15499.59
6dbbc901-8fe1-48fa-b0fe-7f51e6d33808,10.77,15.52,8.09,835.04,glass,2,1420.64
1f8a5e99-669a-47aa-a24d-7749d02ff8ae,33.91,17.01,11.17,1630.86,electronics,2,5224.65
93a1bd46-adcc-43c3-a263-229832b17e50,16.74,12.47,9.73,1237.22,glass,2,1874.33
acd2d53f-e456-4bdc-bf8e-6c020ae14c58,33.58,34.62,12.24,575.22,apparel,0,14944.47
92cbc8f6-0cdc-46ab-bedb-c58b26b53f95,25.6,33.32,9.16,1938.53,electronics,2,6525.78
74b18a9f-d8ab-47e3-ab34-84ab48bbdfb6,33.46,18.56,15.02,1420.75,standard,0,10877.53
e773d540-274d-4a10-85d2-8c74fa054169,45.88,21.12,15.7,2202.88,standard,0,13631.2
2a1c713a-73f4-40c0-b06d-ba61eb71c4b5,24.95,15.48,20.18,1239.59,standard,0,7793.21
0e82f139-e30e-4ca5-995d-9c719363ba4e,32.99,29.72,9.79,431.88,apparel,0,9856.38
469dee5a-3320-42a4-aa99-1f36c6e4bbb7,27.1,22.89,21.01,1916.86,standard,2,12028.9
9ad3d87b-fc0d-4311-8d07-26501698cc93,33.39,10.96,18.76,1193.37,standard,0,6848.1
7a6c62e6-5caa-4c9f-900b-1920a3ec3079,38.51,35.61,8.27,444.87,apparel,0,10098.23
c3b3f0e1-085b-4702-a912-3f47ff7a147a,16.75,6.78,13.19,747.07,fragile_liquid,2,1602.91
c76c3241-d7e2-4844-8506-d78bae728a31,28.65,20.32,14.01,1990.71,electronics,2,7971.31
3c080487-159e-429a-bd5e-b01de7ef5f09,14.33,11.57,8.68,833.7,glass,3,1573.69
9714d8a4-c123-4af6-846e-b9048bee9624,45.21,29.08,13.26,714.43,apparel,0,18372.47
0371a271-c422-4c4e-a494-e2738d44ddb2,4.7,15.64,14.69,613.15,fragile_liquid,2,1165.84
32742c8b-fb9a-442a-b5db-217cdd3c6f97,7.6,6.72,8.52,257.03,glass,2,488.27
0c296b7d-e71f-4a9e-99d5-3de37e0ed2ea,8.26,24.88,18.76,483.3,standard,0,4519.38
308f65e0-c5e5-475a-8779-8c108cc07a87,8.77,12.52,15.47,945.42,fragile_liquid,2,1421.69
6365b2c7-b648-47fa-8a3c-08d17f5c3caf,10.01,16.86,12.83,524.16,electronics,1,2211.67
fbea6a72-c405-4abd-9f1e-042ff3625e66,23.89,42.18,7.97,313.0,apparel,0,6003.75
572d9a4b-108b-4ba7-83a9-26a6a81e5656,34.47,37.09,2.72,205.64,apparel,0,3043.5
ed7686b4-8d72-4ae9-af48-43988ee1b44f,27.87,28.07,12.0,318.05,apparel,0,8882.44
a9b28a2d-338c-4137-a579-0bbd3a625249,30.57,19.56,13.12,1933.84,electronics,0,7268.69
d87725cd-e788-4c7c-95f0-86c9f6271ccd,2.81,17.77,18.64,452.37,fragile_liquid,1,989.26
36446c93-da39-43c2-ad75-2d01aa655418,13.86,7.37,22.7,1343.35,fragile_liquid,2,2411.38
6d29805d-7de8-430f-ae1b-ff7ef5bf1fc7,13.06,10.61,5.07,348.74,glass,2,706.46
66849578-e262-4f4f-9a43-57536bd8b981,30.72,29.21,17.23,2148.64,standard,1,16020.65
bd34e7c4-60a3-40dc-9b95-d9c26e188da2,48.67,18.96,11.88,2579.2,electronics,1,10989.81
ae31592b-a5bc-408e-923c-f431eff44074,10.01,9.62,5.78,374.2,glass,3,434.23
7863a0ce-db72-40ee-8ac3-eff16792f504,16.13,14.96,16.29,2126.52,fragile_liquid,2,3696.57
2d0edcff-1b30-4872-a5a0-de78a7cfa565,39.96,18.62,3.66,675.59,electronics,1,2741.6
3765b48e-7318-4273-a4f8-989e6da21ec1,24.22,30.32,15.54,1787.54,standard,1,13783.85
de45dfbc-e739-427d-8f4f-bf2bd1cc57a5,34.96,1.0,14.37,27.18,standard,0,521.07
624e8c7f-09b0-4172-8c9a-64af4baccb3e,36.82,37.08,15.2,810.05,apparel,0,23126.95
9067bf90-6cc6-4bf4-81fe-b29b915520c7,6.74,10.0,9.44,421.09,glass,2,706.03
11df6c70-fa74-48f2-857c-7959311c80d5,41.97,27.09,17.49,753.99,apparel,1,19564.48
026abaab-2a59-4160-9e1b-b1b9ba6ab3bf,9.11,11.99,9.87,664.35,glass,3,1236.19
8b4fed17-5a4a-4e0c-a199-70ac351e04dc,33.27,16.62,13.59,1842.16,electronics,1,7179.38
6362c260-8416-41e8-b5e7-f91a8a97fa42,33.17,34.65,10.25,443.64,apparel,0,11608.28
49cb7fa0-1cc8-4d42-ad8c-79a85294aa9f,20.67,12.55,11.54,815.92,electronics,1,3105.66
16a9bc3e-1642-441a-89df-3afdd2448530,24.73,33.23,6.98,1425.32,electronics,0,6387.37
5371415a-6f45-40d1-a62c-359e715f7db1,20.21,8.37,17.48,1682.12,fragile_liquid,3,3138.46
b3f577eb-40e0-4d55-b8b1-184c9dbdf79d,21.93,18.95,5.54,657.4,electronics,1,2361.48
9f6dc658-b40e-4307-80ec-4411c2e7e066,29.47,25.78,6.36,1256.25,electronics,2,5122.81
9f905bd4-f416-4462-bf27-fc6eed3d0f41,10.55,9.72,5.95,321.73,glass,2,622.51
950c8acf-75ee-4248-9b65-aa6f4b763007,44.76,39.72,8.08,534.97,apparel,0,14876.08
869fae98-edef-489d-8320-ee59ed81056f,12.39,8.63,6.7,466.13,glass,2,722.06
98a12272-1d1b-47ee-9d99-63981dbce97d,39.0,20.01,8.88,317.62,apparel,3,6572.41
bb27979b-b676-43e3-bd3b-7ee668e029a4,12.91,10.37,20.76,1511.5,fragile_liquid,2,2510.01
25a5f7eb-0236-4be5-827c-725240d3ab9d,7.08,22.18,16.49,294.64,standard,0,2853.32
753871ae-4339-4f9f-954c-95754f3f1ab8,36.4,22.85,6.87,208.98,apparel,0,6360.56
b0ec0f50-40d4-45a1-83f8-bd97ce7e06ba,9.32,10.23,10.03,473.81,glass,3,957.81
6b786be8-55a7-46ea-af12-2a38758d7843,29.13,13.93,11.84,1169.55,electronics,2,4922.89
b210c4f0-bcc0-4a76-9c97-1e45dde5184f,50.5,20.03,12.09,1703.09,standard,0,11898.57
04c9c96e-897a-4149-863a-961ca8c6fa01,26.2,47.08,16.47,856.4,apparel,0,21978.62
85cd8d73-fd69-417a-bf60-498b1e5e424c,32.25,25.93,7.05,844.05,standard,0,6598.4
f7ad5ca3-6e34-4adb-924e-2c9250cbd218,30.18,26.46,13.44,479.8,apparel,0,9364.47
ab5ac471-746c-4f35-ab92-8faf70d98eae,21.08,17.06,12.81,1281.08,electronics,1,4247.93
833dea18-ccbf-469a-be0b-54ba45fae6c8,23.65,40.37,14.79,572.72,apparel,0,14023.92
336fae5c-2195-43d0-976b-6111be7ae229,22.93,22.63,9.76,1318.75,electronics,3,5683.21
98fd50d2-66f8-478f-8a6b-8207f174fc0d,23.42,16.39,14.08,1460.74,electronics,3,5802.28
6ad4ae47-b8f1-4973-bafa-6d327e9e4fea,26.05,26.28,7.77,1435.27,electronics,2,5635.51
96cefa3f-dfb7-4431-a1ce-294da939f30e,41.69,12.73,15.37,1194.48,standard,0,7976.23
3bc8e7e8-debf-430a-88cd-083b73f976f4,35.85,37.37,16.83,997.25,apparel,0,23142.2
ce732630-c30f-4227-9ec7-ec7f60e87ce7,14.52,9.46,5.41,388.93,glass,3,840.23
ee64a388-83ad-47cd-9124-e035ef931d48,25.02,14.97,11.73,1050.8,electronics,1,4491.86
bc8248c0-b251-47f8-a680-47cac50388a5,34.32,18.56,5.52,788.3,electronics,2,3629.71
10dbaec8-6237-4f7f-975a-3e7d8acdb893,38.47,21.77,30.47,3867.09,standard,3,22254.02
bff37f37-aab4-41da-9ece-ccd435ac6728,27.18,26.16,14.07,1437.91,standard,1,10093.24
e9881ed4-4408-4800-98ee-1d821095a3b8,34.37,27.35,13.83,3298.02,electronics,2,12886.72
1692b7e6-5cb6-4e96-9861-d2f95b3d8654,53.91,28.87,12.53,723.08,apparel,0,19542.85
b6dea2ab-6b27-4dc8-8ee7-37616ac28e7d,24.19,29.38,15.97,452.19,apparel,0,10970.31
5585dbc1-2afe-4497-b3af-bc9f6b7653d5,14.16,16.46,26.93,3486.15,fragile_liquid,2,6196.76
cac8b4e8-5eb6-4eba-b2e0-4fbfb18910cc,27.95,19.26,16.5,406.78,apparel,1,7179.49
a72aa19d-db70-4cb1-b662-d33f08d20560,34.32,15.58,12.52,244.63,apparel,0,6538.72
f9d9d8ac-4d9a-4120-ad0b-41a602eeb479,30.0,22.17,9.42,263.64,apparel,0,5811.84
32893468-ef3b-4f8b-b666-ddee601260f6,31.78,34.99,12.77,597.14,apparel,0,14302.24
a1358612-a3d2-4712-8f72-8c79675ebcab,42.74,40.03,10.17,703.83,apparel,0,16928.16
555b51bf-528a-4daf-903b-0372e91a5bc2,39.69,13.61,3.33,63.17,apparel,0,1517.36
fe97541b-acec-4bd8-bf9a-ae84a7ea9c00,13.34,9.44,14.2,920.58,fragile_liquid,3,2181.52
9a750513-d370-4e34-8ba8-f8b97d768152,20.35,35.43,14.53,1539.88,standard,1,10684.48
fe7facf7-b353-4c8c-a8f6-dabdd97e46cb,18.27,20.35,9.73,826.66,electronics,1,3388.03
4d939d5a-09ab-49eb-b0e0-874912bbcb80,12.91,10.03,9.53,690.12,glass,3,1129.66
03d76bbb-a552-46e6-ad9d-84e1dffb7bb8,25.61,22.49,23.91,2046.77,standard,0,14191.88
196e76c7-0165-4457-9adc-22bba85de975,28.95,24.41,7.46,1316.11,electronics,1,5561.66
2eb62351-ee59-4a09-b8fe-5acc7134d293,30.51,16.23,14.61,1829.84,electronics,0,8705.63
13ae8b3f-d150-4455-b8e9-8837e6443dff,32.3,24.86,1.88,66.23,standard,0,1448.54
9ff71300-b1d2-4031-939b-ea621ad7bf0a,41.48,28.46,12.08,561.14,apparel,0,14423.67
2187c29a-e62a-4090-9558-6de472525fef,50.43,20.55,17.53,694.66,apparel,0,19178.91
125c14f9-b2c8-4edd-887c-f97681bf6891,8.34,10.65,8.64,443.24,glass,2,708.33
bbc32910-4278-4c08-949c-e16dd18799f5,17.21,21.02,15.81,1436.18,electronics,1,5014.36
9eeadacd-28a3-45d9-914e-eac31571bfde,6.56,26.65,19.87,644.67,standard,0,3506.38
2464094e-0052-4d0e-928a-3f625c1ea4c5,23.23,14.83,13.39,1138.44,electronics,1,4976.67
4ca6d557-b6f7-44e2-bc2c-a38eb4d6c8da,14.45,15.3,6.73,859.94,glass,3,1575.34
fc75c291-fbef-4cb6-90a2-f1f5acae90c0,27.82,23.93,13.03,2147.59,electronics,2,9472.52
1428be84-0b0b-424c-b847-4166f3d28d70,1.0,28.06,14.08,229.73,standard,0,454.73
bab48e52-29f2-4536-847a-41e4d290f508,25.8,17.68,5.22,630.59,electronics,2,2068.15
9803f15c-974f-45ca-98c0-b4bebb7c2aea,24.85,14.37,15.6,239.92,apparel,0,5255.54
631b0271-3c31-4ed2-a101-24ffb69751fd,13.14,10.79,17.38,1421.78,fragile_liquid,2,2672.78
0d1d2d26-4748-4479-b03f-dce04792babd,20.11,13.58,8.75,716.59,electronics,0,2611.1
cf5df3cd-77e4-4226-8c86-00d9cdc84c34,23.6,16.17,4.18,291.77,electronics,1,1762.34
8ebdd741-a80d-4dc8-aff1-0b5d011f04da,25.91,20.43,19.37,1594.7,standard,0,9297.32
80b74505-44ca-4fda-90fa-16daad3a4af7,45.62,34.48,23.65,5534.93,standard,0,34965.47
8397f2ae-a2b9-45a2-a879-eeff5f260487,47.79,17.6,8.7,306.5,apparel,0,6798.6
8b9dbb19-ed4b-41ec-b5fb-895c8e1f35b5,17.35,13.93,13.67,1841.41,fragile_liquid,1,3794.06
d78cdcad-f5af-4ae6-98c2-a4805ce34c25,41.23,24.75,5.16,136.49,apparel,0,4633.38
720f476e-0d81-49c6-9b35-0444b9374a69,13.73,13.16,23.52,2399.04,fragile_liquid,2,3835.64
a499958b-9d75-4c36-a181-3d5e5a063127,34.69,44.94,10.35,665.59,apparel,0,17265.58
27c699fd-76d3-4ca4-a65e-f9194f813d0d,14.81,14.96,25.85,3237.37,fragile_liquid,3,5836.93
c030fed8-b1d0-468f-a0f7-064c40c6ec21,21.23,19.18,21.2,2139.39,electronics,1,8969.92
a356e3e2-68ce-4d5e-bd34-d23252ba4173,27.89,14.72,18.94,1997.75,electronics,2,8164.91
b772e95e-b6cd-4b03-bea3-84700e6e1b03,15.0,8.26,8.58,758.88,glass,3,1071.61
c1c95eb5-2e5c-44ce-b573-a7b259cb72f5,22.14,13.11,9.97,635.6,electronics,0,2671.69
391c06c4-4ffe-4781-a18f-178dab785561,1.0,11.76,12.69,10.0,apparel,0,123.53
2638e7f0-bd18-4b9a-ace0-0f48bc3fe09c,31.76,29.36,18.22,701.84,apparel,0,18531.0
6c6de8b7-58d7-4432-a76b-ee4233bdb303,17.06,13.56,25.2,3290.52,fragile_liquid,3,5376.9
e9aab9b2-e435-4155-a00c-e866e3b03db2,29.6,20.61,11.24,1725.53,electronics,2,6834.68
584af0e2-1fd8-4ffa-b755-ea3e112526ce,16.46,5.83,9.12,571.09,glass,3,789.11
6b12d47a-ac6f-4cd0-b912-129e05e94a81,10.76,10.53,7.49,541.22,glass,1,894.27
bc26b35e-aa6d-4117-8f15-b0f25e32658a,35.73,12.52,21.65,1448.86,standard,2,9104.57
85e216c0-4278-4586-8df2-83569dac9a27,34.35,32.25,8.61,368.58,apparel,0,10540.34
01b69400-8030-478d-9db3-51ad033ec7c9,10.66,23.44,7.51,321.23,electronics,2,1910.42
8c89076f-7cd9-4306-80d7-be552fa1f7c0,41.84,25.0,10.58,470.39,apparel,0,14731.73
ebdf4841-86c7-4920-8a47-52e1d7ee98b4,41.99,17.43,16.16,1939.88,standard,3,10875.29
db0e610c-36c9-475b-93eb-54e063726272,17.5,9.12,14.83,1442.73,fragile_liquid,3,2700.59
c38820ec-36c4-455c-82ed-9c878edbef64,12.02,15.88,20.37,2134.45,fragile_liquid,3,3714.82
44029217-2ce9-4d4f-a9ca-932ab45eab2a,30.98,26.22,15.65,3211.94,electronics,3,13362.15
4a176af9-4f9e-47f2-b247-32392080d9b3,12.01,11.29,24.66,1832.05,fragile_liquid,3,3358.57
1f2acd4b-e462-4dbe-8152-685a784bea8b,16.42,25.19,7.74,903.39,electronics,1,2773.0
443ad02a-1957-4d07-84d9-bd384e0dcb92,21.73,10.73,3.6,217.96,electronics,1,957.79
e4819d51-07cb-4911-8e3d-59e1bcb61952,34.84,25.48,6.68,231.95,apparel,0,5892.32
a1da0774-9fcd-4f28-8898-33a02a90fa65,40.88,24.89,16.55,4176.11,electronics,2,17850.79
d0ee091c-f63b-458e-8890-cc811dc6ae80,45.26,20.81,11.77,391.56,apparel,0,13482.13
3cc02c1b-8aff-4289-95b0-e8ece326c815,18.68,15.06,16.99,2647.09,fragile_liquid,2,4445.23
69f9b224-439c-47e1-976b-4e57a9b5103d,13.18,15.78,4.69,39.34,apparel,0,920.39
c4a319db-c0f2-4695-874d-e876d1747d5b,12.68,10.99,13.68,1059.62,fragile_liquid,3,2325.5
dec49ca8-4f26-4c92-998f-d2a68294a4d6,18.63,5.29,17.22,884.77,fragile_liquid,3,1303.43
fa015e31-e32a-47e3-8ba5-d4692230ae63,46.11,50.17,18.97,1783.61,apparel,0,39110.78
b1ec975f-dc73-49f8-9cc7-5565e4f1dede,10.67,10.68,14.32,707.0,fragile_liquid,2,1632.63
2e4eb5a6-8346-47a3-91a3-2df3e8c41df9,31.0,27.6,16.08,559.58,apparel,0,13049.1
e1d3dafa-345b-4e76-adf4-f998dbea9630,18.02,25.81,18.03,398.43,apparel,0,8936.83
9c753e39-4fca-4c53-890e-c671ed271368,7.75,11.91,9.49,569.59,glass,3,1047.82
a841aa03-b778-43a3-a871-1dd5b3020d70,22.47,25.84,22.49,568.52,apparel,0,13371.92
8f1a6ebb-5395-47c4-987e-a7a4aacd0357,13.08,13.16,3.68,306.39,glass,2,607.37
faa6d1e6-2cd1-4502-844e-8423d8e79ce8,32.86,23.34,23.27,2926.42,standard,1,16681.45
800f574f-de05-4498-9223-1f2a8ce62104,30.75,17.95,7.3,979.13,electronics,2,3818.15
75b1baa4-1148-4ab9-8e6d-01f272f2e6bf,29.96,1.0,15.22,10.0,standard,1,429.07
893828c0-0fbc-4d5d-ba78-a88e8eefd165,18.36,15.74,14.11,937.64,electronics,1,4614.12
4b8467eb-9269-4469-ba51-bb164e3749ba,35.31,30.72,12.32,524.73,apparel,0,12039.72
bfaadd69-ca80-41b2-a18e-676647b79b6f,20.17,15.31,10.29,781.37,electronics,1,3046.28
d4021623-6903-4e56-a120-33f6378f62be,8.64,10.69,8.49,455.34,glass,3,649.34
49214ece-41fe-49f5-84e7-bdb3f5357a94,11.48,14.49,15.38,1334.79,fragile_liquid,3,2449.61
17e21579-6166-4a80-86a2-257f87a9f30a,11.14,10.09,5.09,327.31,glass,3,565.51
c1ccdd49-8666-4145-8a93-4bc95547fc37,4.73,14.43,11.76,246.98,electronics,1,941.44
53585865-2ea7-405b-960d-b62c2923e2cb,15.66,10.12,13.25,392.07,standard,1,2178.44
39ccd147-2bca-4e3b-add3-85332a5e2dd4,20.4,19.41,18.62,1898.5,electronics,2,7168.7
89eddf48-3841-4642-8e51-f62cc5ce72b0,15.29,8.42,14.16,1002.06,fragile_liquid,2,1950.01
f888b564-c4dd-422c-9ee0-a492f774fc97,16.7,8.45,18.25,641.34,electronics,2,2829.02
2ac37a4c-86a2-424e-8bf0-dc44f4ce0249,13.15,14.27,16.93,1720.37,fragile_liquid,2,3674.3
edb85a46-ccd2-465a-938c-e904ce1eb025,28.55,21.18,6.92,155.76,apparel,0,3579.38
f8ededab-77ce-4df3-a2e2-827e11e8eec1,33.02,15.84,16.39,2153.84,electronics,3,7280.59
945e68e8-a099-45a7-9640-5ad690ccc8ab,43.01,26.72,8.56,436.66,apparel,0,9625.99
ff2225a8-ad40-45b0-8d96-ba13625c277c,13.63,14.57,17.1,1867.72,fragile_liquid,2,3508.21
699392f0-306d-43bb-8c48-c010d5d59680,37.56,18.37,11.37,1998.56,electronics,3,7164.82
e6616f9c-3ec0-4e1e-9fc3-974e2a56b1d7,23.8,8.78,16.87,707.12,standard,0,3566.8
45ed8347-a41f-435c-8087-1f3078be800c,38.65,34.0,14.24,719.6,apparel,0,18866.1
0419b664-675c-4ad0-b4a2-180125ff2bbe,28.94,12.08,7.66,715.19,electronics,2,2461.89
26eeab62-2199-48c9-af7a-2302c841e5b3,30.55,19.7,13.89,2079.82,electronics,2,7163.17
d5edcc24-0d70-4056-8619-f973de509956,11.72,9.53,11.7,683.11,glass,3,1298.91
22885804-5a58-4bab-b548-ff4cfca4101e,21.71,15.09,7.82,715.39,electronics,1,2952.25
281e9897-7c6e-4086-94c9-036ff3c65409,20.28,49.83,8.23,334.34,apparel,0,8000.21
3b7707ca-b727-495c-be43-b37f4ae46756,42.4,35.56,14.87,930.44,apparel,0,23192.77
7a81b392-b228-4b06-88ed-2a39b024578f,42.75,2.97,21.83,369.33,standard,0,2996.01
85852193-53df-4495-a087-e0b7e3ed11a6,14.95,15.6,15.03,1912.18,fragile_liquid,3,3333.12
b6e7796e-db01-4ff2-b6c2-52281942ba69,41.14,32.53,1.48,652.64,electronics,2,1958.9
2dbe964c-911f-48a2-8fac-bd71c4e81cd1,26.5,50.38,7.18,381.07,apparel,0,8297.35
10a04293-aa94-4502-b896-a0dd25e0df81,20.13,12.99,8.06,1262.75,glass,2,2005.26
66b047db-14ee-4ea2-958d-73f4175eb55e,15.44,12.49,7.33,809.88,glass,2,1252.68
06d97856-63fe-4d54-b4c6-233eec031619,11.63,35.43,13.86,205.03,apparel,0,5882.52
3dc97688-4bf1-448d-9959-dbe001881a8c,40.69,17.18,17.29,484.47,apparel,0,12468.32
76e7fb36-4013-4667-9a63-3d7e7e3b1e0a,37.99,29.01,11.49,456.59,apparel,0,12381.93
6fca4344-972d-45b0-b871-574a3a05b275,11.87,8.96,16.49,297.78,standard,1,1960.41
c27834de-e07d-44f0-9053-a7a5a8af9efc,23.27,17.01,12.67,1296.52,electronics,2,3768.1
53e73c18-790f-4eb8-987a-08ad420e14f8,13.36,7.54,10.61,657.16,glass,3,945.72
26abaeb2-0c25-413c-8f98-5166cceff362,40.88,22.19,17.7,668.98,apparel,0,19297.6
908d19ac-25c9-4e63-b81e-268d80541b44,27.0,31.65,15.66,502.65,apparel,0,14607.92
836bfb36-a1e9-4706-b8a6-7b8228ff9bf4,18.48,29.0,16.01,285.44,apparel,0,8555.5
4007402b-990f-4474-bb15-685d42e7bc12,7.92,8.3,7.37,286.27,glass,2,524.86
d1458aab-4ae7-4734-a765-656e6cb1a1ba,32.19,35.64,13.38,623.31,apparel,0,12408.02
927f95f8-454b-4066-9c76-d25d3c47f3f1,48.94,36.98,6.31,436.27,apparel,0,10662.07
6bb10d59-c24d-42ad-9d52-200b59ac1390,35.82,29.03,14.97,594.52,apparel,0,15890.49
4216cb3a-0dee-4bec-a1c8-b7f2823aacf3,17.38,14.16,16.07,2181.01,fragile_liquid,2,3770.37
58e3f438-b1a6-41c1-b11e-75b3ebb8558f,23.65,29.9,26.73,2912.78,standard,0,21980.11
59493ce1-cd6c-4236-b4db-f32ddad05655,39.79,16.75,10.34,1626.4,electronics,0,6968.51
1125e68d-e274-4b0f-b10a-6059b9d0227f,15.72,9.61,14.94,1183.17,fragile_liquid,2,2673.99
a3bea260-59cb-4cae-bc3d-e079567afd31,11.58,12.92,7.77,659.5,glass,3,1084.14
75adabcf-ab81-4ee1-b489-7700aaf6a5e4,29.31,15.98,1.19,110.46,electronics,3,560.69
5c0af46a-f9e2-4a2a-b956-83551b1bd1a6,21.28,31.46,9.61,230.6,apparel,0,5922.33
ce806378-e057-4663-8fbc-9a068fa17b28,17.89,13.37,27.33,3648.25,fragile_liquid,3,6624.25
fe54501e-2d26-4ed4-b4cb-3adc152615e2,32.94,19.18,10.53,1697.97,electronics,0,7831.97
60a4e9bc-38ea-4ddb-bf64-1d06dc9e26c3,15.77,29.09,8.59,542.6,standard,0,3973.18
3dd93908-d74c-463d-a001-6016b24b03ba,38.8,21.92,15.3,3166.98,electronics,1,11088.27
550a975a-412e-4273-8940-1834a314cfd4,44.81,26.63,19.83,922.17,apparel,0,23608.35
50687d71-f799-4d32-ba59-2bbb5479b2a9,40.98,26.61,11.17,496.43,apparel,0,10372.87
40640b65-09fe-48cb-82d4-8586885d21e8,5.15,13.78,17.37,700.83,fragile_liquid,3,989.22
5aef2da2-7463-4c48-b265-a3d8fb706235,21.39,24.5,23.05,1677.1,standard,0,11050.69
cd42f43e-64ce-407e-bde4-3af36b54d1eb,33.96,24.23,11.46,333.94,apparel,0,9314.35
5779aba4-e985-462e-a31a-ee96578f6748,15.54,10.74,24.63,2179.49,fragile_liquid,3,3989.81
b194f98e-80c0-4583-bb25-ed537f917f14,27.32,10.32,11.9,880.57,electronics,2,3312.42
a85cd113-7e25-443c-be71-69dce8ff7b39,25.0,16.67,12.57,1475.25,electronics,2,5123.35
45c8a9b5-1143-4e8d-b9d0-87c456cb077d,37.77,15.93,18.89,439.02,apparel,0,12608.74
1fe69b2f-84bc-4cf1-9813-c0fb1c6c34fa,32.4,24.79,11.7,2538.37,electronics,1,10455.28
a483dcd4-a0d9-4851-9819-736fb3132a29,39.43,33.35,12.87,2534.67,standard,2,17310.14
896b81c3-ee74-4caa-b5e3-e1033ae31300,16.89,11.29,20.48,2158.15,fragile_liquid,2,3628.23
97235b43-c7e1-4d31-b453-4a2efae6c400,39.16,26.65,13.34,2029.23,standard,0,13822.46
926161bd-3d0e-480e-ba58-94930dc5de42,3.98,12.5,5.75,199.62,glass,3,246.68
6979880a-c9b8-478c-9954-609f7c42c1d0,26.15,16.88,10.59,548.5,standard,0,5218.99
d488de19-1c47-4795-afde-99b4823d4b05,30.77,31.35,16.55,647.11,apparel,0,18428.33
24a3db2c-6c3b-4f26-9bc8-0cee10c3ab6d,27.43,17.54,10.56,1259.37,electronics,3,5859.97
3851d1e5-59c2-4def-8433-82269267b8a8,17.18,11.27,14.38,1414.14,fragile_liquid,1,2635.51
cdaaac26-3142-4e31-aa5b-7b2053e42bfc,46.56,25.91,20.92,3892.54,standard,0,29664.64
ebead431-f927-4e21-8066-476c6ab64c5c,20.24,17.66,1.0,10.0,electronics,0,373.56
0e766686-8b00-44b3-be2b-ff0b06a32f98,17.56,10.09,18.9,1876.24,fragile_liquid,2,3146.84
cdccaa9c-9444-4cd6-a2b2-4207a595758b,55.55,25.39,13.77,811.02,apparel,1,18484.29
8a1766de-7067-4ebb-91dc-06582ef35627,8.69,5.58,17.74,266.17,fragile_liquid,2,951.8
859b0abb-4d6f-4e75-889e-250cb9b455e3,6.3,16.97,8.73,336.96,electronics,0,902.1
b2c091f7-8bb6-4848-8d11-8b4522878519,48.78,23.5,21.78,1046.74,apparel,0,22290.11
3b9cbe32-3553-4c82-9fcb-830f4e37f178,47.82,34.3,5.5,353.99,apparel,1,9033.96
a3106ab7-0d98-4c89-8886-c7b7e96c0fe0,27.11,19.43,11.62,842.23,standard,0,6166.46
f3aeeedf-d789-4e57-b73b-1e4c9bfd9592,12.06,11.94,13.19,1082.38,fragile_liquid,3,1648.7
f3d524df-a847-407e-8736-a92e32ddf2a3,45.83,19.33,2.28,395.2,electronics,3,2252.1
c1ddfcc2-b91b-4786-aa7f-81cfd7a73b5f,30.3,26.87,9.3,1928.85,electronics,1,6595.98
f322e791-4097-4e42-8cae-76f2b06f5a54,17.91,21.53,9.52,854.8,electronics,0,4298.56
4da7a835-c709-4f32-bb7a-1485b2822628,23.66,28.77,21.01,2045.23,standard,1,12607.38
f7c8983b-7391-4d57-9ad7-29e5578286ff,35.23,16.13,5.6,873.17,electronics,2,3824.37
412f811c-0d35-4d3a-a789-49652f8cc9ce,12.17,12.09,16.56,556.71,electronics,2,2636.9
293354d9-04df-4bc3-823c-bab4102c33af,22.85,27.6,8.82,263.67,apparel,0,5645.14
ea3b4ccb-88e0-4155-aec3-15ed02a47777,17.51,9.06,15.24,1354.74,fragile_liquid,2,2447.7
d59cab22-ef82-4831-9ec6-905a9d918af6,30.46,25.44,8.6,1673.71,electronics,3,6846.61
1290d491-5366-469f-9d2a-ce2602fcd69c,19.13,21.24,24.14,1419.37,standard,1,10108.98
dd3dc028-6c82-42ff-9d93-16f9c303b9f2,7.75,11.12,8.91,469.27,glass,3,671.95
1bb9659b-f6ae-4a29-b24f-62a554f6c777,33.24,26.96,9.55,2193.74,electronics,2,9051.94
d17a13f9-92a0-4a62-bc7c-0d8f37008f1a,45.94,26.05,16.91,2975.54,standard,0,19437.35
ee6f5899-cdf9-46e4-87b4-5110a674f453,11.92,8.53,9.54,537.52,glass,2,1058.98
cc8a2f56-9983-4cbb-afb1-d89cec0576c1,21.81,38.33,21.5,672.7,apparel,0,18296.74
7bb8070e-3646-41c1-a9b1-b86c0728064b,11.3,9.96,5.13,396.87,glass,3,533.86
0c0fc532-59a1-46ba-b73a-1c83f8357efa,34.39,24.93,8.46,1741.1,electronics,3,6748.83
b94377e1-8d3a-4fdf-a2b9-8ae7cb6ab5c7,12.39,11.41,10.46,720.54,fragile_liquid,3,1534.28
f4920995-8ada-4c7e-8502-e11bf8f0bbba,35.33,25.36,18.22,632.42,apparel,1,16437.62
ac43cd4a-d49f-4fed-ab42-d0d007a3b606,37.34,24.75,14.04,536.16,apparel,0,15687.69
019c6a7b-927d-4f4a-adb3-6c18378c028d,15.95,23.47,9.0,182.06,apparel,0,3628.74
4c79b811-e3c5-43d1-a29f-0c353e541add,48.93,30.04,10.78,612.01,apparel,0,16371.33
f67bbc46-e3d8-4018-9bc3-8b3d5e40306f,18.82,23.87,6.61,838.68,electronics,1,3620.87
69c9e023-04c7-4829-9a93-462c3ce4d4bc,23.03,31.6,11.22,325.14,apparel,0,8936.9
61be6090-2718-4828-96f3-94f3dacbfb50,11.74,9.97,10.15,797.07,glass,1,1172.54
5aac2c2f-7946-4c6a-bfb0-05f94c54c613,41.39,28.63,8.66,399.68,apparel,0,11061.17
921eef97-6213-469e-9e12-9cefb7e8e735,24.22,16.35,10.44,1037.9,electronics,1,4425.64
92047928-f6c3-4545-b3c8-dd37fd184581,9.96,3.13,11.0,221.38,glass,2,283.95
6db91d4a-1a91-4085-b27a-0d2ad358d594,12.49,9.09,10.73,731.48,glass,3,1101.26
ccc683c0-eeb2-47ff-a4b3-11c097fe63fe,5.44,19.24,16.56,458.66,electronics,0,1536.01
ed89b8cb-efec-4a74-ab9f-d57e38049337,5.04,9.78,14.91,347.95,glass,2,796.97
e6ddb72d-0414-4b6c-a78e-a19d824c4a08,9.84,8.87,10.16,542.06,glass,2,919.87
2efa19a4-fac6-4e26-a3ac-cc8293a35513,41.23,10.35,13.87,237.3,apparel,0,6233.67
e1bf3c4a-e90b-4c19-9310-bdadfc2b195f,37.55,38.31,3.59,165.14,apparel,0,4101.68
e2965c92-a920-45c0-8a12-2910ab791b97,11.8,6.48,9.57,436.65,glass,3,823.45
50770339-b607-4c6b-8fe0-d26ea1f9c0f0,20.03,22.38,8.09,962.61,electronics,3,3931.77
88b86e7a-aecc-4ea1-8d12-d444cf1bafd9,31.04,39.17,1.53,54.68,apparel,0,1505.34
ef1b6038-d0eb-4538-b22b-ec2a3a7bfbcf,24.5,19.23,13.43,1473.88,electronics,1,6554.85
fe86ee02-8d20-4b85-8e92-fac2a369b427,13.29,13.11,17.33,1752.16,fragile_liquid,2,3044.19
07d975b6-f584-4c5e-9ded-1b9e7b754c48,26.86,17.71,12.93,257.99,apparel,0,6650.77
22389adc-bcd1-4995-81cd-a64fd45e65ea,12.31,12.45,9.33,893.94,glass,2,1622.89
6ffe90e5-fcbf-4248-a0e8-67a689d2f123,37.98,16.73,7.68,1300.61,electronics,2,4353.35
22340743-7fa7-456b-bdbd-04902535f115,42.55,23.18,20.42,3057.84,standard,0,20181.84
a3e89009-7489-4006-afe5-86246bb1a798,45.37,39.67,11.39,754.05,apparel,0,18904.27
933eb24f-ea96-44b8-a7b4-7ef6283577e8,23.58,32.66,11.89,320.36,apparel,0,8957.51
20fbaad6-ed52-4c3d-a6ea-d5ee22c72eb5,12.59,28.79,15.61,194.59,apparel,1,6102.86
0a77fc5c-610f-48a7-8d83-cae4627cbb90,15.2,34.19,9.01,202.01,apparel,0,4198.75
967e60a1-61ce-4f0c-8b20-50287a0be426,17.46,13.02,11.39,625.88,electronics,1,2832.28
02569a8c-3b5e-4f6c-b48f-7afa68889950,38.73,28.11,10.99,484.95,apparel,0,10645.02
c8ff98f1-300c-4ccf-be40-a5f8abab13f2,30.2,14.08,14.96,952.78,standard,0,6147.29
a3e9c3eb-c438-408a-bb98-3c424668c22e,33.8,24.62,19.04,648.18,apparel,0,15555.31
c798dad0-7231-4181-aa05-e7d859753c5d,48.56,31.69,22.31,1384.61,apparel,0,34373.59
bfe1d579-3c74-4bf5-ad7c-6f5bf99f85e0,17.15,27.4,5.88,128.73,apparel,0,3156.11
3fee6369-ef58-44b4-b971-0b0f09fa0429,13.41,7.37,7.02,476.67,glass,3,697.55
28224812-e82f-437c-becf-7ef22cc4eab6,38.0,2.38,22.58,220.38,standard,1,1791.48
a38646ac-3d34-42cc-a145-cd7bb98ff90d,29.7,25.95,28.45,3288.25,standard,0,20039.55
6cc76d3b-0fa6-4a3c-91a1-e8db0f0c6c8e,29.71,14.59,18.27,1196.15,standard,1,7447.26
c49531fd-2850-4ca0-ba3f-a8993517c1ba,22.12,6.5,7.51,190.08,electronics,1,1177.3
97e57cb0-6a1a-49b4-91fb-b2f2c1469ec1,11.79,9.21,8.27,553.0,glass,1,1068.07
b09a1d75-1ee8-4f4d-a65a-338464d38a21,20.23,16.05,9.85,717.14,electronics,2,3119.3
57faa90b-0ea2-4e6d-a53f-5c5b79f6d95b,14.0,6.53,10.48,617.26,glass,3,979.02
342b3f9c-cba8-4fa3-ae73-2d8a693c54b4,30.33,29.76,13.26,482.77,apparel,1,12132.73
2af49aa5-c7dd-4fee-87ba-259810e0e259,28.72,20.2,8.01,144.28,apparel,0,4470.36
d075de37-b3dc-4f46-a498-c1c8f5f453a6,24.84,12.34,19.98,3302.71,fragile_liquid,2,6491.03
c4c84f43-2702-4937-8a83-e671c5978ef8,24.73,21.53,6.99,168.78,apparel,0,3255.96
3df1eb66-70df-4215-8958-dcdf3daf0527,4.04,9.65,7.76,106.25,glass,3,273.94
2b5a7144-4c88-494a-8584-9af8e79e95e4,16.51,15.01,6.54,396.05,electronics,2,1583.41
a42dee73-e265-4421-9bba-b0048c8fec59,30.21,10.75,9.5,798.92,electronics,2,2768.89
9bc6b711-59d8-4301-a170-a470da9f5a0a,45.63,26.6,9.12,426.88,apparel,0,11650.35
0f0d7b7b-11c0-4c04-8620-d122619d1933,37.04,28.02,12.47,546.59,apparel,0,11064.75
77369592-0dd1-4594-90ea-0f51795b2711,21.72,11.52,17.48,2447.2,fragile_liquid,2,4267.93
c5f75d98-96a7-4b0f-8ea1-96c19748721e,39.53,26.17,19.01,788.86,apparel,0,21813.77
42fcc8d4-4b07-49be-a37d-b516bdd4b370,21.56,25.96,5.32,579.63,electronics,1,2689.51
ae02f6c6-d388-4227-a743-8ef2d15d79fe,1.0,15.12,28.83,103.8,standard,0,428.43
619c37ec-fa91-478d-87de-00c57f5759c7,30.56,30.22,10.04,363.22,apparel,0,7255.48
17b696bc-ee1c-4df5-9f5d-d387844a3e65,26.51,18.12,29.45,2038.36,standard,0,11771.77
4c22f085-d209-417d-9407-cd5d040faf27,58.72,28.58,20.26,1307.22,apparel,0,37528.33
981f0405-b907-4fd7-a512-9e72f973cf53,9.32,11.03,10.12,641.54,glass,2,1024.71
d4cfff03-5b04-48ed-a3d2-0c1e6967c117,12.15,16.72,12.08,625.45,electronics,1,2383.67
7d294fa7-2ae8-4960-830f-c6d97ce25198,41.56,12.79,11.96,930.19,standard,2,7208.92
d855fbb1-ac77-4214-8efb-e4cddd35d7dc,24.22,18.67,6.28,726.5,electronics,2,2892.41
fc807a71-b3b6-4614-b8ec-7e5300fc5ac1,35.12,35.6,18.73,895.02,apparel,0,20568.18
e7ccc2ea-44cb-413e-9e99-fe4b0ad726f5,13.91,18.39,5.1,69.2,apparel,0,1194.43
32b9058e-4b59-45fe-ad90-4c5426b56dac,12.98,8.58,6.21,463.28,glass,3,781.0
656dfce8-3145-4288-86af-c78b0e4b9c05,23.95,27.51,13.91,1497.99,standard,0,8871.44
f3bb030f-bb9a-4472-b32d-6125c4aea354,37.63,14.74,8.21,1129.38,electronics,0,4480.01
a4dda671-829d-44a4-802d-3bf40af44778,37.81,35.78,7.34,454.43,apparel,0,9823.79
d9dd2725-4d11-421c-b590-ab091cf9926b,37.83,15.39,13.44,1138.16,standard,1,7349.57
11f44443-f56c-457d-b501-79d14ed17917,10.51,12.05,20.33,1344.16,fragile_liquid,2,1653.05
b5b110e6-0075-47cd-ab95-26e5ea9c775a,9.06,12.8,18.05,1211.96,fragile_liquid,1,2269.23
877e718e-7477-43c0-b6f9-3fd259f406ef,63.61,20.88,6.02,1288.77,standard,0,7189.01
f44d6650-9fc3-45da-b371-04e2f4200bea,13.17,13.61,11.16,1137.84,fragile_liquid,3,1628.03
ca82a0fc-56b8-4427-9eed-d6bfa8c43183,19.79,12.22,18.48,2466.34,fragile_liquid,2,4801.93
a4723da3-2468-4b5f-b0c8-c760337366ed,7.76,16.12,21.48,1456.72,fragile_liquid,2,2515.15
d370b53f-5809-448f-9332-6d7f6e24c9fe,24.88,33.48,15.63,1773.61,standard,2,12615.93
36226f10-8696-4502-ba14-f0f2301e30c5,9.93,13.9,16.23,1290.08,fragile_liquid,2,2298.45
180fe13b-b60f-4427-b609-c3ffc605670e,47.61,28.41,12.82,731.49,apparel,0,17563.85
437a0dda-1f8c-4087-9c86-b5e21d71aca7,17.62,20.96,18.27,954.41,standard,0,7322.84
828a7228-acdc-48b1-86f2-103e33cd18f9,15.7,13.9,18.71,165.97,apparel,0,3427.5
522c778d-17ea-4198-815e-58b071b2ebd1,18.61,15.76,19.91,688.91,standard,0,6377.14
07181fdf-a61f-4a76-bcb8-8a72008fd589,34.07,24.57,11.38,2435.42,electronics,0,9631.08
9e2d4494-be7d-4de5-a9aa-e2c50cfe9acb,11.67,17.52,20.71,604.16,standard,0,4756.64
06b7f447-dfa4-43c9-a169-e7d371126729,11.05,23.42,21.35,852.38,standard,0,6156.6
c6b73f0c-03cd-48d5-b2af-c2123b2a42c5,39.42,30.89,27.55,1308.96,apparel,0,29914.89
bb04f908-2e02-4252-ba8c-e554a092e779,22.64,17.28,5.56,587.71,electronics,2,1950.02
44e98104-8406-4de5-91a1-17bb4d81a4ea,7.91,8.06,6.39,268.82,glass,3,419.76
a4bf4959-01e8-4678-8c03-8df6b2b1832d,23.26,10.24,10.56,71.56,apparel,0,2041.06
448811e9-b180-4ce3-b407-13f4e2edea26,18.07,19.0,16.21,736.35,standard,1,5281.46
53d6b317-f60e-4c9b-8c19-751c38c88ba1,18.47,15.49,16.75,1183.69,electronics,2,3907.11
cbb03669-ee78-4646-b438-b8cc79cf64b5,13.17,25.35,19.75,256.06,apparel,0,6568.22
27c27644-4e20-466e-887d-1cc1f20978ae,16.94,11.1,16.67,1757.63,fragile_liquid,2,3072.33
7dc36f5f-7a1b-487a-931e-fc53815e6c5e,18.93,7.39,8.72,767.96,glass,2,992.49
dc439860-12e0-440f-9f46-47547e5206b5,42.66,19.25,8.46,315.0,apparel,0,7094.0
0b03007a-3928-4139-b5e9-bfb61bba1912,8.91,18.74,9.52,607.76,electronics,1,1474.47
da902b80-5a94-48fd-8c4e-fcefa72254dc,36.92,31.09,19.51,843.62,apparel,0,21857.78
4b90bedf-330f-4b2e-8ebb-b3c5e318b757,28.95,23.43,11.91,297.99,apparel,0,7706.9
83ee4780-4f39-4903-8021-16b8d70bd8c6,36.98,26.5,15.38,3762.05,electronics,0,14467.03
c6cab2ef-9a36-4a81-adf8-72ff6e360825,9.83,12.15,4.97,287.97,fragile_liquid,2,612.65
b14d2e8a-9236-414a-a71b-d1934b9b0dc2,14.32,1.0,9.31,10.0,electronics,2,126.92
0afcf0c9-c1f0-4a3c-a20e-0dbf24143c66,32.25,23.27,6.79,188.74,apparel,0,4655.3
5fe579b8-a743-4cb3-afe6-cbc9e8d7a5c1,17.82,12.61,16.41,2019.19,fragile_liquid,3,4017.02
51e3615a-3516-418e-bcba-c34d3de2e339,38.82,38.95,18.96,1095.65,apparel,1,31386.48
bc00fdb7-9a2f-41f7-9245-7b12aa9ec901,33.75,11.61,5.48,515.74,electronics,1,2196.15
f51b727f-6e0f-41c0-9d11-7c3d81458d8e,16.11,10.22,3.99,423.29,glass,1,655.25
973f2cf6-7e4c-46fe-916e-1c3819e809b3,46.85,35.73,16.26,1084.15,apparel,0,31258.73
ffaf9b41-46f5-4e9d-8480-8b94f0f76a11,27.97,11.92,7.13,685.92,electronics,2,1823.97
18a32dd2-8336-4b39-9828-5da8301ec639,23.92,21.52,10.91,1415.99,electronics,1,5994.76
6ac804ec-93d0-4dfd-8657-b6ee303c4190,43.34,26.56,10.27,444.45,apparel,0,10250.6
d2df410b-c2ba-49f1-a815-b9121ca54323,35.61,12.11,17.39,364.44,apparel,0,8591.44
2324cebd-09f2-4291-aba9-f85b5237fdc5,20.49,25.19,8.59,1148.99,electronics,3,4752.34
5061fea4-1636-439c-8a3a-b21f2fa108bb,34.49,10.35,15.66,1423.21,electronics,1,5118.58
af6afaab-5ae0-4006-802b-ee03354f737e,42.42,34.88,22.37,1316.82,apparel,0,34408.8
105a75d5-50c1-464c-a794-bb0565ff81de,52.12,30.62,9.56,605.64,apparel,0,18491.06
3e1a875f-2bdb-4365-b62d-b5e32d9e4cb7,12.35,5.43,27.02,1001.29,fragile_liquid,1,1599.47
2f7580f5-6c01-42a7-aff6-a9a24ac749b9,35.04,23.5,12.19,1573.16,standard,1,8095.88
6ee64a69-f180-49c3-a522-096e42588e2d,36.89,25.35,11.0,393.23,apparel,0,9040.2
4085c02c-5c73-4490-b7ae-4b5631270b40,64.88,24.69,12.73,2948.69,standard,0,21426.45
aee62b20-6c9a-44e4-8c46-ca239655712e,20.57,17.48,3.44,228.61,electronics,1,1206.32
4981a884-a203-46d5-af17-6dd675e7003b,36.88,30.65,13.66,627.27,apparel,0,14038.32
503e6d58-6db4-4eaf-9a67-5092dfdb00b9,10.54,7.22,4.02,240.88,glass,3,328.7
f7a43ab4-cf1e-4581-b52e-9c79fe6af541,34.69,28.91,14.06,2244.05,standard,0,12702.54
dd691d36-d99e-444c-8ac5-0fcbd122f370,28.3,20.97,7.71,695.79,standard,1,4847.81
064904db-33fc-4d43-b66a-1761a70a95c6,4.71,9.07,19.9,442.21,fragile_liquid,2,932.55
215218b9-e24e-4b6d-ae1d-8bb6fbf14de7,23.56,21.12,1.0,209.85,electronics,1,504.53
fbbdda44-cc55-464a-99be-ee9efc1719c6,41.8,32.78,29.09,5970.21,standard,2,37481.7
1aa20b6d-c2ca-466d-abf1-7c844b776192,27.55,11.39,12.51,972.34,electronics,0,3788.59
c102bc01-8521-4809-a149-7a7437657abf,52.03,35.04,5.86,437.94,apparel,1,10826.89
56bc014b-f5ce-4014-98ab-b7a559ecb3c5,29.78,14.06,17.89,1957.96,electronics,1,7446.42
1f4ba908-a298-4a5f-95f9-292c7103ee6d,23.63,8.64,13.3,1524.22,fragile_liquid,3,3026.5
2f5de372-1396-4ab7-9e06-f018de68d5fe,22.41,19.95,1.53,119.68,standard,0,859.16
9b03e081-8245-473a-9d8b-7fa254505582,10.53,14.66,18.42,1605.36,fragile_liquid,2,2899.06
133013e7-76b8-4c06-adcd-fdeb872c3c5b,18.09,28.54,9.43,210.07,apparel,0,4655.2
33c9bfc8-bb43-49c9-8cdb-3c4a601c7ba6,30.67,20.98,8.53,1266.14,electronics,2,5871.37
bedf22c1-10d5-4c6b-8a21-047413d10e58,21.34,9.35,7.79,287.61,electronics,2,1356.93
7ffbdabd-2515-4a0a-9772-a5c38db3b213,13.46,11.29,21.98,1816.86,fragile_liquid,1,2761.12
dca38366-3eb9-4967-aa28-181c6feaf4c5,9.29,13.25,7.14,608.49,glass,1,641.45
cc15e282-8cd6-4d2e-a30c-b06e532dd9b2,11.86,11.97,9.13,866.57,glass,3,1436.66
f3756ec6-435c-4b00-a0e4-44d64a6ccec4,23.75,26.4,16.62,2790.72,electronics,1,9722.4
3a99f8d1-c116-4bbd-b8b9-0f9d46e9fb69,15.89,25.68,31.67,2001.16,standard,0,13981.32
